problem_id,name,rating,tags,statement,time_limit_ms,solved_count,tags_list,difficulty_band
1261B1,,1600,"datastructures,dp,greedy","This is the easier version of the problem. In this version $$1 \le n, m \le 100$. You can hack this problem only if you solve and lock both problems.

You are given a sequence of integers $a=[a_1,a_2,\dots,a_n]$ of length $n$. Its subsequence is obtained by removing zero or more elements from the sequence $a$ (they do not necessarily go consecutively). For example, for the sequence $a=[11,20,11,33,11,20,11]$:

Suppose that an additional non-negative integer $k$ ($1 \le k \le n$) is given, then the subsequence is called optimal if:

Recall that the sequence $b=[b_1, b_2, \dots, b_k]$ is lexicographically smaller than the sequence $c=[c_1, c_2, \dots, c_k]$ if the first element (from the left) in which they differ less in the sequence $b$ than in $c$. Formally: there exists $t$ ($1 \le t \le k$) such that $b_1=c_1$, $b_2=c_2$, ..., $b_{t-1}=c_{t-1}$ and at the same time $b_t<c_t$. For example:

You are given a sequence of $a=[a_1,a_2,\dots,a_n]$ and $m$ requests, each consisting of two numbers $k_j$ and $pos_j$ ($1 \le k \le n$, $1 \le pos_j \le k_j$). For each query, print the value that is in the index $pos_j$ of the optimal subsequence of the given sequence $a$ for $k=k_j$.

For example, if $n=4$, $a=[10,20,30,20]$, $k_j=2$, then the optimal subsequence is $[20,30]$ — it is the minimum lexicographically among all subsequences of length $2$ with the maximum total sum of items. Thus, the answer to the request $k_j=2$, $pos_j=1$ is the number $20$, and the answer to the request $k_j=2$, $pos_j=2$ is the number $30$.

The first line contains an integer $n$ ($1 \le n \le 100$) — the length of the sequence $a$.

The second line contains elements of the sequence $a$: integer numbers $a_1, a_2, \dots, a_n$ ($1 \le a_i \le 10^9$).

The third line contains an integer $m$ ($1 \le m \le 100$) — the number of requests.

The following $m$ lines contain pairs of integers $k_j$ and $pos_j$ ($1 \le k \le n$, $1 \le pos_j \le k_j$) — the requests.

Print $m$ integers $r_1, r_2, \dot",,,"['datastructures', 'dp', 'greedy']",1600-1999
94A,,900,"implementation,strings","Igor K. always used to trust his favorite Kashpirovsky Antivirus. That is why he didn't hesitate to download the link one of his groupmates sent him via QIP Infinium. The link was said to contain ""some real funny stuff about swine influenza"". The antivirus had no objections and Igor K. run the flash application he had downloaded. Immediately his QIP Infinium said: ""invalid login/password"".

Igor K. entered the ISQ from his additional account and looked at the info of his main one. His name and surname changed to ""H1N1"" and ""Infected"" correspondingly, and the ""Additional Information"" field contained a strange-looking binary code 80 characters in length, consisting of zeroes and ones. ""I've been hacked"" — thought Igor K. and run the Internet Exploiter browser to quickly type his favourite search engine's address.

Soon he learned that it really was a virus that changed ISQ users' passwords. Fortunately, he soon found out that the binary code was actually the encrypted password where each group of 10 characters stood for one decimal digit. Accordingly, the original password consisted of 8 decimal digits.

Help Igor K. restore his ISQ account by the encrypted password and encryption specification.

The input data contains 11 lines. The first line represents the binary code 80 characters in length. That is the code written in Igor K.'s ISQ account's info. Next 10 lines contain pairwise distinct binary codes 10 characters in length, corresponding to numbers 0, 1, ..., 9.

Print one line containing 8 characters — The password to Igor K.'s ISQ account. It is guaranteed that the solution exists.",,,"['implementation', 'strings']",800-1199
411B,,1600,implementation,"The research center Q has developed a new multi-core processor. The processor consists of n cores and has k cells of cache memory. Consider the work of this processor.

At each cycle each core of the processor gets one instruction: either do nothing, or the number of the memory cell (the core will write an information to the cell). After receiving the command, the core executes it immediately. Sometimes it happens that at one cycle, multiple cores try to write the information into a single cell. Unfortunately, the developers did not foresee the possibility of resolving conflicts between cores, so in this case there is a deadlock: all these cores and the corresponding memory cell are locked forever. Each of the locked cores ignores all further commands, and no core in the future will be able to record an information into the locked cell. If any of the cores tries to write an information into some locked cell, it is immediately locked.

The development team wants to explore the deadlock situation. Therefore, they need a program that will simulate the processor for a given set of instructions for each core within m cycles . You're lucky, this interesting work is entrusted to you. According to the instructions, during the m cycles define for each core the number of the cycle, during which it will become locked. It is believed that initially all cores and all memory cells are not locked.

The first line contains three integers n, m, k (1 ≤ n, m, k ≤ 100). Then follow n lines describing instructions. The i-th line contains m integers: xi1, xi2, ..., xim (0 ≤ xij ≤ k), where xij is the instruction that must be executed by the i-th core at the j-th cycle. If xij equals 0, then the corresponding instruction is «do nothing». But if xij is a number from 1 to k, then the corresponding instruction is «write information to the memory cell number xij».

We assume that the cores are numbered from 1 to n, the work cycles are numbered from 1 to m and the memory cells are numbered fro",,,['implementation'],1600-1999
1070F,,1500,greedy,"Elections in Berland are coming. There are only two candidates — Alice and Bob.

The main Berland TV channel plans to show political debates. There are $$n$ people who want to take part in the debate as a spectator. Each person is described by their influence and political views. There are four kinds of political views:

The direction of the TV channel wants to invite some of these people to the debate. The set of invited spectators should satisfy three conditions:

Help the TV channel direction to select such non-empty set of spectators, or tell that this is impossible.

The first line contains integer $n$ ($1 \le n \le 4\cdot10^5$) — the number of people who want to take part in the debate as a spectator.

These people are described on the next $n$ lines. Each line describes a single person and contains the string $s_i$ and integer $a_i$ separated by space ($1 \le a_i \le 5000$), where $s_i$ denotes person's political views (possible values — ""00"", ""10"", ""01"", ""11"") and $a_i$ — the influence of the $i$-th person.

Print a single integer — maximal possible total influence of a set of spectators so that at least half of them support Alice and at least half of them support Bob. If it is impossible print 0 instead.

In the first example $4$ spectators can be invited to maximize total influence: $1$, $2$, $3$ and $6$. Their political views are: ""11"", ""10"", ""01"" and ""00"". So in total $2$ out of $4$ spectators support Alice and $2$ out of $4$ spectators support Bob. The total influence is $6+4+3+9=22$.

In the second example the direction can select all the people except the $5$-th person.

In the third example the direction can select people with indices: $1$, $4$, $5$ and $6$$.

In the fourth example it is impossible to select any non-empty set of spectators.",,,['greedy'],1200-1599
893B,,1000,"bruteforce,implementation","Recently Luba learned about a special kind of numbers that she calls beautiful numbers. The number is called beautiful iff its binary representation consists of k + 1 consecutive ones, and then k consecutive zeroes.

Some examples of beautiful numbers: 

More formally, the number is beautiful iff there exists some positive integer k such that the number is equal to (2k - 1) * (2k - 1).

Luba has got an integer number n, and she wants to find its greatest beautiful divisor. Help her to find it!

The only line of input contains one number n (1 ≤ n ≤ 105) — the number Luba has got.

Output one number — the greatest beautiful divisor of Luba's number. It is obvious that the answer always exists.",,,"['bruteforce', 'implementation']",800-1199
1342C,,1600,"math,numbertheory","You are given two integers $$a$ and $b$, and $q$ queries. The $i$-th query consists of two numbers $l_i$ and $r_i$, and the answer to it is the number of integers $x$ such that $l_i \le x \le r_i$, and $((x \bmod a) \bmod b) \ne ((x \bmod b) \bmod a)$. Calculate the answer for each query.

Recall that $y \bmod z$ is the remainder of the division of $y$ by $z$. For example, $5 \bmod 3 = 2$, $7 \bmod 8 = 7$, $9 \bmod 4 = 1$, $9 \bmod 9 = 0$.

The first line contains one integer $t$ ($1 \le t \le 100$) — the number of test cases. Then the test cases follow.

The first line of each test case contains three integers $a$, $b$ and $q$ ($1 \le a, b \le 200$; $1 \le q \le 500$).

Then $q$ lines follow, each containing two integers $l_i$ and $r_i$ ($1 \le l_i \le r_i \le 10^{18}$) for the corresponding query.

For each test case, print $q$$ integers — the answers to the queries of this test case in the order they appear.",,,"['math', 'numbertheory']",1600-1999
715A,,1600,"constructivealgorithms,math","ZS the Coder is playing a game. There is a number displayed on the screen and there are two buttons, ' + ' (plus) and '' (square root). Initially, the number 2 is displayed on the screen. There are n + 1 levels in the game and ZS the Coder start at the level 1.

When ZS the Coder is at level k, he can :

Additionally, after each move, if ZS the Coder is at level k, and the number on the screen is m, then m must be a multiple of k. Note that this condition is only checked after performing the press. For example, if ZS the Coder is at level 4 and current number is 100, he presses the '' button and the number turns into 10. Note that at this moment, 10 is not divisible by 4, but this press is still valid, because after it, ZS the Coder is at level 5, and 10 is divisible by 5.

ZS the Coder needs your help in beating the game — he wants to reach level n + 1. In other words, he needs to press the '' button n times. Help him determine the number of times he should press the ' + ' button before pressing the '' button at each level. 

Please note that ZS the Coder wants to find just any sequence of presses allowing him to reach level n + 1, but not necessarily a sequence minimizing the number of presses.

The first and only line of the input contains a single integer n (1 ≤ n ≤ 100 000), denoting that ZS the Coder wants to reach level n + 1.

Print n non-negative integers, one per line. i-th of them should be equal to the number of times that ZS the Coder needs to press the ' + ' button before pressing the '' button at level i. 

Each number in the output should not exceed 1018. However, the number on the screen can be greater than 1018.

It is guaranteed that at least one solution exists. If there are multiple solutions, print any of them.

In the first sample case:

On the first level, ZS the Coder pressed the ' + ' button 14 times (and the number on screen is initially 2), so the number became 2 + 14·1 = 16. Then, ZS the Coder pressed the '' button, and the number became",,,"['constructivealgorithms', 'math']",1600-1999
618A,,800,implementation,"Your friend recently gave you some slimes for your birthday. You have n slimes all initially with value 1.

You are going to play a game with these slimes. Initially, you put a single slime by itself in a row. Then, you will add the other n - 1 slimes one by one. When you add a slime, you place it at the right of all already placed slimes. Then, while the last two slimes in the row have the same value v, you combine them together to create a slime with value v + 1.

You would like to see what the final state of the row is after you've added all n slimes. Please print the values of the slimes in the row from left to right.

The first line of the input will contain a single integer, n (1 ≤ n ≤ 100 000).

Output a single line with k integers, where k is the number of slimes in the row after you've finished the procedure described in the problem statement. The i-th of these numbers should be the value of the i-th slime from the left.

In the first sample, we only have a single slime with value 1. The final state of the board is just a single slime with value 1.

In the second sample, we perform the following steps:

Initially we place a single slime in a row by itself. Thus, row is initially 1.

Then, we will add another slime. The row is now 1 1. Since two rightmost slimes have the same values, we should replace these slimes with one with value 2. Thus, the final state of the board is 2.

In the third sample, after adding the first two slimes, our row is 2. After adding one more slime, the row becomes 2 1.

In the last sample, the steps look as follows:",,,['implementation'],800-1199
421A,,800,"constructivealgorithms,implementation","Pasha has two hamsters: Arthur and Alexander. Pasha put n apples in front of them. Pasha knows which apples Arthur likes. Similarly, Pasha knows which apples Alexander likes. Pasha doesn't want any conflict between the hamsters (as they may like the same apple), so he decided to distribute the apples between the hamsters on his own. He is going to give some apples to Arthur and some apples to Alexander. It doesn't matter how many apples each hamster gets but it is important that each hamster gets only the apples he likes. It is possible that somebody doesn't get any apples.

Help Pasha distribute all the apples between the hamsters. Note that Pasha wants to distribute all the apples, not just some of them.

The first line contains integers n, a, b (1 ≤ n ≤ 100; 1 ≤ a, b ≤ n) — the number of apples Pasha has, the number of apples Arthur likes and the number of apples Alexander likes, correspondingly.

The next line contains a distinct integers — the numbers of the apples Arthur likes. The next line contains b distinct integers — the numbers of the apples Alexander likes.

Assume that the apples are numbered from 1 to n. The input is such that the answer exists.

Print n characters, each of them equals either 1 or 2. If the i-h character equals 1, then the i-th apple should be given to Arthur, otherwise it should be given to Alexander. If there are multiple correct answers, you are allowed to print any of them.",,,"['constructivealgorithms', 'implementation']",800-1199
1101G,,2300,"math,matrices","You are given an array $$a_1, a_2, \dots, a_n$ of integer numbers.

Your task is to divide the array into the maximum number of segments in such a way that:

Print the maximum number of segments the array can be divided into. Print -1 if no suitable division exists.

The first line contains a single integer $n$ ($1 \le n \le 2 \cdot 10^5$) — the size of the array.

The second line contains $n$ integers $a_1, a_2, \dots, a_n$ ($0 \le a_i \le 10^9$).

Print the maximum number of segments the array can be divided into while following the given constraints. Print -1 if no suitable division exists.

In the first example $2$ is the maximum number. If you divide the array into $\{[5], [5, 7, 2]\}$, the XOR value of the subset of only the second segment is $5 \oplus 7 \oplus 2 = 0$. $\{[5, 5], [7, 2]\}$ has the value of the subset of only the first segment being $5 \oplus 5 = 0$. However, $\{[5, 5, 7], [2]\}$ will lead to subsets $\{[5, 5, 7]\}$ of XOR $7$, $\{[2]\}$ of XOR $2$ and $\{[5, 5, 7], [2]\}$ of XOR $5 \oplus 5 \oplus 7 \oplus 2 = 5$.

Let's take a look at some division on $3$ segments — $\{[5], [5, 7], [2]\}$. It will produce subsets:

As you can see, subset $\{[5, 7], [2]\}$ has its XOR equal to $0$, which is unacceptable. You can check that for other divisions of size $3$ or $4$, non-empty subset with $0$ XOR always exists.

The second example has no suitable divisions.

The third example array can be divided into $\{[3], [1], [10]\}$. No subset of these segments has its XOR equal to $0$$.",,,"['math', 'matrices']",2000-2399
629A,,800,"bruteforce,combinatorics,constructivealgorithms,implementation","Door's family is going celebrate Famil Doors's birthday party. They love Famil Door so they are planning to make his birthday cake weird!

The cake is a n × n square consisting of equal squares with side length 1. Each square is either empty or consists of a single chocolate. They bought the cake and randomly started to put the chocolates on the cake. The value of Famil Door's happiness will be equal to the number of pairs of cells with chocolates that are in the same row or in the same column of the cake. Famil Doors's family is wondering what is the amount of happiness of Famil going to be?

Please, note that any pair can be counted no more than once, as two different cells can't share both the same row and the same column.

In the first line of the input, you are given a single integer n (1 ≤ n ≤ 100) — the length of the side of the cake.

Then follow n lines, each containing n characters. Empty cells are denoted with '.', while cells that contain chocolates are denoted by 'C'.

Print the value of Famil Door's happiness, i.e. the number of pairs of chocolate pieces that share the same row or the same column.

If we number rows from top to bottom and columns from left to right, then, pieces that share the same row in the first sample are:",,,"['bruteforce', 'combinatorics', 'constructivealgorithms', 'implementation']",800-1199
302B,,1200,"binarysearch,implementation,twopointers","Eugeny loves listening to music. He has n songs in his play list. We know that song number i has the duration of ti minutes. Eugeny listens to each song, perhaps more than once. He listens to song number i ci times. Eugeny's play list is organized as follows: first song number 1 plays c1 times, then song number 2 plays c2 times, ..., in the end the song number n plays cn times.

Eugeny took a piece of paper and wrote out m moments of time when he liked a song. Now for each such moment he wants to know the number of the song that played at that moment. The moment x means that Eugeny wants to know which song was playing during the x-th minute of his listening to the play list.

Help Eugeny and calculate the required numbers of songs.

The first line contains two integers n, m (1 ≤ n, m ≤ 105). The next n lines contain pairs of integers. The i-th line contains integers ci, ti (1 ≤ ci, ti ≤ 109) — the description of the play list. It is guaranteed that the play list's total duration doesn't exceed 109 .

The next line contains m positive integers v1, v2, ..., vm, that describe the moments Eugeny has written out. It is guaranteed that there isn't such moment of time vi, when the music doesn't play any longer. It is guaranteed that vi < vi + 1 (i < m).

The moment of time vi means that Eugeny wants to know which song was playing during the vi-th munite from the start of listening to the playlist.

Print m integers — the i-th number must equal the number of the song that was playing during the vi-th minute after Eugeny started listening to the play list.",,,"['binarysearch', 'implementation', 'twopointers']",1200-1599
1034B,,2200,"bruteforce,constructivealgorithms,flows,graphmatchings","Little C loves number «3» very much. He loves all things about it.

Now he is playing a game on a chessboard of size $$n \times m$. The cell in the $x$-th row and in the $y$-th column is called $(x,y)$. Initially, The chessboard is empty. Each time, he places two chessmen on two different empty cells, the Manhattan distance between which is exactly $3$. The Manhattan distance between two cells $(x_i,y_i)$ and $(x_j,y_j)$ is defined as $|x_i-x_j|+|y_i-y_j|$.

He want to place as many chessmen as possible on the chessboard. Please help him find the maximum number of chessmen he can place.

A single line contains two integers $n$ and $m$ ($1 \leq n,m \leq 10^9$) — the number of rows and the number of columns of the chessboard.

Print one integer — the maximum number of chessmen Little C can place.

In the first example, the Manhattan distance between any two cells is smaller than $3$, so the answer is $0$.

In the second example, a possible solution is $(1,1)(3,2)$, $(1,2)(3,3)$, $(2,1)(1,3)$, $(3,1)(2,3)$$.",,,"['bruteforce', 'constructivealgorithms', 'flows', 'graphmatchings']",2000-2399
776A,,900,"bruteforce,implementation,strings","Our beloved detective, Sherlock is currently trying to catch a serial killer who kills a person each day. Using his powers of deduction, he came to know that the killer has a strategy for selecting his next victim.

The killer starts with two potential victims on his first day, selects one of these two, kills selected victim and replaces him with a new person. He repeats this procedure each day. This way, each day he has two potential victims to choose from. Sherlock knows the initial two potential victims. Also, he knows the murder that happened on a particular day and the new person who replaced this victim.

You need to help him get all the pairs of potential victims at each day so that Sherlock can observe some pattern.

First line of input contains two names (length of each of them doesn't exceed 10), the two initials potential victims. Next line contains integer n (1 ≤ n ≤ 1000), the number of days.

Next n lines contains two names (length of each of them doesn't exceed 10), first being the person murdered on this day and the second being the one who replaced that person.

The input format is consistent, that is, a person murdered is guaranteed to be from the two potential victims at that time. Also, all the names are guaranteed to be distinct and consists of lowercase English letters.

Output n + 1 lines, the i-th line should contain the two persons from which the killer selects for the i-th murder. The (n + 1)-th line should contain the two persons from which the next victim is selected. In each line, the two names can be printed in any order.

In first example, the killer starts with ross and rachel.",,,"['bruteforce', 'implementation', 'strings']",800-1199
965D,,1900,"binarysearch,flows,greedy,twopointers","A lot of frogs want to cross a river. A river is $$w$ units width, but frogs can only jump $l$ units long, where $l < w$. Frogs can also jump on lengths shorter than $l$. but can't jump longer. Hopefully, there are some stones in the river to help them.

The stones are located at integer distances from the banks. There are $a_i$ stones at the distance of $i$ units from the bank the frogs are currently at. Each stone can only be used once by one frog, after that it drowns in the water.

What is the maximum number of frogs that can cross the river, given that then can only jump on the stones?

The first line contains two integers $w$ and $l$ ($1 \le l < w \le 10^5$) — the width of the river and the maximum length of a frog's jump.

The second line contains $w - 1$ integers $a_1, a_2, \ldots, a_{w-1}$ ($0 \le a_i \le 10^4$), where $a_i$ is the number of stones at the distance $i$ from the bank the frogs are currently at.

Print a single integer — the maximum number of frogs that can cross the river.

In the first sample two frogs can use the different stones at the distance $5$, and one frog can use the stones at the distances $3$ and then $8$.

In the second sample although there are two stones at the distance $5$, that does not help. The three paths are: $0 \to 3 \to 6 \to 9 \to 10$, $0 \to 2 \to 5 \to 8 \to 10$, $0 \to 1 \to 4 \to 7 \to 10$$.",,,"['binarysearch', 'flows', 'greedy', 'twopointers']",1600-1999
154B,,1600,"math,numbertheory","By 2312 there were n Large Hadron Colliders in the inhabited part of the universe. Each of them corresponded to a single natural number from 1 to n. However, scientists did not know what activating several colliders simultaneously could cause, so the colliders were deactivated.

In 2312 there was a startling discovery: a collider's activity is safe if and only if all numbers of activated colliders are pairwise relatively prime to each other (two numbers are relatively prime if their greatest common divisor equals 1)! If two colliders with relatively nonprime numbers are activated, it will cause a global collapse.

Upon learning this, physicists rushed to turn the colliders on and off and carry out all sorts of experiments. To make sure than the scientists' quickness doesn't end with big trouble, the Large Hadron Colliders' Large Remote Control was created. You are commissioned to write the software for the remote (well, you do not expect anybody to operate it manually, do you?).

Initially, all colliders are deactivated. Your program receives multiple requests of the form ""activate/deactivate the i-th collider"". The program should handle requests in the order of receiving them. The program should print the processed results in the format described below.

To the request of ""+ i"" (that is, to activate the i-th collider), the program should print exactly one of the following responses: 

The request of ""- i"" (that is, to deactivate the i-th collider), should receive one of the following responses from the program: 

You don't need to print quotes in the output of the responses to the requests.

The first line contains two space-separated integers n and m (1 ≤ n, m ≤ 105) — the number of colliders and the number of requests, correspondingly.

Next m lines contain numbers of requests, one per line, in the form of either ""+ i"" (without the quotes) — activate the i-th collider, or ""- i"" (without the quotes) — deactivate the i-th collider (1 ≤ i ≤ n).

Print m lines — the ",,,"['math', 'numbertheory']",1600-1999
823E,,2800,"combinatorics,dp,graphs","It is known that passages in Singer house are complex and intertwined. Let's define a Singer k-house as a graph built by the following process: take complete binary tree of height k and add edges from each vertex to all its successors, if they are not yet present.

Count the number of non-empty paths in Singer k-house which do not pass the same vertex twice. Two paths are distinct if the sets or the orders of visited vertices are different. Since the answer can be large, output it modulo 109 + 7.

The only line contains single integer k (1 ≤ k ≤ 400).

Print single integer — the answer for the task modulo 109 + 7.

There are 9 paths in the first example (the vertices are numbered on the picture below): 1, 2, 3, 1-2, 2-1, 1-3, 3-1, 2-1-3, 3-1-2.",,,"['combinatorics', 'dp', 'graphs']",2800-9999
369A,,900,"greedy,implementation","Valera is a lazy student. He has m clean bowls and k clean plates. 

Valera has made an eating plan for the next n days. As Valera is lazy, he will eat exactly one dish per day. At that, in order to eat a dish, he needs exactly one clean plate or bowl. We know that Valera can cook only two types of dishes. He can eat dishes of the first type from bowls and dishes of the second type from either bowls or plates. 

When Valera finishes eating, he leaves a dirty plate/bowl behind. His life philosophy doesn't let him eat from dirty kitchenware. So sometimes he needs to wash his plate/bowl before eating. Find the minimum number of times Valera will need to wash a plate/bowl, if he acts optimally.

The first line of the input contains three integers n, m, k (1 ≤ n, m, k ≤ 1000) — the number of the planned days, the number of clean bowls and the number of clean plates.

The second line contains n integers a1, a2, ..., an (1 ≤ ai ≤ 2). If ai equals one, then on day i Valera will eat a first type dish. If ai equals two, then on day i Valera will eat a second type dish. 

Print a single integer — the minimum number of times Valera will need to wash a plate/bowl.

In the first sample Valera will wash a bowl only on the third day, so the answer is one.

In the second sample, Valera will have the first type of the dish during all four days, and since there are only three bowls, he will wash a bowl exactly once.

In the third sample, Valera will have the second type of dish for all three days, and as they can be eaten from either a plate or a bowl, he will never need to wash a plate/bowl.",,,"['greedy', 'implementation']",800-1199
1313B,,1700,"constructivealgorithms,greedy,implementation,math","Nikolay has only recently started in competitive programming, but already qualified to the finals of one prestigious olympiad. There going to be $$n$ participants, one of whom is Nikolay. Like any good olympiad, it consists of two rounds. Tired of the traditional rules, in which the participant who solved the largest number of problems wins, the organizers came up with different rules.

Suppose in the first round participant A took $x$-th place and in the second round — $y$-th place. Then the total score of the participant A is sum $x + y$. The overall place of the participant A is the number of participants (including A) having their total score less than or equal to the total score of A. Note, that some participants may end up having a common overall place. It is also important to note, that in both the first and the second round there were no two participants tying at a common place. In other words, for every $i$ from $1$ to $n$ exactly one participant took $i$-th place in first round and exactly one participant took $i$-th place in second round.

Right after the end of the Olympiad, Nikolay was informed that he got $x$-th place in first round and $y$-th place in the second round. Nikolay doesn't know the results of other participants, yet he wonders what is the minimum and maximum place he can take, if we consider the most favorable and unfavorable outcome for him. Please help Nikolay to find the answer to this question.

The first line contains an integer $t$ ($1 \le t \le 100$) — the number of test cases to solve.

Each of the following $t$ lines contains integers $n$, $x$, $y$ ($1 \leq n \leq 10^9$, $1 \le x, y \le n$$) — the number of participants in the olympiad, the place that Nikolay took in the first round and the place that Nikolay took in the second round.

Print two integers — the minimum and maximum possible overall place Nikolay could take.

Explanation for the first example:

Suppose there were 5 participants A-E. Let's denote Nikolay as A. The the",,,"['constructivealgorithms', 'greedy', 'implementation', 'math']",1600-1999
181E,,2000,games,"Two players play a game. The game is played on a rectangular board with n × m squares. At the beginning of the game two different squares of the board have two chips. The first player's goal is to shift the chips to the same square. The second player aims to stop the first one with a tube of superglue.

We'll describe the rules of the game in more detail.

The players move in turns. The first player begins.

With every move the first player chooses one of his unglued chips, and shifts it one square to the left, to the right, up or down. It is not allowed to move a chip beyond the board edge. At the beginning of a turn some squares of the board may be covered with a glue. The first player can move the chip to such square, in this case the chip gets tightly glued and cannot move any longer.

At each move the second player selects one of the free squares (which do not contain a chip or a glue) and covers it with superglue. The glue dries long and squares covered with it remain sticky up to the end of the game.

If, after some move of the first player both chips are in the same square, then the first player wins. If the first player cannot make a move (both of his chips are glued), then the second player wins. Note that the situation where the second player cannot make a move is impossible — he can always spread the glue on the square from which the first player has just moved the chip.

We will further clarify the case where both chips are glued and are in the same square. In this case the first player wins as the game ends as soon as both chips are in the same square, and the condition of the loss (the inability to move) does not arise.

You know the board sizes and the positions of the two chips on it. At the beginning of the game all board squares are glue-free. Find out who wins if the players play optimally.

The first line contains six integers n, m, x1, y1, x2, y2 — the board sizes and the coordinates of the first and second chips, correspondingly (1 ≤ n, m ≤ 10",,,['games'],2000-2399
938G,,2900,"bitmasks,datastructures,dsu,graphs","You are given an undirected connected graph with weighted edges. The length of some path between two vertices is the bitwise xor of weights of all edges belonging to this path (if some edge is traversed more than once, then it is included in bitwise xor the same number of times). 

There are three types of queries you have to process:

Print the answers for all queries of type 3.

The first line contains two numbers n and m (1 ≤ n, m ≤ 200000) — the number of vertices and the number of edges in the graph, respectively.

Then m lines follow denoting the edges of the graph. Each line contains three integers x, y and d (1 ≤ x < y ≤ n, 0 ≤ d ≤ 230 - 1). Each pair (x, y) is listed at most once. The initial graph is connected.

Then one line follows, containing an integer q (1 ≤ q ≤ 200000) — the number of queries you have to process.

Then q lines follow, denoting queries in the following form:

It is guaranteed that at least one query has type 3.

Print the answers for all queries of type 3 in the order they appear in input.",,,"['bitmasks', 'datastructures', 'dsu', 'graphs']",2800-9999
457E,,3000,"constructivealgorithms,flows,math","There is a computer network consisting of n nodes numbered 1 through n. There are links in the network that connect pairs of nodes. A pair of nodes may have multiple links between them, but no node has a link to itself.

Each link supports unlimited bandwidth (in either direction), however a link may only transmit in a single direction at any given time. The cost of sending data across a link is proportional to the square of the bandwidth. Specifically, each link has a positive weight, and the cost of sending data across the link is the weight times the square of the bandwidth.

The network is connected (there is a series of links from any node to any other node), and furthermore designed to remain connected in the event of any single node failure.

You needed to send data from node 1 to node n at a bandwidth of some positive number k. That is, you wish to assign a bandwidth to each link so that the bandwidth into a node minus the bandwidth out of a node is  - k for node 1, k for node n, and 0 for all other nodes. The individual bandwidths do not need to be integers.

Wishing to minimize the total cost, you drew a diagram of the network, then gave the task to an intern to solve. The intern claimed to have solved the task and written the optimal bandwidths on your diagram, but then spilled coffee on it, rendering much of it unreadable (including parts of the original diagram, and the value of k).

From the information available, determine if the intern's solution may have been optimal. That is, determine if there exists a valid network, total bandwidth, and optimal solution which is a superset of the given information. Furthermore, determine the efficiency of the intern's solution (if possible), where efficiency is defined as total cost divided by total bandwidth.

Input will begin with two integers n and m (2 ≤ n ≤ 200000; 0 ≤ m ≤ 200000), the number of nodes and number of known links in the network, respectively. Following this are m lines with four integers each: ",,,"['constructivealgorithms', 'flows', 'math']",2800-9999
535D,,1900,"greedy,hashing,stringsuffixstructures,strings","Tavas is a strange creature. Usually ""zzz"" comes out of people's mouth while sleeping, but string s of length n comes out from Tavas' mouth instead.

Today Tavas fell asleep in Malekas' place. While he was sleeping, Malekas did a little process on s. Malekas has a favorite string p. He determined all positions x1 < x2 < ... < xk where p matches s. More formally, for each xi (1 ≤ i ≤ k) he condition sxisxi + 1... sxi + |p| - 1 = p is fullfilled.

Then Malekas wrote down one of subsequences of x1, x2, ... xk (possibly, he didn't write anything) on a piece of paper. Here a sequence b is a subsequence of sequence a if and only if we can turn a into b by removing some of its elements (maybe no one of them or all).

After Tavas woke up, Malekas told him everything. He couldn't remember string s, but he knew that both p and s only contains lowercase English letters and also he had the subsequence he had written on that piece of paper.

Tavas wonders, what is the number of possible values of s? He asked SaDDas, but he wasn't smart enough to solve this. So, Tavas asked you to calculate this number for him.

Answer can be very large, so Tavas wants you to print the answer modulo 109 + 7.

The first line contains two integers n and m, the length of s and the length of the subsequence Malekas wrote down (1 ≤ n ≤ 106 and 0 ≤ m ≤ n - |p| + 1).

The second line contains string p (1 ≤ |p| ≤ n).

The next line contains m space separated integers y1, y2, ..., ym, Malekas' subsequence (1 ≤ y1 < y2 < ... < ym ≤ n - |p| + 1).

In a single line print the answer modulo 1000 000 007.

In the first sample test all strings of form ""ioioi?"" where the question mark replaces arbitrary English letter satisfy.

Here |x| denotes the length of string x.

Please note that it's possible that there is no such string (answer is 0).",,,"['greedy', 'hashing', 'stringsuffixstructures', 'strings']",1600-1999
207B1,,1600,,"The Smart Beaver from ABBYY started cooperating with the Ministry of Defence. Now they train soldiers to move armoured columns. The training involves testing a new type of tanks that can transmit information. To test the new type of tanks, the training has a special exercise, its essence is as follows.

Initially, the column consists of n tanks sequentially numbered from 1 to n in the order of position in the column from its beginning to its end. During the whole exercise, exactly n messages must be transferred from the beginning of the column to its end.

Transferring one message is as follows. The tank that goes first in the column transmits the message to some tank in the column. The tank which received the message sends it further down the column. The process is continued until the last tank receives the message. It is possible that not all tanks in the column will receive the message — it is important that the last tank in the column should receive the message.

After the last tank (tank number n) receives the message, it moves to the beginning of the column and sends another message to the end of the column in the same manner. When the message reaches the last tank (tank number n - 1), that tank moves to the beginning of the column and sends the next message to the end of the column, and so on. Thus, the exercise is completed when the tanks in the column return to their original order, that is, immediately after tank number 1 moves to the beginning of the column.

If the tanks were initially placed in the column in the order 1, 2, ..., n, then after the first message their order changes to n, 1, ..., n - 1, after the second message it changes to n - 1, n, 1, ..., n - 2, and so on.

The tanks are constructed in a very peculiar way. The tank with number i is characterized by one integer ai, which is called the message receiving radius of this tank.

Transferring a message between two tanks takes one second, however, not always one tank can transmit a message to ",,,[],1600-1999
647A,,800,,"Родители Васи хотят, чтобы он как можно лучше учился. Поэтому если он получает подряд три положительные оценки («четвёрки» или «пятёрки»), они дарят ему подарок. Соответственно, оценки «единица», «двойка» и «тройка» родители Васи считают плохими. Когда Вася получает подряд три хорошие оценки, ему сразу вручают подарок, но для того, чтобы получить ещё один подарок, ему вновь надо получить подряд ещё три хорошие оценки.

Например, если Вася получит подряд пять «четвёрок» оценок, а потом «двойку», то ему дадут только один подарок, а вот если бы «четвёрок» было уже шесть, то подарков было бы два. 

За месяц Вася получил n оценок. Вам предстоит посчитать количество подарков, которые получил Вася. Оценки будут даны именно в том порядке, в котором Вася их получал. 

В первой строке входных данных следует целое положительное число n (3 ≤ n ≤ 1000) — количество оценок, полученных Васей.

Во второй строке входных данных следует последовательность из n чисел a1, a2, ..., an (1 ≤ ai ≤ 5) — оценки, полученные Васей. Оценки заданы в том порядке, в котором Вася их получил. 

Выведите одно целое число — количество подарков, полученных Васей.

В первом примере Вася получит два подарка — за первые три положительные оценки и за следующую тройку положительных оценок соответственно.",,,[],800-1199
1163E,,2400,"bitmasks,bruteforce,constructivealgorithms,datastructures,graphs,math","Kuro has just learned about permutations and he is really excited to create a new permutation type. He has chosen $$n$ distinct positive integers and put all of them in a set $S$. Now he defines a magical permutation to be:

Since Kuro is really excited about magical permutations, he wants to create the longest magical permutation possible. In other words, he wants to find the largest non-negative integer $x$ such that there is a magical permutation of integers from $0$ to $2^x - 1$. Since he is a newbie in the subject, he wants you to help him find this value of $x$ and also the magical permutation for that $x$.

The first line contains the integer $n$ ($1 \leq n \leq 2 \cdot 10^5$) — the number of elements in the set $S$.

The next line contains $n$ distinct integers $S_1, S_2, \ldots, S_n$ ($1 \leq S_i \leq 2 \cdot 10^5$) — the elements in the set $S$.

In the first line print the largest non-negative integer $x$, such that there is a magical permutation of integers from $0$ to $2^x - 1$.

Then print $2^x$ integers describing a magical permutation of integers from $0$ to $2^x - 1$. If there are multiple such magical permutations, print any of them.

In the first example, $0, 1, 3, 2$ is a magical permutation since:

Where $\oplus$$ denotes bitwise xor operation.",,,"['bitmasks', 'bruteforce', 'constructivealgorithms', 'datastructures', 'graphs', 'math']",2400-2799
1470F,,3500,divideandconquer,"You are given $$n$ points on a plane. 

Please find the minimum sum of areas of two axis-aligned rectangles, such that each point is contained in at least one of these rectangles.

Note that the chosen rectangles can be degenerate. Rectangle contains all the points that lie inside it or on its boundary.

The first line contains one integer $t$ ($1 \le t \le 2 \cdot 10^5$)  — the number of test cases.

The first line of each test case contains a single integer $n$ ($1 \le n \le 2 \cdot 10^5$) — the number of points.

The following $n$ lines contain the coordinates of the points $x_i$ and $y_i$ ($0 \le x_i, y_i \le 10^9$). It is guaranteed that the points are distinct.

It is guaranteed that the sum of values $n$ over all test cases does not exceed $2\cdot10^5$.

For each test case print one integer — the minimum sum of areas.

In the first two test cases the answer consists of 2 degenerate rectangles. In the third test case one of the possible answers consists of two rectangles $1 \times 1$ with bottom left corners $(0,0)$ and $(9,9)$$.",,,['divideandconquer'],2800-9999
659B,,1300,"constructivealgorithms,sortings","Very soon Berland will hold a School Team Programming Olympiad. From each of the m Berland regions a team of two people is invited to participate in the olympiad. The qualifying contest to form teams was held and it was attended by n Berland students. There were at least two schoolboys participating from each of the m regions of Berland. The result of each of the participants of the qualifying competition is an integer score from 0 to 800 inclusive.

The team of each region is formed from two such members of the qualifying competition of the region, that none of them can be replaced by a schoolboy of the same region, not included in the team and who received a greater number of points. There may be a situation where a team of some region can not be formed uniquely, that is, there is more than one school team that meets the properties described above. In this case, the region needs to undertake an additional contest. The two teams in the region are considered to be different if there is at least one schoolboy who is included in one team and is not included in the other team. It is guaranteed that for each region at least two its representatives participated in the qualifying contest.

Your task is, given the results of the qualifying competition, to identify the team from each region, or to announce that in this region its formation requires additional contests.

The first line of the input contains two integers n and m (2 ≤ n ≤ 100 000, 1 ≤ m ≤ 10 000, n ≥ 2m) — the number of participants of the qualifying contest and the number of regions in Berland.

Next n lines contain the description of the participants of the qualifying contest in the following format: Surname (a string of length from 1 to 10 characters and consisting of large and small English letters), region number (integer from 1 to m) and the number of points scored by the participant (integer from 0 to 800, inclusive).

It is guaranteed that all surnames of all the participants are distinct and at least ",,,"['constructivealgorithms', 'sortings']",1200-1599
1307A,,800,"greedy,implementation","The USA Construction Operation (USACO) recently ordered Farmer John to arrange a row of $$n$ haybale piles on the farm. The $i$-th pile contains $a_i$ haybales. 

However, Farmer John has just left for vacation, leaving Bessie all on her own. Every day, Bessie the naughty cow can choose to move one haybale in any pile to an adjacent pile. Formally, in one day she can choose any two indices $i$ and $j$ ($1 \le i, j \le n$) such that $|i-j|=1$ and $a_i>0$ and apply $a_i = a_i - 1$, $a_j = a_j + 1$. She may also decide to not do anything on some days because she is lazy.

Bessie wants to maximize the number of haybales in pile $1$ (i.e. to maximize $a_1$), and she only has $d$ days to do so before Farmer John returns. Help her find the maximum number of haybales that may be in pile $1$ if she acts optimally!

The input consists of multiple test cases. The first line contains an integer $t$ ($1 \le t \le 100$)  — the number of test cases. Next $2t$ lines contain a description of test cases  — two lines per test case.

The first line of each test case contains integers $n$ and $d$ ($1 \le n,d \le 100$) — the number of haybale piles and the number of days, respectively. 

The second line of each test case contains $n$ integers $a_1, a_2, \ldots, a_n$ ($0 \le a_i \le 100$)  — the number of haybales in each pile.

For each test case, output one integer: the maximum number of haybales that may be in pile $1$ after $d$ days if Bessie acts optimally.

In the first test case of the sample, this is one possible way Bessie can end up with $3$ haybales in pile $1$: 

In the second test case of the sample, Bessie can do nothing on the first day and move a haybale from pile $2$ to pile $1$$ on the second day.",,,"['greedy', 'implementation']",800-1199
657A,,1600,"constructivealgorithms,graphs,trees","A tree is a connected undirected graph consisting of n vertices and n  -  1 edges. Vertices are numbered 1 through n.

Limak is a little polar bear and Radewoosh is his evil enemy. Limak once had a tree but Radewoosh stolen it. Bear is very sad now because he doesn't remember much about the tree — he can tell you only three values n, d and h:

The distance between two vertices of the tree is the number of edges on the simple path between them.

Help Limak to restore his tree. Check whether there exists a tree satisfying the given conditions. Find any such tree and print its edges in any order. It's also possible that Limak made a mistake and there is no suitable tree – in this case print ""-1"".

The first line contains three integers n, d and h (2 ≤ n ≤ 100 000, 1 ≤ h ≤ d ≤ n - 1) — the number of vertices, diameter, and height after rooting in vertex 1, respectively.

If there is no tree matching what Limak remembers, print the only line with ""-1"" (without the quotes).

Otherwise, describe any tree matching Limak's description. Print n - 1 lines, each with two space-separated integers – indices of vertices connected by an edge. If there are many valid trees, print any of them. You can print edges in any order.

Below you can see trees printed to the output in the first sample and the third sample.",,,"['constructivealgorithms', 'graphs', 'trees']",1600-1999
1086D,,2500,"datastructures,greedy","$$n$ players are going to play a rock-paper-scissors tournament. As you probably know, in a one-on-one match of rock-paper-scissors, two players choose their shapes independently. The outcome is then determined depending on the chosen shapes: ""paper"" beats ""rock"", ""rock"" beats ""scissors"", ""scissors"" beat ""paper"", and two equal shapes result in a draw.

At the start of the tournament all players will stand in a row, with their numbers increasing from $1$ for the leftmost player, to $n$ for the rightmost player. Each player has a pre-chosen shape that they will use in every game throughout the tournament. Here's how the tournament is conducted:

The organizers are informed about all players' favoured shapes. They wish to find out the total number of players who have a chance of becoming the tournament champion (that is, there is a suitable way to choose the order of the games and manipulate the coin tosses). However, some players are still optimizing their strategy, and can inform the organizers about their new shapes. Can you find the number of possible champions after each such request?

The first line contains two integers $n$ and $q$ — the number of players and requests respectively ($1 \leq n \leq 2 \cdot 10^5$, $0 \leq q \leq 2 \cdot 10^5$).

The second line contains a string of $n$ characters. The $i$-th of these characters is ""R"", ""P"", or ""S"" if the player $i$ was going to play ""rock"", ""paper"", or ""scissors"" before all requests respectively.

The following $q$ lines describe the requests. The $j$-th of these lines contain an integer $p_j$ and a character $c_j$ meaning that the player $p_j$ is going to use the shape described by the character $c_j$ from this moment ($1 \leq p_j \leq n$).

Print $q + 1$ integers $r_0, \ldots, r_q$, where $r_k$ is the number of possible champions after processing $k$$ requests.",,,"['datastructures', 'greedy']",2400-2799
1156B,,1800,"dfsandsimilar,greedy,implementation,sortings,strings","You are given a string, consisting of lowercase Latin letters.

A pair of neighbouring letters in a string is considered ugly if these letters are also neighbouring in a alphabet. For example, string ""abaca"" contains ugly pairs at positions $$(1, 2)$ — ""ab"" and $(2, 3)$ — ""ba"". Letters 'a' and 'z' aren't considered neighbouring in a alphabet.

Can you rearrange the letters of a given string so that there are no ugly pairs? You can choose any order of the letters of the given string but you can't add any new letters or remove the existing ones. You can also leave the order the same.

If there are multiple answers, print any of them.

You also have to answer $T$ separate queries.

The first line contains a single integer $T$ ($1 \le T \le 100$) — the number of queries.

Each of the next $T$ lines contains string $s$ $(1 \le |s| \le 100)$ — the string for the next query. It is guaranteed that it contains only lowercase Latin letters.

Note that in hacks you have to set $T = 1$.

Print $T$ lines. The $i$-th line should contain the answer to the $i$-th query.

If the answer for the $i$$-th query exists, then print such a rearrangment of letters of the given string that it contains no ugly pairs. You can choose any order of the letters of the given string but you can't add any new letters or remove the existing ones. You can also leave the order the same.

If there are multiple answers, print any of them.

Otherwise print ""No answer"" for that query.

In the first example answer ""bdac"" is also correct.

The second example showcases the fact that only neighbouring in alphabet letters are not allowed. The same letter is ok.

There are lots of valid answers for the third example.",,,"['dfsandsimilar', 'greedy', 'implementation', 'sortings', 'strings']",1600-1999
541C,,2000,,"Some time ago Leonid have known about idempotent functions. Idempotent function defined on a set {1, 2, ..., n} is such function , that for any the formula g(g(x)) = g(x) holds.

Let's denote as f(k)(x) the function f applied k times to the value x. More formally, f(1)(x) = f(x), f(k)(x) = f(f(k - 1)(x)) for each k > 1.

You are given some function . Your task is to find minimum positive integer k such that function f(k)(x) is idempotent.

In the first line of the input there is a single integer n (1 ≤ n ≤ 200) — the size of function f domain.

In the second line follow f(1), f(2), ..., f(n) (1 ≤ f(i) ≤ n for each 1 ≤ i ≤ n), the values of a function.

Output minimum k such that function f(k)(x) is idempotent.

In the first sample test function f(x) = f(1)(x) is already idempotent since f(f(1)) = f(1) = 1, f(f(2)) = f(2) = 2, f(f(3)) = f(3) = 2, f(f(4)) = f(4) = 4.

In the second sample test: 

In the third sample test:",,,[],2000-2399
272B,,1400,"implementation,math","Dima got into number sequences. Now he's got sequence a1, a2, ..., an, consisting of n positive integers. Also, Dima has got a function f(x), which can be defined with the following recurrence:

Dima wonders, how many pairs of indexes (i, j) (1 ≤ i < j ≤ n) are there, such that f(ai) = f(aj). Help him, count the number of such pairs. 

The first line contains integer n (1 ≤ n ≤ 105). The second line contains n positive integers a1, a2, ..., an (1 ≤ ai ≤ 109).

The numbers in the lines are separated by single spaces.

In a single line print the answer to the problem.

Please, don't use the %lld specifier to read or write 64-bit integers in C++. It is preferred to use the cin, cout streams or the %I64d specifier.

In the first sample any pair (i, j) will do, so the answer is 3.

In the second sample only pair (1, 2) will do.",,,"['implementation', 'math']",1200-1599
266B,,800,"constructivealgorithms,graphmatchings,implementation,shortestpaths","During the break the schoolchildren, boys and girls, formed a queue of n people in the canteen. Initially the children stood in the order they entered the canteen. However, after a while the boys started feeling awkward for standing in front of the girls in the queue and they started letting the girls move forward each second. 

Let's describe the process more precisely. Let's say that the positions in the queue are sequentially numbered by integers from 1 to n, at that the person in the position number 1 is served first. Then, if at time x a boy stands on the i-th position and a girl stands on the (i + 1)-th position, then at time x + 1 the i-th position will have a girl and the (i + 1)-th position will have a boy. The time is given in seconds.

You've got the initial position of the children, at the initial moment of time. Determine the way the queue is going to look after t seconds.

The first line contains two integers n and t (1 ≤ n, t ≤ 50), which represent the number of children in the queue and the time after which the queue will transform into the arrangement you need to find. 

The next line contains string s, which represents the schoolchildren's initial arrangement. If the i-th position in the queue contains a boy, then the i-th character of string s equals ""B"", otherwise the i-th character equals ""G"".

Print string a, which describes the arrangement after t seconds. If the i-th position has a boy after the needed time, then the i-th character a must equal ""B"", otherwise it must equal ""G"".",,,"['constructivealgorithms', 'graphmatchings', 'implementation', 'shortestpaths']",800-1199
185B,,1800,"math,ternarysearch","As you very well know, the whole Universe traditionally uses three-dimensional Cartesian system of coordinates. In this system each point corresponds to three real coordinates (x, y, z). In this coordinate system, the distance between the center of the Universe and the point is calculated by the following formula: . Mushroom scientists that work for the Great Mushroom King think that the Universe isn't exactly right and the distance from the center of the Universe to a point equals xa·yb·zc.

To test the metric of mushroom scientists, the usual scientists offered them a task: find such x, y, z (0 ≤ x, y, z; x + y + z ≤ S), that the distance between the center of the Universe and the point (x, y, z) is maximum possible in the metric of mushroom scientists. The mushroom scientists aren't good at maths, so they commissioned you to do the task.

Note that in this problem, it is considered that 00 = 1.

The first line contains a single integer S (1 ≤ S ≤ 103) — the maximum sum of coordinates of the sought point.

The second line contains three space-separated integers a, b, c (0 ≤ a, b, c ≤ 103) — the numbers that describe the metric of mushroom scientists.

Print three real numbers — the coordinates of the point that reaches maximum value in the metrics of mushroom scientists. If there are multiple answers, print any of them that meets the limitations.

A natural logarithm of distance from the center of the Universe to the given point in the metric of mushroom scientists shouldn't differ from the natural logarithm of the maximum distance by more than 10 - 6. We think that ln(0) =  - ∞.",,,"['math', 'ternarysearch']",1600-1999
1355E,,2100,"binarysearch,greedy,math,sortings,ternarysearch","You have to restore the wall. The wall consists of $$N$ pillars of bricks, the height of the $i$-th pillar is initially equal to $h_{i}$, the height is measured in number of bricks. After the restoration all the $N$ pillars should have equal heights.

You are allowed the following operations:

You cannot create additional pillars or ignore some of pre-existing pillars even if their height becomes $0$.

What is the minimal total cost of restoration, in other words, what is the minimal total cost to make all the pillars of equal height?

The first line of input contains four integers $N$, $A$, $R$, $M$ ($1 \le N \le 10^{5}$, $0 \le A, R, M \le 10^{4}$) — the number of pillars and the costs of operations.

The second line contains $N$ integers $h_{i}$ ($0 \le h_{i} \le 10^{9}$$) — initial heights of pillars.

Print one integer — the minimal cost of restoration.",,,"['binarysearch', 'greedy', 'math', 'sortings', 'ternarysearch']",2000-2399
622A,,1000,"implementation,math","Consider the infinite sequence of integers: 1, 1, 2, 1, 2, 3, 1, 2, 3, 4, 1, 2, 3, 4, 5.... The sequence is built in the following way: at first the number 1 is written out, then the numbers from 1 to 2, then the numbers from 1 to 3, then the numbers from 1 to 4 and so on. Note that the sequence contains numbers, not digits. For example number 10 first appears in the sequence in position 55 (the elements are numerated from one).

Find the number on the n-th position of the sequence.

The only line contains integer n (1 ≤ n ≤ 1014) — the position of the number to find.

Note that the given number is too large, so you should use 64-bit integer type to store it. In C++ you can use the long long integer type and in Java you can use long integer type.

Print the element in the n-th position of the sequence (the elements are numerated from one).",,,"['implementation', 'math']",800-1199
1540A,,1400,"constructivealgorithms,graphs,greedy,shortestpaths,sortings","Farmer John has a farm that consists of $$n$ pastures connected by one-directional roads. Each road has a weight, representing the time it takes to go from the start to the end of the road. The roads could have negative weight, where the cows go so fast that they go back in time! However, Farmer John guarantees that it is impossible for the cows to get stuck in a time loop, where they can infinitely go back in time by traveling across a sequence of roads. Also, each pair of pastures is connected by at most one road in each direction.

Unfortunately, Farmer John lost the map of the farm. All he remembers is an array $d$, where $d_i$ is the smallest amount of time it took the cows to reach the $i$-th pasture from pasture $1$ using a sequence of roads. The cost of his farm is the sum of the weights of each of the roads, and Farmer John needs to know the minimal cost of a farm that is consistent with his memory.

The first line contains one integer $t$ ($1 \leq t \leq 10^4$) — the number of test cases. Then $t$ cases follow.

The first line of each test case contains a single integer $n$ ($1 \leq n \leq 10^5$) — the number of pastures.

The second line of each test case contains $n$ space separated integers $d_1, d_2, \ldots, d_n$ ($0 \leq d_i \leq 10^9$) — the array $d$. It is guaranteed that $d_1 = 0$.

It is guaranteed that the sum of $n$ over all test cases does not exceed $10^5$.

For each test case, output the minimum possible cost of a farm that is consistent with Farmer John's memory.

In the first test case, you can add roads 

In the second test case, you can add a road from pasture $1$ to pasture $2$ with cost $1000000000$ and a road from pasture $2$ to pasture $1$ with cost $-1000000000$. The total cost is $1000000000 + -1000000000 = 0$.

In the third test case, you can't add any roads. The total cost is $0$$.",,,"['constructivealgorithms', 'graphs', 'greedy', 'shortestpaths', 'sortings']",1200-1599
1468N,,900,"greedy,implementation","The progress is not standing still in Berland. Recently all garbage containers in Bertown, the capital of Berland, were replaced by differentiated recycling bins, each accepting some category of waste. While this will definitely improve the ecological situation, for some citizens it's difficult to get used to the habit of sorting waste.

Monocarp is one of those citizens who tries to get used to waste sorting. Today he has to take out the trash from his house. There are three containers near the Monocarp's house, the first one accepts paper waste, the second one accepts plastic waste, and the third one — all other types of waste. It is possible to fit $$c_1$ items into the first container, $c_2$ items into the second container and $c_3$ items into the third container.

Monocarp has a lot of items to throw into containers. Some are made of paper, so Monocarp has to put them into the first container (he has $a_1$ such items), some are made of plastic, so he has to put them into the second container (he has $a_2$ such items), and some are neither paper nor plastic — so Monocarp has to put them into the third container (he has $a_3$ such items).

Unfortunately, there are also two categories of items that Monocarp is unsure of: he has $a_4$ items which are partially made of paper, so he will put each of these items either into the first container or into the third container. Similarly, he has $a_5$ items partially made of plastic, so he has to put each of them either into the second container or into the third container. Obviously, this choice is made separately for each item — for example, Monocarp can throw several partially-plastic items into the second container, and all other partially-plastic items — into the third one.

Now Monocarp wonders: is it possible to put each item into some container so that the first container will hold no more than $c_1$ items, the second one — no more than $c_2$ items, and the third one — no more than $c_3$ items?

The first line conta",,,"['greedy', 'implementation']",800-1199
614C,,1900,geometry,"Peter got a new snow blower as a New Year present. Of course, Peter decided to try it immediately. After reading the instructions he realized that it does not work like regular snow blowing machines. In order to make it work, you need to tie it to some point that it does not cover, and then switch it on. As a result it will go along a circle around this point and will remove all the snow from its path.

Formally, we assume that Peter's machine is a polygon on a plane. Then, after the machine is switched on, it will make a circle around the point to which Peter tied it (this point lies strictly outside the polygon). That is, each of the points lying within or on the border of the polygon will move along the circular trajectory, with the center of the circle at the point to which Peter tied his machine.

Peter decided to tie his car to point P and now he is wondering what is the area of ​​the region that will be cleared from snow. Help him.

The first line of the input contains three integers — the number of vertices of the polygon n (), and coordinates of point P.

Each of the next n lines contains two integers — coordinates of the vertices of the polygon in the clockwise or counterclockwise order. It is guaranteed that no three consecutive vertices lie on a common straight line.

All the numbers in the input are integers that do not exceed 1 000 000 in their absolute value.

Print a single real value number — the area of the region that will be cleared. Your answer will be considered correct if its absolute or relative error does not exceed 10 - 6. 

Namely: let's assume that your answer is a, and the answer of the jury is b. The checker program will consider your answer correct, if .

In the first sample snow will be removed from that area:",,,['geometry'],1600-1999
1106A,,800,implementation,"Lunar New Year is approaching, and you bought a matrix with lots of ""crosses"".

This matrix $$M$ of size $n \times n$ contains only 'X' and '.' (without quotes). The element in the $i$-th row and the $j$-th column $(i, j)$ is defined as $M(i, j)$, where $1 \leq i, j \leq n$. We define a cross appearing in the $i$-th row and the $j$-th column ($1 < i, j < n$) if and only if $M(i, j) = M(i - 1, j - 1) = M(i - 1, j + 1) = M(i + 1, j - 1) = M(i + 1, j + 1) = $ 'X'.

The following figure illustrates a cross appearing at position $(2, 2)$ in a $3 \times 3$ matrix.

Your task is to find out the number of crosses in the given matrix $M$. Two crosses are different if and only if they appear in different rows or columns.

The first line contains only one positive integer $n$ ($1 \leq n \leq 500$), denoting the size of the matrix $M$.

The following $n$ lines illustrate the matrix $M$. Each line contains exactly $n$ characters, each of them is 'X' or '.'. The $j$-th element in the $i$-th line represents $M(i, j)$, where $1 \leq i, j \leq n$.

Output a single line containing only one integer number $k$ — the number of crosses in the given matrix $M$.

In the first sample, a cross appears at $(3, 3)$, so the answer is $1$.

In the second sample, no crosses appear since $n < 3$, so the answer is $0$.

In the third sample, crosses appear at $(3, 2)$, $(3, 4)$, $(4, 3)$, $(4, 5)$, so the answer is $4$$.",,,['implementation'],800-1199
830E,,3100,"constructivealgorithms,dp,graphs,implementation,math,trees","Developer Petr thinks that he invented a perpetual motion machine. Namely, he has a lot of elements, which work in the following way.

Each element has one controller that can be set to any non-negative real value. If a controller is set on some value x, then the controller consumes x2 energy units per second. At the same time, any two elements connected by a wire produce y·z energy units per second, where y and z are the values set on their controllers.

Petr has only a limited number of wires, so he has already built some scheme of elements and wires, and is now interested if it's possible to set the controllers in such a way that the system produces at least as much power as it consumes, and at least one controller is set on the value different from 0. Help him check this, and if it's possible, find the required integer values that should be set.

It is guaranteed that if there exist controllers' settings satisfying the above conditions, then there exist required integer values not greater than 106.

There are several (at least one) test cases in the input. The first line contains single integer — the number of test cases.

There is an empty line before each test case. The first line of test case contains two integers n and m (1 ≤ n ≤ 105, 0 ≤ m ≤ 105) — the number of elements in the scheme and the number of wires.

After that, m lines follow, each of them contains two integers a and b (1 ≤ a, b ≤ n) — two elements connected by a wire. No element is connected with itself, no two elements are connected by more than one wire.

It is guaranteed that the sum of n and the sum of m over all test cases do not exceed 105.

For hacks you can only use tests with one test case.

Print answer for each test case.

For each test case print ""YES"" if it's possible to set the controllers in such a way that the consumed power is not greater than the power produced, and the required values on the next line. The settings should be integers from 0 to 106, inclusive, and at least one ",,,"['constructivealgorithms', 'dp', 'graphs', 'implementation', 'math', 'trees']",2800-9999
1512C,,1200,"constructivealgorithms,implementation,strings","You are given a string $$s$ consisting of the characters '0', '1', and '?'. You need to replace all the characters with '?' in the string $s$ by '0' or '1' so that the string becomes a palindrome and has exactly $a$ characters '0' and exactly $b$ characters '1'. Note that each of the characters '?' is replaced independently from the others.

A string $t$ of length $n$ is called a palindrome if the equality $t[i] = t[n-i+1]$ is true for all $i$ ($1 \le i \le n$).

For example, if $s=$""01?????0"", $a=4$ and $b=4$, then you can replace the characters '?' in the following ways: 

For the given string $s$ and the numbers $a$ and $b$, replace all the characters with '?' in the string $s$ by '0' or '1' so that the string becomes a palindrome and has exactly $a$ characters '0' and exactly $b$ characters '1'.

The first line contains a single integer $t$ ($1 \le t \le 10^4$). Then $t$ test cases follow.

The first line of each test case contains two integers $a$ and $b$ ($0 \le a, b \le 2 \cdot 10^5$, $a + b \ge 1$).

The second line of each test case contains the string $s$ of length $a+b$, consisting of the characters '0', '1', and '?'.

It is guaranteed that the sum of the string lengths of $s$ over all test cases does not exceed $2 \cdot 10^5$$.

For each test case, output: 

If there are several suitable ways to replace characters, you can output any.",,,"['constructivealgorithms', 'implementation', 'strings']",1200-1599
389A,,1000,"greedy,math","Fox Ciel is playing a game with numbers now. 

Ciel has n positive integers: x1, x2, ..., xn. She can do the following operation as many times as needed: select two different indexes i and j such that xi > xj hold, and then apply assignment xi = xi - xj. The goal is to make the sum of all numbers as small as possible.

Please help Ciel to find this minimal sum.

The first line contains an integer n (2 ≤ n ≤ 100). Then the second line contains n integers: x1, x2, ..., xn (1 ≤ xi ≤ 100).

Output a single integer — the required minimal sum.

In the first example the optimal way is to do the assignment: x2 = x2 - x1.

In the second example the optimal sequence of operations is: x3 = x3 - x2, x2 = x2 - x1.",,,"['greedy', 'math']",800-1199
1231A,,800,implementation,"Dawid has four bags of candies. The $$i$-th of them contains $a_i$ candies. Also, Dawid has two friends. He wants to give each bag to one of his two friends. Is it possible to distribute the bags in such a way that each friend receives the same amount of candies in total?

Note, that you can't keep bags for yourself or throw them away, each bag should be given to one of the friends.

The only line contains four integers $a_1$, $a_2$, $a_3$ and $a_4$ ($1 \leq a_i \leq 100$) — the numbers of candies in each bag.

Output YES if it's possible to give the bags to Dawid's friends so that both friends receive the same amount of candies, or NO otherwise. Each character can be printed in any case (either uppercase or lowercase).

In the first sample test, Dawid can give the first and the third bag to the first friend, and the second and the fourth bag to the second friend. This way, each friend will receive $12$$ candies.

In the second sample test, it's impossible to distribute the bags.",,,['implementation'],800-1199
202A,,800,"binarysearch,bitmasks,bruteforce,greedy,implementation,strings","This problem's actual name, ""Lexicographically Largest Palindromic Subsequence"" is too long to fit into the page headline.

You are given string s consisting of lowercase English letters only. Find its lexicographically largest palindromic subsequence.

We'll call a non-empty string s[p1p2... pk] = sp1sp2... spk (1  ≤  p1 < p2 < ... < pk  ≤  |s|) a subsequence of string s = s1s2... s|s|, where |s| is the length of string s. For example, strings ""abcb"", ""b"" and ""abacaba"" are subsequences of string ""abacaba"".

String x = x1x2... x|x| is lexicographically larger than string y = y1y2... y|y| if either |x| > |y| and x1 = y1, x2 = y2, ..., x|y| = y|y|, or there exists such number r (r < |x|, r < |y|) that x1 = y1, x2 = y2, ..., xr = yr and xr  +  1 > yr  +  1. Characters in the strings are compared according to their ASCII codes. For example, string ""ranger"" is lexicographically larger than string ""racecar"" and string ""poster"" is lexicographically larger than string ""post"".

String s = s1s2... s|s| is a palindrome if it matches string rev(s) = s|s|s|s| - 1... s1. In other words, a string is a palindrome if it reads the same way from left to right and from right to left. For example, palindromic strings are ""racecar"", ""refer"" and ""z"".

The only input line contains a non-empty string s consisting of lowercase English letters only. Its length does not exceed 10.

Print the lexicographically largest palindromic subsequence of string s.

Among all distinct subsequences of string ""radar"" the following ones are palindromes: ""a"", ""d"", ""r"", ""aa"", ""rr"", ""ada"", ""rar"", ""rdr"", ""raar"" and ""radar"". The lexicographically largest of them is ""rr"".",,,"['binarysearch', 'bitmasks', 'bruteforce', 'greedy', 'implementation', 'strings']",800-1199
1459A,,800,"math,probabilities","There are $$n$ cards numbered $1, \ldots, n$. The card $i$ has a red digit $r_i$ and a blue digit $b_i$ written on it.

We arrange all $n$ cards in random order from left to right, with all permutations of $1, \ldots, n$ having the same probability. We then read all red digits on the cards from left to right, and obtain an integer $R$. In the same way, we read all blue digits and obtain an integer $B$. When reading a number, leading zeros can be ignored. If all digits in a number are zeros, then the number is equal to $0$. Below is an illustration of a possible rearrangement of three cards, and how $R$ and $B$ can be found.

Two players, Red and Blue, are involved in a bet. Red bets that after the shuffle $R > B$, and Blue bets that $R < B$. If in the end $R = B$, the bet results in a draw, and neither player wins.

Determine, which of the two players is more likely (has higher probability) to win the bet, or that their chances are equal. Refer to the Note section for a formal discussion of comparing probabilities.

The first line contains a single integer $T$ ($1 \leq T \leq 100$) — the number of test cases.

Descriptions of $T$ test cases follow. Each test case description starts with a line containing a single integer $n$ ($1 \leq n \leq 1000$) — the number of cards.

The following line contains a string of $n$ digits $r_1, \ldots, r_n$ — red digits on cards $1, \ldots, n$ respectively.

The following line contains a string of $n$ digits $b_1, \ldots, b_n$ — blue digits on cards $1, \ldots, n$ respectively.

Note that digits in the same line are not separated with any delimiters.

Print $T$ answers for the test cases in order, one per line.

If Red has a strictly higher change to win, print ""RED"".

If Blue has a strictly higher change to win, print ""BLUE"".

If both players are equally likely to win, print ""EQUAL"".

Note that all answers are case-sensitive.

Formally, let $n_R$ be the number of permutations of cards $1, \ldots, n$ such that the resulting numbers $",,,"['math', 'probabilities']",800-1199
1184A2,,2100,"bruteforce,numbertheory","After learning about polynomial hashing, Heidi decided to learn about shift-xor hashing. In particular, she came across this interesting problem.

Given a bitstring $$y \in \{0,1\}^n$ find out the number of different $k$ ($0 \leq k < n$) such that there exists $x \in \{0,1\}^n$ for which $y = x \oplus \mbox{shift}^k(x).$

In the above, $\oplus$ is the xor operation and $\mbox{shift}^k$ is the operation of shifting a bitstring cyclically to the right $k$ times. For example, $001 \oplus 111 = 110$ and $\mbox{shift}^3(00010010111000) = 00000010010111$.

The first line contains an integer $n$ ($1 \leq n \leq 2 \cdot 10^5$), the length of the bitstring $y$.

The second line contains the bitstring $y$.

Output a single integer: the number of suitable values of $k$.

In the first example:

There is no $x$ such that $x \oplus x = 1010$, hence the answer is $3$$.",,,"['bruteforce', 'numbertheory']",2000-2399
143A,,1000,"bruteforce,math","Vasilisa the Wise from the Kingdom of Far Far Away got a magic box with a secret as a present from her friend Hellawisa the Wise from the Kingdom of A Little Closer. However, Vasilisa the Wise does not know what the box's secret is, since she cannot open it again. She hopes that you will help her one more time with that.

The box's lock looks as follows: it contains 4 identical deepenings for gems as a 2 × 2 square, and some integer numbers are written at the lock's edge near the deepenings. The example of a lock is given on the picture below.

The box is accompanied with 9 gems. Their shapes match the deepenings' shapes and each gem contains one number from 1 to 9 (each number is written on exactly one gem). The box will only open after it is decorated with gems correctly: that is, each deepening in the lock should be filled with exactly one gem. Also, the sums of numbers in the square's rows, columns and two diagonals of the square should match the numbers written at the lock's edge. For example, the above lock will open if we fill the deepenings with gems with numbers as is shown on the picture below.

Now Vasilisa the Wise wants to define, given the numbers on the box's lock, which gems she should put in the deepenings to open the box. Help Vasilisa to solve this challenging task.

The input contains numbers written on the edges of the lock of the box. The first line contains space-separated integers r1 and r2 that define the required sums of numbers in the rows of the square. The second line contains space-separated integers c1 and c2 that define the required sums of numbers in the columns of the square. The third line contains space-separated integers d1 and d2 that define the required sums of numbers on the main and on the side diagonals of the square (1 ≤ r1, r2, c1, c2, d1, d2 ≤ 20). Correspondence between the above 6 variables and places where they are written is shown on the picture below. For more clarifications please look at the second sample test that",,,"['bruteforce', 'math']",800-1199
1337B,,900,"greedy,implementation,math","Kana was just an ordinary high school girl before a talent scout discovered her. Then, she became an idol. But different from the stereotype, she is also a gameholic. 

One day Kana gets interested in a new adventure game called Dragon Quest. In this game, her quest is to beat a dragon.

The dragon has a hit point of $$x$ initially. When its hit point goes to $0$ or under $0$, it will be defeated. In order to defeat the dragon, Kana can cast the two following types of spells. 

Assume that the dragon's current hit point is $h$, after casting this spell its hit point will become $\left\lfloor \frac{h}{2} \right\rfloor + 10$. Here $\left\lfloor \frac{h}{2} \right\rfloor$ denotes $h$ divided by two, rounded down.

This spell will decrease the dragon's hit point by $10$. Assume that the dragon's current hit point is $h$, after casting this spell its hit point will be lowered to $h-10$.

Due to some reasons Kana can only cast no more than $n$ Void Absorptions and $m$ Lightning Strikes. She can cast the spells in any order and doesn't have to cast all the spells. Kana isn't good at math, so you are going to help her to find out whether it is possible to defeat the dragon.

The first line contains a single integer $t$ ($1 \leq t \leq 1000$)  — the number of test cases.

The next $t$ lines describe test cases. For each test case the only line contains three integers $x$, $n$, $m$ ($1\le x \le 10^5$, $0\le n,m\le30$$)  — the dragon's intitial hit point, the maximum number of Void Absorptions and Lightning Strikes Kana can cast respectively.

If it is possible to defeat the dragon, print ""YES"" (without quotes). Otherwise, print ""NO"" (without quotes).

You can print each letter in any case (upper or lower).

One possible casting sequence of the first test case is shown below:",,,"['greedy', 'implementation', 'math']",800-1199
1201C,,1400,"binarysearch,greedy,math,sortings","You are given an array $$a$ of $n$ integers, where $n$ is odd. You can make the following operation with it:

You want to make the median of the array the largest possible using at most $k$ operations.

The median of the odd-sized array is the middle element after the array is sorted in non-decreasing order. For example, the median of the array $[1, 5, 2, 3, 5]$ is $3$.

The first line contains two integers $n$ and $k$ ($1 \le n \le 2 \cdot 10^5$, $n$ is odd, $1 \le k \le 10^9$) — the number of elements in the array and the largest number of operations you can make.

The second line contains $n$ integers $a_1, a_2, \ldots, a_n$ ($1 \le a_i \le 10^9$).

Print a single integer — the maximum possible median after the operations.

In the first example, you can increase the second element twice. Than array will be $[1, 5, 5]$ and it's median is $5$.

In the second example, it is optimal to increase the second number and than increase third and fifth. This way the answer is $3$.

In the third example, you can make four operations: increase first, fourth, sixth, seventh element. This way the array will be $[5, 1, 2, 5, 3, 5, 5]$ and the median will be $5$$.",,,"['binarysearch', 'greedy', 'math', 'sortings']",1200-1599
612C,,1400,"datastructures,expressionparsing,math","You are given string s consists of opening and closing brackets of four kinds <>, {}, [], (). There are two types of brackets: opening and closing. You can replace any bracket by another of the same type. For example, you can replace < by the bracket {, but you can't replace it by ) or >.

The following definition of a regular bracket sequence is well-known, so you can be familiar with it.

Let's define a regular bracket sequence (RBS). Empty string is RBS. Let s1 and s2 be a RBS then the strings <s1>s2, {s1}s2, [s1]s2, (s1)s2 are also RBS.

For example the string ""[[(){}]<>]"" is RBS, but the strings ""[)()"" and ""][()()"" are not.

Determine the least number of replaces to make the string s RBS.

The only line contains a non empty string s, consisting of only opening and closing brackets of four kinds. The length of s does not exceed 106.

If it's impossible to get RBS from s print Impossible.

Otherwise print the least number of replaces needed to get RBS from s.",,,"['datastructures', 'expressionparsing', 'math']",1200-1599
430E,,2300,"constructivealgorithms,datastructures,dfsandsimilar","Iahub and Iahubina went to a picnic in a forest full of trees. Less than 5 minutes passed before Iahub remembered of trees from programming. Moreover, he invented a new problem and Iahubina has to solve it, otherwise Iahub won't give her the food. 

Iahub asks Iahubina: can you build a rooted tree, such that

Iahubina has to guess the tree. Being a smart girl, she realized that it's possible no tree can follow Iahub's restrictions. In this way, Iahub will eat all the food. You need to help Iahubina: determine if there's at least one tree following Iahub's restrictions. The required tree must contain n nodes.

The first line of the input contains integer n (1 ≤ n ≤ 24). Next line contains n positive integers: the i-th number represents ci (1 ≤ ci ≤ n).

Output on the first line ""YES"" (without quotes) if there exist at least one tree following Iahub's restrictions, otherwise output ""NO"" (without quotes).",,,"['constructivealgorithms', 'datastructures', 'dfsandsimilar']",2000-2399
221C,,1300,sortings,"The Little Elephant has got a problem — somebody has been touching his sorted by non-decreasing array a of length n and possibly swapped some elements of the array.

The Little Elephant doesn't want to call the police until he understands if he could have accidentally changed the array himself. He thinks that he could have accidentally changed array a, only if array a can be sorted in no more than one operation of swapping elements (not necessarily adjacent). That is, the Little Elephant could have accidentally swapped some two elements.

Help the Little Elephant, determine if he could have accidentally changed the array a, sorted by non-decreasing, himself.

The first line contains a single integer n (2 ≤ n ≤ 105) — the size of array a. The next line contains n positive integers, separated by single spaces and not exceeding 109, — array a.

Note that the elements of the array are not necessarily distinct numbers.

In a single line print ""YES"" (without the quotes) if the Little Elephant could have accidentally changed the array himself, and ""NO"" (without the quotes) otherwise.

In the first sample the array has already been sorted, so to sort it, we need 0 swap operations, that is not more than 1. Thus, the answer is ""YES"".

In the second sample we can sort the array if we swap elements 1 and 3, so we need 1 swap operation to sort the array. Thus, the answer is ""YES"".

In the third sample we can't sort the array in more than one swap operation, so the answer is ""NO"".",,,['sortings'],1200-1599
616B,,1000,"games,greedy","Jack decides to invite Emma out for a dinner. Jack is a modest student, he doesn't want to go to an expensive restaurant. Emma is a girl with high taste, she prefers elite places.

Munhattan consists of n streets and m avenues. There is exactly one restaurant on the intersection of each street and avenue. The streets are numbered with integers from 1 to n and the avenues are numbered with integers from 1 to m. The cost of dinner in the restaurant at the intersection of the i-th street and the j-th avenue is cij.

Jack and Emma decide to choose the restaurant in the following way. Firstly Emma chooses the street to dinner and then Jack chooses the avenue. Emma and Jack makes their choice optimally: Emma wants to maximize the cost of the dinner, Jack wants to minimize it. Emma takes into account that Jack wants to minimize the cost of the dinner. Find the cost of the dinner for the couple in love.

The first line contains two integers n, m (1 ≤ n, m ≤ 100) — the number of streets and avenues in Munhattan.

Each of the next n lines contains m integers cij (1 ≤ cij ≤ 109) — the cost of the dinner in the restaurant on the intersection of the i-th street and the j-th avenue.

Print the only integer a — the cost of the dinner for Jack and Emma.

In the first example if Emma chooses the first or the third streets Jack can choose an avenue with the cost of the dinner 1. So she chooses the second street and Jack chooses any avenue. The cost of the dinner is 2.

In the second example regardless of Emma's choice Jack can choose a restaurant with the cost of the dinner 1.",,,"['games', 'greedy']",800-1199
687A,,1500,"dfsandsimilar,graphs","Recently, Pari and Arya did some research about NP-Hard problems and they found the minimum vertex cover problem very interesting.

Suppose the graph G is given. Subset A of its vertices is called a vertex cover of this graph, if for each edge uv there is at least one endpoint of it in this set, i.e. or (or both).

Pari and Arya have won a great undirected graph as an award in a team contest. Now they have to split it in two parts, but both of them want their parts of the graph to be a vertex cover.

They have agreed to give you their graph and you need to find two disjoint subsets of its vertices A and B, such that both A and B are vertex cover or claim it's impossible. Each vertex should be given to no more than one of the friends (or you can even keep it for yourself).

The first line of the input contains two integers n and m (2 ≤ n ≤ 100 000, 1 ≤ m ≤ 100 000) — the number of vertices and the number of edges in the prize graph, respectively.

Each of the next m lines contains a pair of integers ui and vi (1  ≤  ui,  vi  ≤  n), denoting an undirected edge between ui and vi. It's guaranteed the graph won't contain any self-loops or multiple edges.

If it's impossible to split the graph between Pari and Arya as they expect, print ""-1"" (without quotes).

If there are two disjoint sets of vertices, such that both sets are vertex cover, print their descriptions. Each description must contain two lines. The first line contains a single integer k denoting the number of vertices in that vertex cover, and the second line contains k integers — the indices of vertices. Note that because of m ≥ 1, vertex cover cannot be empty.

In the first sample, you can give the vertex number 2 to Arya and vertices numbered 1 and 3 to Pari and keep vertex number 4 for yourself (or give it someone, if you wish).

In the second sample, there is no way to satisfy both Pari and Arya.",,,"['dfsandsimilar', 'graphs']",1200-1599
401A,,800,"implementation,math","Vanya loves playing. He even has a special set of cards to play with. Each card has a single integer. The number on the card can be positive, negative and can even be equal to zero. The only limit is, the number on each card doesn't exceed x in the absolute value.

Natasha doesn't like when Vanya spends a long time playing, so she hid all of his cards. Vanya became sad and started looking for the cards but he only found n of them. Vanya loves the balance, so he wants the sum of all numbers on found cards equal to zero. On the other hand, he got very tired of looking for cards. Help the boy and say what is the minimum number of cards does he need to find to make the sum equal to zero?

You can assume that initially Vanya had infinitely many cards with each integer number from  - x to x.

 

The first line contains two integers: n (1 ≤ n ≤ 1000) — the number of found cards and x (1 ≤ x ≤ 1000) — the maximum absolute value of the number on a card. The second line contains n space-separated integers — the numbers on found cards. It is guaranteed that the numbers do not exceed x in their absolute value.

Print a single number — the answer to the problem.

In the first sample, Vanya needs to find a single card with number -2.

In the second sample, Vanya needs to find two cards with number 2. He can't find a single card with the required number as the numbers on the lost cards do not exceed 3 in their absolute value.",,,"['implementation', 'math']",800-1199
1220B,,1300,"math,numbertheory","Sasha grew up and went to first grade. To celebrate this event her mother bought her a multiplication table $$M$ with $n$ rows and $n$ columns such that $M_{ij}=a_i \cdot a_j$ where $a_1, \dots, a_n$ is some sequence of positive integers.

Of course, the girl decided to take it to school with her. But while she was having lunch, hooligan Grisha erased numbers on the main diagonal and threw away the array $a_1, \dots, a_n$. Help Sasha restore the array!

The first line contains a single integer $n$ ($3 \leqslant n \leqslant 10^3$), the size of the table. 

The next $n$ lines contain $n$ integers each. The $j$-th number of the $i$-th line contains the number $M_{ij}$ ($1 \leq M_{ij} \leq 10^9$). The table has zeroes on the main diagonal, that is, $M_{ii}=0$.

In a single line print $n$ integers, the original array $a_1, \dots, a_n$ ($1 \leq a_i \leq 10^9$$). It is guaranteed that an answer exists. If there are multiple answers, print any.",,,"['math', 'numbertheory']",1200-1599
1345B,,1100,"binarysearch,bruteforce,dp,math","A card pyramid of height $$1$ is constructed by resting two cards against each other. For $h>1$, a card pyramid of height $h$ is constructed by placing a card pyramid of height $h-1$ onto a base. A base consists of $h$ pyramids of height $1$, and $h-1$ cards on top. For example, card pyramids of heights $1$, $2$, and $3$ look as follows:

You start with $n$ cards and build the tallest pyramid that you can. If there are some cards remaining, you build the tallest pyramid possible with the remaining cards. You repeat this process until it is impossible to build another pyramid. In the end, how many pyramids will you have constructed?

Each test consists of multiple test cases. The first line contains a single integer $t$ ($1\le t\le 1000$) — the number of test cases. Next $t$ lines contain descriptions of test cases.

Each test case contains a single integer $n$ ($1\le n\le 10^9$) — the number of cards.

It is guaranteed that the sum of $n$ over all test cases does not exceed $10^9$.

For each test case output a single integer — the number of pyramids you will have constructed in the end.

In the first test, you construct a pyramid of height $1$ with $2$ cards. There is $1$ card remaining, which is not enough to build a pyramid.

In the second test, you build two pyramids, each of height $2$, with no cards remaining.

In the third test, you build one pyramid of height $3$, with no cards remaining.

In the fourth test, you build one pyramid of height $3$ with $9$ cards remaining. Then you build a pyramid of height $2$ with $2$ cards remaining. Then you build a final pyramid of height $1$$ with no cards remaining.

In the fifth test, one card is not enough to build any pyramids.",,,"['binarysearch', 'bruteforce', 'dp', 'math']",800-1199
559E,,3000,"dp,sortings","The main walking trail in Geraldion is absolutely straight, and it passes strictly from the north to the south, it is so long that no one has ever reached its ends in either of the two directions. The Geraldionians love to walk on this path at any time, so the mayor of the city asked the Herald to illuminate this path with a few spotlights. The spotlights have already been delivered to certain places and Gerald will not be able to move them. Each spotlight illuminates a specific segment of the path of the given length, one end of the segment is the location of the spotlight, and it can be directed so that it covers the segment to the south or to the north of spotlight.

The trail contains a monument to the mayor of the island, and although you can walk in either directions from the monument, no spotlight is south of the monument.

You are given the positions of the spotlights and their power. Help Gerald direct all the spotlights so that the total length of the illuminated part of the path is as much as possible.

The first line contains integer n (1 ≤ n ≤ 100) — the number of spotlights. Each of the n lines contains two space-separated integers, ai and li (0 ≤ ai ≤ 108, 1 ≤ li ≤ 108). Number ai shows how much further the i-th spotlight to the north, and number li shows the length of the segment it illuminates.

It is guaranteed that all the ai's are distinct.

Print a single integer — the maximum total length of the illuminated part of the path.",,,"['dp', 'sortings']",2800-9999
751B,,1200,,"Лайнландия состоит из n городов, которые расположены на оси Ox. Координата i-го из городов равна xi.

Поликарп прошел от одного города до другого по прямой кратчайшим образом. Он утверждает, что прошел расстояние d.

Выведите количество пар городов, что Поликарп мог пройти от одного к другому. Иными словами, между которыми расстояние составляет ровно d.

В первой строке записаны два целых числа n, d (2 ≤ n ≤ 105, 1 ≤ d ≤ 109).

Вторая строка содержит координаты n городов — последовательность целых чисел x1, x2, ..., xn ( - 109 ≤ xi ≤ 109). Все xi — различны.

Выведите искомое количество пар городов. Пары, отличающиеся только порядком городов, следует считать одной и той же парой.",,,[],1200-1599
1012C,,1900,dp,"Welcome to Innopolis city. Throughout the whole year, Innopolis citizens suffer from everlasting city construction. 

From the window in your room, you see the sequence of n hills, where i-th of them has height ai. The Innopolis administration wants to build some houses on the hills. However, for the sake of city appearance, a house can be only built on the hill, which is strictly higher than neighbouring hills (if they are present). For example, if the sequence of heights is 5, 4, 6, 2, then houses could be built on hills with heights 5 and 6 only.

The Innopolis administration has an excavator, that can decrease the height of an arbitrary hill by one in one hour. The excavator can only work on one hill at a time. It is allowed to decrease hills up to zero height, or even to negative values. Increasing height of any hill is impossible. The city administration wants to build k houses, so there must be at least k hills that satisfy the condition above. What is the minimum time required to adjust the hills to achieve the administration's plan?

However, the exact value of k is not yet determined, so could you please calculate answers for all k in range ? Here denotes n divided by two, rounded up.

The first line of input contains the only integer n (1 ≤ n ≤ 5000)—the number of the hills in the sequence.

Second line contains n integers ai (1 ≤ ai ≤ 100 000)—the heights of the hills in the sequence.

Print exactly numbers separated by spaces. The i-th printed number should be equal to the minimum number of hours required to level hills so it becomes possible to build i houses.

In the first example, to get at least one hill suitable for construction, one can decrease the second hill by one in one hour, then the sequence of heights becomes 1, 0, 1, 1, 1 and the first hill becomes suitable for construction.

In the first example, to get at least two or at least three suitable hills, one can decrease the second and the fourth hills, then the sequence of heights becomes 1,",,,['dp'],1600-1999
450E,,2500,"constructivealgorithms,numbertheory","Jzzhu has picked n apples from his big apple tree. All the apples are numbered from 1 to n. Now he wants to sell them to an apple store. 

Jzzhu will pack his apples into groups and then sell them. Each group must contain two apples, and the greatest common divisor of numbers of the apples in each group must be greater than 1. Of course, each apple can be part of at most one group.

Jzzhu wonders how to get the maximum possible number of groups. Can you help him?

A single integer n (1 ≤ n ≤ 105), the number of the apples.

The first line must contain a single integer m, representing the maximum number of groups he can get. Each of the next m lines must contain two integers — the numbers of apples in the current group.

If there are several optimal answers you can print any of them.",,,"['constructivealgorithms', 'numbertheory']",2400-2799
950B,,1100,"greedy,implementation","Hacker Zhorik wants to decipher two secret messages he intercepted yesterday. Yeah message is a sequence of encrypted blocks, each of them consists of several bytes of information.

Zhorik knows that each of the messages is an archive containing one or more files. Zhorik knows how each of these archives was transferred through the network: if an archive consists of k files of sizes l1, l2, ..., lk bytes, then the i-th file is split to one or more blocks bi, 1, bi, 2, ..., bi, mi (here the total length of the blocks bi, 1 + bi, 2 + ... + bi, mi is equal to the length of the file li), and after that all blocks are transferred through the network, maintaining the order of files in the archive.

Zhorik thinks that the two messages contain the same archive, because their total lengths are equal. However, each file can be split in blocks in different ways in the two messages.

You are given the lengths of blocks in each of the two messages. Help Zhorik to determine what is the maximum number of files could be in the archive, if the Zhorik's assumption is correct.

The first line contains two integers n, m (1 ≤ n, m ≤ 105) — the number of blocks in the first and in the second messages.

The second line contains n integers x1, x2, ..., xn (1 ≤ xi ≤ 106) — the length of the blocks that form the first message.

The third line contains m integers y1, y2, ..., ym (1 ≤ yi ≤ 106) — the length of the blocks that form the second message.

It is guaranteed that x1 + ... + xn = y1 + ... + ym. Also, it is guaranteed that x1 + ... + xn ≤ 106.

Print the maximum number of files the intercepted array could consist of.

In the first example the maximum number of files in the archive is 3. For example, it is possible that in the archive are three files of sizes 2 + 5 = 7, 15 = 3 + 1 + 11 = 8 + 2 + 4 + 1 and 4 + 4 = 8.

In the second example it is possible that the archive contains two files of sizes 1 and 110 = 10 + 100 = 100 + 10. Note that the order of files is kept while transferring ar",,,"['greedy', 'implementation']",800-1199
1257A,,800,"greedy,math","You are the gym teacher in the school.

There are $$n$ students in the row. And there are two rivalling students among them. The first one is in position $a$, the second in position $b$. Positions are numbered from $1$ to $n$ from left to right.

Since they are rivals, you want to maximize the distance between them. If students are in positions $p$ and $s$ respectively, then distance between them is $|p - s|$. 

You can do the following operation at most $x$ times: choose two adjacent (neighbouring) students and swap them.

Calculate the maximum distance between two rivalling students after at most $x$ swaps.

The first line contains one integer $t$ ($1 \le t \le 100$) — the number of test cases.

The only line of each test case contains four integers $n$, $x$, $a$ and $b$ ($2 \le n \le 100$, $0 \le x \le 100$, $1 \le a, b \le n$, $a \neq b$) — the number of students in the row, the number of swaps which you can do, and positions of first and second rivaling students respectively.

For each test case print one integer — the maximum distance between two rivaling students which you can obtain.

In the first test case you can swap students in positions $3$ and $4$. And then the distance between the rivals is equal to $|4 - 2| = 2$$.

In the second test case you don't have to swap students. 

In the third test case you can't swap students.",,,"['greedy', 'math']",800-1199
992D,,2100,"bruteforce,implementation,math","Nastya received one more array on her birthday, this array can be used to play a traditional Byteland game on it. However, to play the game the players should first select such a subsegment of the array that , where p is the product of all integers on the given array, s is their sum, and k is a given constant for all subsegments. 

Nastya wonders how many subsegments of the array fit the described conditions. A subsegment of an array is several consecutive integers of the array.

The first line contains two integers n and k (1 ≤ n ≤ 2·105, 1 ≤ k ≤ 105), where n is the length of the array and k is the constant described above.

The second line contains n integers a1, a2, ..., an (1 ≤ ai ≤ 108) — the elements of the array.

In the only line print the number of subsegments such that the ratio between the product and the sum on them is equal to k.

In the first example the only subsegment is [1]. The sum equals 1, the product equals 1, so it suits us because .

There are two suitable subsegments in the second example — [6, 3] and [3, 8, 1]. Subsegment [6, 3] has sum 9 and product 18, so it suits us because . Subsegment [3, 8, 1] has sum 12 and product 24, so it suits us because .",,,"['bruteforce', 'implementation', 'math']",2000-2399
1519B,,800,"dp,math","There is a $$n \times m$ grid. You are standing at cell $(1, 1)$ and your goal is to finish at cell $(n, m)$.

You can move to the neighboring cells to the right or down. In other words, suppose you are standing at cell $(x, y)$. You can: 

Can you reach cell $(n, m)$ spending exactly $k$ burles?

The first line contains the single integer $t$ ($1 \le t \le 100$) — the number of test cases.

The first and only line of each test case contains three integers $n$, $m$, and $k$ ($1 \le n, m \le 100$; $0 \le k \le 10^4$) — the sizes of grid and the exact amount of money you need to spend.

For each test case, if you can reach cell $(n, m)$ spending exactly $k$ burles, print YES. Otherwise, print NO.

You may print every letter in any case you want (so, for example, the strings yEs, yes, Yes and YES are all recognized as positive answer).

In the first test case, you are already in the final cell, so you spend $0$ burles.

In the second, third and fourth test cases, there are two paths from $(1, 1)$ to $(2, 2)$: $(1, 1)$ $\rightarrow$ $(1, 2)$ $\rightarrow$ $(2, 2)$ or $(1, 1)$ $\rightarrow$ $(2, 1)$ $\rightarrow$ $(2, 2)$. Both costs $1 + 2 = 3$ burles, so it's the only amount of money you can spend.

In the fifth test case, there is the only way from $(1, 1)$ to $(1, 4)$ and it costs $1 + 1 + 1 = 3$$ burles.",,,"['dp', 'math']",800-1199
577C,,1500,"implementation,numbertheory","Vasya and Petya are playing a simple game. Vasya thought of number x between 1 and n, and Petya tries to guess the number.

Petya can ask questions like: ""Is the unknown number divisible by number y?"".

The game is played by the following rules: first Petya asks all the questions that interest him (also, he can ask no questions), and then Vasya responds to each question with a 'yes' or a 'no'. After receiving all the answers Petya should determine the number that Vasya thought of.

Unfortunately, Petya is not familiar with the number theory. Help him find the minimum number of questions he should ask to make a guaranteed guess of Vasya's number, and the numbers yi, he should ask the questions about.

A single line contains number n (1 ≤ n ≤ 103).

Print the length of the sequence of questions k (0 ≤ k ≤ n), followed by k numbers — the questions yi (1 ≤ yi ≤ n).

If there are several correct sequences of questions of the minimum length, you are allowed to print any of them.

The sequence from the answer to the first sample test is actually correct.

If the unknown number is not divisible by one of the sequence numbers, it is equal to 1.

If the unknown number is divisible by 4, it is 4.

If the unknown number is divisible by 3, then the unknown number is 3.

Otherwise, it is equal to 2. Therefore, the sequence of questions allows you to guess the unknown number. It can be shown that there is no correct sequence of questions of length 2 or shorter.",,,"['implementation', 'numbertheory']",1200-1599
1479A,,1700,"binarysearch,interactive,ternarysearch","This is an interactive problem.

Homer likes arrays a lot and he wants to play a game with you. 

Homer has hidden from you a permutation $$a_1, a_2, \dots, a_n$ of integers $1$ to $n$. You are asked to find any index $k$ ($1 \leq k \leq n$) which is a local minimum. 

For an array $a_1, a_2, \dots, a_n$, an index $i$ ($1 \leq i \leq n$) is said to be a local minimum if $a_i < \min\{a_{i-1},a_{i+1}\}$, where $a_0 = a_{n+1} = +\infty$. An array is said to be a permutation of integers $1$ to $n$, if it contains all integers from $1$ to $n$ exactly once.

Initially, you are only given the value of $n$ without any other information about this permutation.

At each interactive step, you are allowed to choose any $i$ ($1 \leq i \leq n$) and make a query with it. As a response, you will be given the value of $a_i$. 

You are asked to find any index $k$ which is a local minimum after at most $100$ queries.

You begin the interaction by reading an integer $n$ ($1\le n \le 10^5$) on a separate line.

To make a query on index $i$ ($1 \leq i \leq n$), you should output ""? $i$"" in a separate line. Then read the value of $a_i$ in a separate line. The number of the ""?"" queries is limited within $100$.

When you find an index $k$ ($1 \leq k \leq n$) which is a local minimum, output ""! $k$"" in a separate line and terminate your program. 

In case your query format is invalid, or you have made more than $100$ ""?"" queries, you will receive Wrong Answer verdict. 

After printing a query do not forget to output end of line and flush the output. Otherwise, you will get Idleness limit exceeded. To do this, use:

Hack Format

The first line of the hack should contain a single integer $n$ ($1 \leq n \leq 10^5$).

The second line should contain $n$ distinct integers $a_1, a_2, \dots, a_n$ ($1 \leq a_i \leq n$).

In the example, the first line contains an integer $5$ indicating that the length of the array is $n = 5$.

The example makes five ""?"" queries, after which we conclude that the array",,,"['binarysearch', 'interactive', 'ternarysearch']",1600-1999
846C,,1800,"bruteforce,datastructures,dp","You are given an array of n integer numbers. Let sum(l, r) be the sum of all numbers on positions from l to r non-inclusive (l-th element is counted, r-th element is not counted). For indices l and r holds 0 ≤ l ≤ r ≤ n. Indices in array are numbered from 0. 

For example, if a = [ - 5, 3, 9, 4], then sum(0, 1) =  - 5, sum(0, 2) =  - 2, sum(1, 4) = 16 and sum(i, i) = 0 for each i from 0 to 4.

Choose the indices of three delimiters delim0, delim1, delim2 (0 ≤ delim0 ≤ delim1 ≤ delim2 ≤ n) and divide the array in such a way that the value of res = sum(0, delim0) - sum(delim0, delim1) + sum(delim1, delim2) - sum(delim2, n) is maximal. 

Note that some of the expressions sum(l, r) can correspond to empty segments (if l = r for some segment).

The first line contains one integer number n (1 ≤ n ≤ 5000).

The second line contains n numbers a0, a1, ..., an - 1 ( - 109 ≤ ai ≤ 109).

Choose three indices so that the value of res is maximal. If there are multiple answers, print any of them.",,,"['bruteforce', 'datastructures', 'dp']",1600-1999
1169D,,1900,bruteforce,"Toad Rash has a binary string $$s$. A binary string consists only of zeros and ones.

Let $n$ be the length of $s$.

Rash needs to find the number of such pairs of integers $l$, $r$ that $1 \leq l \leq r \leq n$ and there is at least one pair of integers $x$, $k$ such that $1 \leq x, k \leq n$, $l \leq x < x + 2k \leq r$, and $s_x = s_{x+k} = s_{x+2k}$.

Find this number of pairs for Rash.

The first line contains the string $s$ ($1 \leq |s| \leq 300\,000$), consisting of zeros and ones.

Output one integer: the number of such pairs of integers $l$, $r$ that $1 \leq l \leq r \leq n$ and there is at least one pair of integers $x$, $k$ such that $1 \leq x, k \leq n$, $l \leq x < x + 2k \leq r$, and $s_x = s_{x+k} = s_{x+2k}$.

In the first example, there are three $l$, $r$ pairs we need to count: $1$, $6$; $2$, $6$; and $1$, $5$.

In the second example, there are no values $x$, $k$ for the initial string, so the answer is $0$$.",,,['bruteforce'],1600-1999
1307D,,1900,"binarysearch,datastructures,dfsandsimilar,graphs,greedy,shortestpaths,sortings","Bessie is out grazing on the farm, which consists of $$n$ fields connected by $m$ bidirectional roads. She is currently at field $1$, and will return to her home at field $n$ at the end of the day.

The Cowfederation of Barns has ordered Farmer John to install one extra bidirectional road. The farm has $k$ special fields and he has decided to install the road between two different special fields. He may add the road between two special fields that already had a road directly connecting them.

After the road is added, Bessie will return home on the shortest path from field $1$ to field $n$. Since Bessie needs more exercise, Farmer John must maximize the length of this shortest path. Help him!

The first line contains integers $n$, $m$, and $k$ ($2 \le n \le 2 \cdot 10^5$, $n-1 \le m \le 2 \cdot 10^5$, $2 \le k \le n$)  — the number of fields on the farm, the number of roads, and the number of special fields. 

The second line contains $k$ integers $a_1, a_2, \ldots, a_k$ ($1 \le a_i \le n$)  — the special fields. All $a_i$ are distinct.

The $i$-th of the following $m$ lines contains integers $x_i$ and $y_i$ ($1 \le x_i, y_i \le n$, $x_i \ne y_i$), representing a bidirectional road between fields $x_i$ and $y_i$. 

It is guaranteed that one can reach any field from every other field. It is also guaranteed that for any pair of fields there is at most one road connecting them.

Output one integer, the maximum possible length of the shortest path from field $1$ to $n$ after Farmer John installs one road optimally.

The graph for the first example is shown below. The special fields are denoted by red. It is optimal for Farmer John to add a road between fields $3$ and $5$, and the resulting shortest path from $1$ to $5$ is length $3$. 

The graph for the second example is shown below. Farmer John must add a road between fields $2$ and $4$, and the resulting shortest path from $1$ to $5$ is length $3$$.",,,"['binarysearch', 'datastructures', 'dfsandsimilar', 'graphs', 'greedy', 'shortestpaths', 'sortings']",1600-1999
64C,,1600,"greedy,implementation,math","The integer numbers from 1 to nm was put into rectangular table having n rows and m columns. The numbers was put from left to right, from top to bottom, i.e. the first row contains integers 1, 2, ..., m, the second — m + 1, m + 2, ..., 2 * m and so on.

After it these numbers was written on the paper in another order: from top to bottom, from left to right. First, the numbers in the first column was written (from top to bottom) and so on.

Print the k-th number on the paper.

The only line in the input contains three integer numbers n, m and k (1 ≤ n, m ≤ 20000, 1 ≤ k ≤ nm).

Print the required number.",,,"['greedy', 'implementation', 'math']",1600-1999
247D,,1900,,"Two villages are separated by a river that flows from the north to the south. The villagers want to build a bridge across the river to make it easier to move across the villages.

The river banks can be assumed to be vertical straight lines x = a and x = b (0 < a < b).

The west village lies in a steppe at point O = (0, 0). There are n pathways leading from the village to the river, they end at points Ai = (a, yi). The villagers there are plain and simple, so their pathways are straight segments as well.

The east village has reserved and cunning people. Their village is in the forest on the east bank of the river, but its exact position is not clear. There are m twisted paths leading from this village to the river and ending at points Bi = (b, y'i). The lengths of all these paths are known, the length of the path that leads from the eastern village to point Bi, equals li.

The villagers want to choose exactly one point on the left bank of river Ai, exactly one point on the right bank Bj and connect them by a straight-line bridge so as to make the total distance between the villages (the sum of |OAi| + |AiBj| + lj, where |XY| is the Euclidean distance between points X and Y) were minimum. The Euclidean distance between points (x1, y1) and (x2, y2) equals .

Help them and find the required pair of points.

The first line contains integers n, m, a, b (1 ≤ n, m ≤ 105, 0 < a < b < 106). 

The second line contains n integers in the ascending order: the i-th integer determines the coordinate of point Ai and equals yi (|yi| ≤ 106). 

The third line contains m integers in the ascending order: the i-th integer determines the coordinate of point Bi and equals y'i (|y'i| ≤ 106). 

The fourth line contains m more integers: the i-th of them determines the length of the path that connects the eastern village and point Bi, and equals li (1 ≤ li ≤ 106).

It is guaranteed, that there is such a point C with abscissa at least b, that |BiC| ≤ li for all i (1 ≤ i ≤ m). It is guaranteed ",,,[],1600-1999
1346E,,1700,"dp,graphs","Masha is going to participate in a talent show conducted by the university she studies at. She wants to impress the audience with lots of different magic tricks!

For one of her tricks, she uses $$n$ sponge balls, one of which is a special one. First, she arranges the balls in a row in such a way that the special ball is put on position $k$ (positions are numbered from $1$ to $n$ from left to right). After that, she performs $m$ swaps: during the $i$-th swap, she chooses the ball on position $x_i$ and the ball on position $y_i$, and swaps them.

Since Masha is a magician, she fakes some of her actions to trick the audience — when she starts performing a swap, she may fake it, so it is not performed (but it looks like it is performed for the audience). There are no constraints on which swaps Masha should fake or should actually perform — for example, she may fake all of the swaps, or even not fake anything at all.

For the trick to work perfectly, the special ball should end up on a specific position — Masha has not decided yet, which position is perfect. Since faking swaps is difficult, for each position she wants to know the minimum number of swaps she has to fake so that the special ball ends up there. 

Unfortunately, Masha is a magician, neither a mathematician nor a programmer. So she needs your help in calculating what she wants!

The first line contains three integers $n$, $m$ and $k$ ($2 \le n \le 2 \cdot 10^5$; $1 \le m \le 2 \cdot 10^5$; $1 \le k \le n$) — the number of balls, the number of swaps and the initial position of the special ball, respectively.

Then $m$ lines follow, the $i$-th line contains two integers $x_i$ and $y_i$ ($1 \le x_i, y_i \le n$; $x_i \ne y_i$) denoting the $i$-th swap.

Print $n$ integers. The $i$-th integer should be the minimum number of swaps Masha has to fake so the special ball ends up on position $i$ (or $-1$$, if Masha cannot put the special ball there).",,,"['dp', 'graphs']",1600-1999
1009B,,1400,"greedy,implementation","You are given a ternary string (it is a string which consists only of characters '0', '1' and '2').

You can swap any two adjacent (consecutive) characters '0' and '1' (i.e. replace ""01"" with ""10"" or vice versa) or any two adjacent (consecutive) characters '1' and '2' (i.e. replace ""12"" with ""21"" or vice versa).

For example, for string ""010210"" we can perform the following moves: 

Note than you cannot swap ""02"" $$\rightarrow$ ""20"" and vice versa. You cannot perform any other operations with the given string excluding described above.

You task is to obtain the minimum possible (lexicographically) string by using these swaps arbitrary number of times (possibly, zero).

String $a$ is lexicographically less than string $b$ (if strings $a$ and $b$ have the same length) if there exists some position $i$ ($1 \le i \le |a|$, where $|s|$ is the length of the string $s$) such that for every $j < i$ holds $a_j = b_j$, and $a_i < b_i$.

The first line of the input contains the string $s$ consisting only of characters '0', '1' and '2', its length is between $1$ and $10^5$$ (inclusive).

Print a single string — the minimum possible (lexicographically) string you can obtain by using the swaps described above arbitrary number of times (possibly, zero).",,,"['greedy', 'implementation']",1200-1599
1237A,,1000,"implementation,math","Another Codeforces Round has just finished! It has gathered $$n$ participants, and according to the results, the expected rating change of participant $i$ is $a_i$. These rating changes are perfectly balanced — their sum is equal to $0$.

Unfortunately, due to minor technical glitches, the round is declared semi-rated. It means that all rating changes must be divided by two.

There are two conditions though: 

Can you help with that?

The first line contains a single integer $n$ ($2 \le n \le 13\,845$), denoting the number of participants.

Each of the next $n$ lines contains a single integer $a_i$ ($-336 \le a_i \le 1164$), denoting the rating change of the $i$-th participant.

The sum of all $a_i$ is equal to $0$.

Output $n$ integers $b_i$, each denoting the modified rating change of the $i$-th participant in order of input.

For any $i$, it must be true that either $b_i = \lfloor \frac{a_i}{2} \rfloor$ or $b_i = \lceil \frac{a_i}{2} \rceil$. The sum of all $b_i$ must be equal to $0$.

If there are multiple solutions, print any. We can show that a solution exists for any valid input.

In the first example, $b_1 = 5$, $b_2 = -3$ and $b_3 = -2$ is another correct solution.

In the second example there are $6$$ possible solutions, one of them is shown in the example output.",,,"['implementation', 'math']",800-1199
1303E,,2200,"dp,strings","You are given a string $$s$. You can build new string $p$ from $s$ using the following operation no more than two times: 

Of course, initially the string $p$ is empty. 

For example, let $s = \text{ababcd}$. At first, let's choose subsequence $s_1 s_4 s_5 = \text{abc}$ — we will get $s = \text{bad}$ and $p = \text{abc}$. At second, let's choose $s_1 s_2 = \text{ba}$ — we will get $s = \text{d}$ and $p = \text{abcba}$. So we can build $\text{abcba}$ from $\text{ababcd}$.

Can you build a given string $t$ using the algorithm above?

The first line contains the single integer $T$ ($1 \le T \le 100$) — the number of test cases.

Next $2T$ lines contain test cases — two per test case. The first line contains string $s$ consisting of lowercase Latin letters ($1 \le |s| \le 400$) — the initial string.

The second line contains string $t$ consisting of lowercase Latin letters ($1 \le |t| \le |s|$) — the string you'd like to build.

It's guaranteed that the total length of strings $s$ doesn't exceed $400$.

Print $T$ answers — one per test case. Print YES (case insensitive) if it's possible to build $t$$ and NO (case insensitive) otherwise.",,,"['dp', 'strings']",2000-2399
1394C,,2600,"binarysearch,geometry,ternarysearch","Boboniu defines BN-string as a string $$s$ of characters 'B' and 'N'.

You can perform the following operations on the BN-string $s$:

Note that a string $a$ is a substring of a string $b$ if $a$ can be obtained from $b$ by deletion of several (possibly, zero or all) characters from the beginning and several (possibly, zero or all) characters from the end.

Boboniu thinks that BN-strings $s$ and $t$ are similar if and only if:

Boboniu also defines $\text{dist}(s,t)$, the distance between $s$ and $t$, as the minimum number of operations that makes $s$ similar to $t$.

Now Boboniu gives you $n$ non-empty BN-strings $s_1,s_2,\ldots, s_n$ and asks you to find a non-empty BN-string $t$ such that the maximum distance to string $s$ is minimized, i.e. you need to minimize $\max_{i=1}^n \text{dist}(s_i,t)$.

The first line contains a single integer $n$ ($1\le n\le 3\cdot 10^5$).

Each of the next $n$ lines contains a string $s_i$ ($1\le |s_i| \le 5\cdot 10^5$). It is guaranteed that $s_i$ only contains 'B' and 'N'. The sum of $|s_i|$ does not exceed $5\cdot 10^5$.

In the first line, print the minimum $\max_{i=1}^n \text{dist}(s_i,t)$.

In the second line, print the suitable $t$.

If there are several possible $t$'s, you can print any.

In the first example $\text{dist(B,BN)}=\text{dist(N,BN)}=1$, $\text{dist(BN,BN)}=0$. So the maximum distance is $1$$.",,,"['binarysearch', 'geometry', 'ternarysearch']",2400-2799
288A,,1300,greedy,"Little penguin Polo adores strings. But most of all he adores strings of length n.

One day he wanted to find a string that meets the following conditions:

Help him find such string or state that such string doesn't exist.

String x = x1x2... xp is lexicographically less than string y = y1y2... yq, if either p < q and x1 = y1, x2 = y2, ... , xp = yp, or there is such number r (r < p, r < q), that x1 = y1, x2 = y2, ... , xr = yr and xr + 1 < yr + 1. The characters of the strings are compared by their ASCII codes.

A single line contains two positive integers n and k (1 ≤ n ≤ 106, 1 ≤ k ≤ 26) — the string's length and the number of distinct letters.

In a single line print the required string. If there isn't such string, print ""-1"" (without the quotes).",,,['greedy'],1200-1599
964A,,800,math,"Let's define a split of $$n$ as a nonincreasing sequence of positive integers, the sum of which is $n$. 

For example, the following sequences are splits of $8$: $[4, 4]$, $[3, 3, 2]$, $[2, 2, 1, 1, 1, 1]$, $[5, 2, 1]$.

The following sequences aren't splits of $8$: $[1, 7]$, $[5, 4]$, $[11, -3]$, $[1, 1, 4, 1, 1]$.

The weight of a split is the number of elements in the split that are equal to the first element. For example, the weight of the split $[1, 1, 1, 1, 1]$ is $5$, the weight of the split $[5, 5, 3, 3, 3]$ is $2$ and the weight of the split $[9]$ equals $1$.

For a given $n$, find out the number of different weights of its splits.

The first line contains one integer $n$ ($1 \leq n \leq 10^9$).

Output one integer — the answer to the problem.

In the first sample, there are following possible weights of splits of $7$:

Weight 1: [$\textbf 7$] 

Weight 2: [$\textbf 3$, $\textbf 3$, 1] 

Weight 3: [$\textbf 2$, $\textbf 2$, $\textbf 2$, 1] 

Weight 7: [$\textbf 1$, $\textbf 1$, $\textbf 1$, $\textbf 1$, $\textbf 1$, $\textbf 1$, $\textbf 1$$]",,,['math'],800-1199
923D,,2500,"constructivealgorithms,implementation,strings","Alice has a string consisting of characters 'A', 'B' and 'C'. Bob can use the following transitions on any substring of our string in any order any number of times: 

Note that a substring is one or more consecutive characters. For given queries, determine whether it is possible to obtain the target string from source.

The first line contains a string S (1 ≤ |S| ≤ 105). The second line contains a string T (1 ≤ |T| ≤ 105), each of these strings consists only of uppercase English letters 'A', 'B' and 'C'.

The third line contains the number of queries Q (1 ≤ Q ≤ 105).

The following Q lines describe queries. The i-th of these lines contains four space separated integers ai, bi, ci, di. These represent the i-th query: is it possible to create T[ci..di] from S[ai..bi] by applying the above transitions finite amount of times?

Here, U[x..y] is a substring of U that begins at index x (indexed from 1) and ends at index y. In particular, U[1..|U|] is the whole string U.

It is guaranteed that 1 ≤ a ≤ b ≤ |S| and 1 ≤ c ≤ d ≤ |T|.

Print a string of Q characters, where the i-th character is '1' if the answer to the i-th query is positive, and '0' otherwise.

In the first query we can achieve the result, for instance, by using transitions .

The third query asks for changing AAB to A — but in this case we are not able to get rid of the character 'B'.",,,"['constructivealgorithms', 'implementation', 'strings']",2400-2799
402B,,1400,"bruteforce,implementation","The Queen of England has n trees growing in a row in her garden. At that, the i-th (1 ≤ i ≤ n) tree from the left has height ai meters. Today the Queen decided to update the scenery of her garden. She wants the trees' heights to meet the condition: for all i (1 ≤ i < n), ai + 1 - ai = k, where k is the number the Queen chose.

Unfortunately, the royal gardener is not a machine and he cannot fulfill the desire of the Queen instantly! In one minute, the gardener can either decrease the height of a tree to any positive integer height or increase the height of a tree to any positive integer height. How should the royal gardener act to fulfill a whim of Her Majesty in the minimum number of minutes?

The first line contains two space-separated integers: n, k (1 ≤ n, k ≤ 1000). The second line contains n space-separated integers a1, a2, ..., an (1 ≤ ai ≤ 1000) — the heights of the trees in the row. 

In the first line print a single integer p — the minimum number of minutes the gardener needs. In the next p lines print the description of his actions. 

If the gardener needs to increase the height of the j-th (1 ≤ j ≤ n) tree from the left by x (x ≥ 1) meters, then print in the corresponding line ""+ j x"". If the gardener needs to decrease the height of the j-th (1 ≤ j ≤ n) tree from the left by x (x ≥ 1) meters, print on the corresponding line ""- j x"".

If there are multiple ways to make a row of trees beautiful in the minimum number of actions, you are allowed to print any of them.",,,"['bruteforce', 'implementation']",1200-1599
626D,,1800,"bruteforce,combinatorics,dp,probabilities","Andrew and Jerry are playing a game with Harry as the scorekeeper. The game consists of three rounds. In each round, Andrew and Jerry draw randomly without replacement from a jar containing n balls, each labeled with a distinct positive integer. Without looking, they hand their balls to Harry, who awards the point to the player with the larger number and returns the balls to the jar. The winner of the game is the one who wins at least two of the three rounds.

Andrew wins rounds 1 and 2 while Jerry wins round 3, so Andrew wins the game. However, Jerry is unhappy with this system, claiming that he will often lose the match despite having the higher overall total. What is the probability that the sum of the three balls Jerry drew is strictly higher than the sum of the three balls Andrew drew?

The first line of input contains a single integer n (2 ≤ n ≤ 2000) — the number of balls in the jar.

The second line contains n integers ai (1 ≤ ai ≤ 5000) — the number written on the ith ball. It is guaranteed that no two balls have the same number.

Print a single real value — the probability that Jerry has a higher total, given that Andrew wins the first two rounds and Jerry wins the third. Your answer will be considered correct if its absolute or relative error does not exceed 10 - 6. 

Namely: let's assume that your answer is a, and the answer of the jury is b. The checker program will consider your answer correct, if .

In the first case, there are only two balls. In the first two rounds, Andrew must have drawn the 2 and Jerry must have drawn the 1, and vice versa in the final round. Thus, Andrew's sum is 5 and Jerry's sum is 4, so Jerry never has a higher total.

In the second case, each game could've had three outcomes — 10 - 2, 10 - 1, or 2 - 1. Jerry has a higher total if and only if Andrew won 2 - 1 in both of the first two rounds, and Jerry drew the 10 in the last round. This has probability .",,,"['bruteforce', 'combinatorics', 'dp', 'probabilities']",1600-1999
1327A,,1100,math,"You are given two integers $$n$ and $k$. Your task is to find if $n$ can be represented as a sum of $k$ distinct positive odd (not divisible by $2$) integers or not.

You have to answer $t$ independent test cases.

The first line of the input contains one integer $t$ ($1 \le t \le 10^5$) — the number of test cases.

The next $t$ lines describe test cases. The only line of the test case contains two integers $n$ and $k$ ($1 \le n, k \le 10^7$).

For each test case, print the answer — ""YES"" (without quotes) if $n$ can be represented as a sum of $k$ distinct positive odd (not divisible by $2$) integers and ""NO"" otherwise.

In the first test case, you can represent $3$ as $3$.

In the second test case, the only way to represent $4$ is $1+3$.

In the third test case, you cannot represent $10$ as the sum of three distinct positive odd integers.

In the fourth test case, you can represent $10$ as $3+7$, for example.

In the fifth test case, you can represent $16$ as $1+3+5+7$.

In the sixth test case, you cannot represent $16$$ as the sum of five distinct positive odd integers.",,,['math'],800-1199
141B,,1400,"geometry,math","So nearly half of the winter is over and Maria is dreaming about summer. She's fed up with skates and sleds, she was dreaming about Hopscotch all night long. It's a very popular children's game. The game field, the court, looks as is shown in the figure (all blocks are square and are numbered from bottom to top, blocks in the same row are numbered from left to right). Let us describe the hopscotch with numbers that denote the number of squares in the row, staring from the lowest one: 1-1-2-1-2-1-2-(1-2)..., where then the period is repeated (1-2).

The coordinate system is defined as shown in the figure. Side of all the squares are equal and have length a.

Maria is a very smart and clever girl, and she is concerned with quite serious issues: if she throws a stone into a point with coordinates (x, y), then will she hit some square? If the answer is positive, you are also required to determine the number of the square.

It is believed that the stone has fallen into the square if it is located strictly inside it. In other words a stone that has fallen on the square border is not considered a to hit a square.

The only input line contains three integers: a, x, y, where a (1 ≤ a ≤ 100) is the side of the square, x and y ( - 106 ≤ x ≤ 106, 0 ≤ y ≤ 106) are coordinates of the stone.

Print the number of the square, inside which the stone fell. If the stone is on a border of some stone or outside the court, print ""-1"" without the quotes.",,,"['geometry', 'math']",1200-1599
1380E,,2300,"datastructures,dsu,implementation,trees","You have a set of $$n$ discs, the $i$-th disc has radius $i$. Initially, these discs are split among $m$ towers: each tower contains at least one disc, and the discs in each tower are sorted in descending order of their radii from bottom to top.

You would like to assemble one tower containing all of those discs. To do so, you may choose two different towers $i$ and $j$ (each containing at least one disc), take several (possibly all) top discs from the tower $i$ and put them on top of the tower $j$ in the same order, as long as the top disc of tower $j$ is bigger than each of the discs you move. You may perform this operation any number of times.

For example, if you have two towers containing discs $[6, 4, 2, 1]$ and $[8, 7, 5, 3]$ (in order from bottom to top), there are only two possible operations:

Let the difficulty of some set of towers be the minimum number of operations required to assemble one tower containing all of the discs. For example, the difficulty of the set of towers $[[3, 1], [2]]$ is $2$: you may move the disc $1$ to the second tower, and then move both discs from the second tower to the first tower.

You are given $m - 1$ queries. Each query is denoted by two numbers $a_i$ and $b_i$, and means ""merge the towers $a_i$ and $b_i$"" (that is, take all discs from these two towers and assemble a new tower containing all of them in descending order of their radii from top to bottom). The resulting tower gets index $a_i$.

For each $k \in [0, m - 1]$, calculate the difficulty of the set of towers after the first $k$ queries are performed.

The first line of the input contains two integers $n$ and $m$ ($2 \le m \le n \le 2 \cdot 10^5$) — the number of discs and the number of towers, respectively.

The second line contains $n$ integers $t_1$, $t_2$, ..., $t_n$ ($1 \le t_i \le m$), where $t_i$ is the index of the tower disc $i$ belongs to. Each value from $1$ to $m$ appears in this sequence at least once.

Then $m - 1$ lines follow, denoting the queries. E",,,"['datastructures', 'dsu', 'implementation', 'trees']",2000-2399
848A,,1600,constructivealgorithms,"From beginning till end, this message has been waiting to be conveyed.

For a given unordered multiset of n lowercase English letters (""multi"" means that a letter may appear more than once), we treat all letters as strings of length 1, and repeat the following operation n - 1 times:

The cost of such operation is defined to be , where f(s, c) denotes the number of times character c appears in string s.

Given a non-negative integer k, construct any valid non-empty set of no more than 100 000 letters, such that the minimum accumulative cost of the whole process is exactly k. It can be shown that a solution always exists.

The first and only line of input contains a non-negative integer k (0 ≤ k ≤ 100 000) — the required minimum cost.

Output a non-empty string of no more than 100 000 lowercase English letters — any multiset satisfying the requirements, concatenated to be a string.

Note that the printed string doesn't need to be the final concatenated string. It only needs to represent an unordered multiset of letters.

For the multiset {'a', 'b', 'a', 'b', 'a', 'b', 'a', 'b'}, one of the ways to complete the process is as follows:

The total cost is 12, and it can be proved to be the minimum cost of the process.",,,['constructivealgorithms'],1600-1999
717D,,1900,"games,matrices,probabilities","Dexterina and Womandark have been arch-rivals since they’ve known each other. Since both are super-intelligent teenage girls, they’ve always been trying to solve their disputes in a peaceful and nonviolent way. After god knows how many different challenges they’ve given to one another, their score is equal and they’re both desperately trying to best the other in various games of wits. This time, Dexterina challenged Womandark to a game of Nim.

Nim is a two-player game in which players take turns removing objects from distinct heaps. On each turn, a player must remove at least one object, and may remove any number of objects from a single heap. The player who can't make a turn loses. By their agreement, the sizes of piles are selected randomly from the range [0, x]. Each pile's size is taken independently from the same probability distribution that is known before the start of the game.

Womandark is coming up with a brand new and evil idea on how to thwart Dexterina’s plans, so she hasn’t got much spare time. She, however, offered you some tips on looking fabulous in exchange for helping her win in Nim. Your task is to tell her what is the probability that the first player to play wins, given the rules as above.

The first line of the input contains two integers n (1 ≤ n ≤ 109) and x (1 ≤ x ≤ 100) — the number of heaps and the maximum number of objects in a heap, respectively. The second line contains x + 1 real numbers, given with up to 6 decimal places each: P(0), P(1), ... , P(X). Here, P(i) is the probability of a heap having exactly i objects in start of a game. It's guaranteed that the sum of all P(i) is equal to 1.

Output a single real number, the probability that the first player wins. The answer will be judged as correct if it differs from the correct answer by at most 10 - 6.",,,"['games', 'matrices', 'probabilities']",1600-1999
443C,,1700,"bitmasks,bruteforce,constructivealgorithms,implementation","Have you ever played Hanabi? If not, then you've got to try it out! This problem deals with a simplified version of the game.

Overall, the game has 25 types of cards (5 distinct colors and 5 distinct values). Borya is holding n cards. The game is somewhat complicated by the fact that everybody sees Borya's cards except for Borya himself. Borya knows which cards he has but he knows nothing about the order they lie in. Note that Borya can have multiple identical cards (and for each of the 25 types of cards he knows exactly how many cards of this type he has).

The aim of the other players is to achieve the state when Borya knows the color and number value of each of his cards. For that, other players can give him hints. The hints can be of two types: color hints and value hints. 

A color hint goes like that: a player names some color and points at all the cards of this color. 

Similarly goes the value hint. A player names some value and points at all the cards that contain the value.

Determine what minimum number of hints the other players should make for Borya to be certain about each card's color and value.

The first line contains integer n (1 ≤ n ≤ 100) — the number of Borya's cards. The next line contains the descriptions of n cards. The description of each card consists of exactly two characters. The first character shows the color (overall this position can contain five distinct letters — R, G, B, Y, W). The second character shows the card's value (a digit from 1 to 5). Borya doesn't know exact order of the cards they lie in.

Print a single integer — the minimum number of hints that the other players should make.

In the first sample Borya already knows for each card that it is a green three.

In the second sample we can show all fours and all red cards.

In the third sample you need to make hints about any four colors.",,,"['bitmasks', 'bruteforce', 'constructivealgorithms', 'implementation']",1600-1999
883D,,2500,"binarysearch,dp,math","Game field is represented by a line of n square cells. In some cells there are packmen, in some cells there are asterisks and the rest of the cells are empty. Packmen eat asterisks.

Before the game starts you can choose a movement direction, left or right, for each packman. Once the game begins all the packmen simultaneously start moving according their directions. A packman can't change the given direction.

Once a packman enters a cell containing an asterisk, packman immediately eats the asterisk. Once the packman leaves the cell it becomes empty. Each packman moves at speed 1 cell per second. If a packman enters a border cell, the packman stops. Packmen do not interfere with the movement of other packmen; in one cell there can be any number of packmen moving in any directions.

Your task is to assign a direction to each packman so that they eat the maximal number of asterisks. If there are multiple ways to assign directions to eat the maximal number of asterisks, you should choose the way which minimizes the time to do that.

The first line contains integer number n (2 ≤ n ≤ 1 000 000) — the number of cells in the game field.

The second line contains n characters. If the i-th character is '.', the i-th cell is empty. If the i-th character is '*', the i-th cell contains an asterisk. If the i-th character is 'P', the i-th cell contains a packman.

The field contains at least one asterisk and at least one packman.

Print two integer numbers — the maximal number of asterisks packmen can eat and the minimal time to do it.

In the first example the leftmost packman should move to the right, the rightmost packman should move to the left. All the asterisks will be eaten, the last asterisk will be eaten after 4 seconds.",,,"['binarysearch', 'dp', 'math']",2400-2799
470C,,1900,,"You are given a simple arithmetic expression of the form a?b, where a and b are integer constants, and ? can be one of the following operations: '+' (addition), '-' (subtraction), '*' (multiplication), '/' (integer division) or '%' (modulo operation).

Output the result of evaluation of this expression.

The input is a single line containing an expression a?b. Here a and b are integers between 1 and 999, inclusive; ? is an operation character: '+', '-' (ASCII code 45), '*', '/' or '%'.

Output a single integer — the result of evaluation of this expression.",,,[],1600-1999
837B,,1600,"bruteforce,implementation","The flag of Berland is such rectangular field n × m that satisfies following conditions:

You are given a field n × m, consisting of characters 'R', 'G' and 'B'. Output ""YES"" (without quotes) if this field corresponds to correct flag of Berland. Otherwise, print ""NO"" (without quotes).

The first line contains two integer numbers n and m (1 ≤ n, m ≤ 100) — the sizes of the field.

Each of the following n lines consisting of m characters 'R', 'G' and 'B' — the description of the field.

Print ""YES"" (without quotes) if the given field corresponds to correct flag of Berland . Otherwise, print ""NO"" (without quotes).

The field in the third example doesn't have three parralel stripes.

Rows of the field in the fourth example are parralel to each other and to borders. But they have different heights — 2, 1 and 1.",,,"['bruteforce', 'implementation']",1600-1999
859E,,2100,"combinatorics,dfsandsimilar,dsu,graphs,trees","A new set of desks just arrived, and it's about time! Things were getting quite cramped in the office. You've been put in charge of creating a new seating chart for the engineers. The desks are numbered, and you sent out a survey to the engineering team asking each engineer the number of the desk they currently sit at, and the number of the desk they would like to sit at (which may be the same as their current desk). Each engineer must either remain where they sit, or move to the desired seat they indicated in the survey. No two engineers currently sit at the same desk, nor may any two engineers sit at the same desk in the new seating arrangement.

How many seating arrangements can you create that meet the specified requirements? The answer may be very large, so compute it modulo 1000000007 = 109 + 7.

Input will begin with a line containing N (1 ≤ N ≤ 100000), the number of engineers. 

N lines follow, each containing exactly two integers. The i-th line contains the number of the current desk of the i-th engineer and the number of the desk the i-th engineer wants to move to. Desks are numbered from 1 to 2·N. It is guaranteed that no two engineers sit at the same desk.

Print the number of possible assignments, modulo 1000000007 = 109 + 7.

These are the possible assignments for the first example:",,,"['combinatorics', 'dfsandsimilar', 'dsu', 'graphs', 'trees']",2000-2399
1138D,,1600,"greedy,hashing,stringsuffixstructures,strings","The new camp by widely-known over the country Spring Programming Camp is going to start soon. Hence, all the team of friendly curators and teachers started composing the camp's schedule. After some continuous discussion, they came up with a schedule $$s$, which can be represented as a binary string, in which the $i$-th symbol is '1' if students will write the contest in the $i$-th day and '0' if they will have a day off.

At the last moment Gleb said that the camp will be the most productive if it runs with the schedule $t$ (which can be described in the same format as schedule $s$). Since the number of days in the current may be different from number of days in schedule $t$, Gleb required that the camp's schedule must be altered so that the number of occurrences of $t$ in it as a substring is maximum possible. At the same time, the number of contest days and days off shouldn't change, only their order may change.

Could you rearrange the schedule in the best possible way?

The first line contains string $s$ ($1 \leqslant |s| \leqslant 500\,000$), denoting the current project of the camp's schedule.

The second line contains string $t$ ($1 \leqslant |t| \leqslant 500\,000$), denoting the optimal schedule according to Gleb.

Strings $s$ and $t$ contain characters '0' and '1' only.

In the only line print the schedule having the largest number of substrings equal to $t$. Printed schedule should consist of characters '0' and '1' only and the number of zeros should be equal to the number of zeros in $s$ and the number of ones should be equal to the number of ones in $s$.

In case there multiple optimal schedules, print any of them.

In the first example there are two occurrences, one starting from first position and one starting from fourth position.

In the second example there is only one occurrence, which starts from third position. Note, that the answer is not unique. For example, if we move the first day (which is a day off) to the last position, the number of occu",,,"['greedy', 'hashing', 'stringsuffixstructures', 'strings']",1600-1999
672A,,800,implementation,"Every year, hundreds of people come to summer camps, they learn new algorithms and solve hard problems.

This is your first year at summer camp, and you are asked to solve the following problem. All integers starting with 1 are written in one line. The prefix of these line is ""123456789101112131415..."". Your task is to print the n-th digit of this string (digits are numbered starting with 1.

The only line of the input contains a single integer n (1 ≤ n ≤ 1000) — the position of the digit you need to print.

Print the n-th digit of the line.

In the first sample the digit at position 3 is '3', as both integers 1 and 2 consist on one digit.

In the second sample, the digit at position 11 is '0', it belongs to the integer 10.",,,['implementation'],800-1199
1025A,,900,"implementation,sortings","Panic is rising in the committee for doggo standardization — the puppies of the new brood have been born multi-colored! In total there are 26 possible colors of puppies in the nature and they are denoted by letters from 'a' to 'z' inclusive.

The committee rules strictly prohibit even the smallest diversity between doggos and hence all the puppies should be of the same color. Thus Slava, the committee employee, has been assigned the task to recolor some puppies into other colors in order to eliminate the difference and make all the puppies have one common color.

Unfortunately, due to bureaucratic reasons and restricted budget, there's only one operation Slava can perform: he can choose a color $$x$ such that there are currently at least two puppies of color $x$ and recolor all puppies of the color $x$ into some arbitrary color $y$. Luckily, this operation can be applied multiple times (including zero).

For example, if the number of puppies is $7$ and their colors are represented as the string ""abababc"", then in one operation Slava can get the results ""zbzbzbc"", ""bbbbbbc"", ""aaaaaac"", ""acacacc"" and others. However, if the current color sequence is ""abababc"", then he can't choose $x$='c' right now, because currently only one puppy has the color 'c'.

Help Slava and the committee determine whether it is possible to standardize all the puppies, i.e. after Slava's operations all the puppies should have the same color.

The first line contains a single integer $n$ ($1 \le n \le 10^5$) — the number of puppies.

The second line contains a string $s$ of length $n$ consisting of lowercase Latin letters, where the $i$-th symbol denotes the $i$$-th puppy's color.

If it's possible to recolor all puppies into one color, print ""Yes"".

Otherwise print ""No"".

Output the answer without quotation signs.

In the first example Slava can perform the following steps: 

In the second example it's impossible to recolor any of the puppies.

In the third example all the puppies' colors are ",,,"['implementation', 'sortings']",800-1199
575F,,2100,"dp,greedy","Bananistan is a beautiful banana republic. Beautiful women in beautiful dresses. Beautiful statues of beautiful warlords. Beautiful stars in beautiful nights.

In Bananistan people play this crazy game – Bulbo. There’s an array of bulbs and player at the position, which represents one of the bulbs. The distance between two neighboring bulbs is 1. Before each turn player can change his position with cost |posnew - posold|. After that, a contiguous set of bulbs lights-up and player pays the cost that’s equal to the distance to the closest shining bulb. Then, all bulbs go dark again. The goal is to minimize your summed cost. I tell you, Bananistanians are spending their nights playing with bulbs.

Banana day is approaching, and you are hired to play the most beautiful Bulbo game ever. A huge array of bulbs is installed, and you know your initial position and all the light-ups in advance. You need to play the ideal game and impress Bananistanians, and their families.

The first line contains number of turns n and initial position x. Next n lines contain two numbers lstart and lend, which represent that all bulbs from interval [lstart, lend] are shining this turn.

Output should contain a single number which represents the best result (minimum cost) that could be obtained by playing this Bulbo game.

Before 1. turn move to position 5

Before 2. turn move to position 9

Before 5. turn move to position 8",,,"['dp', 'greedy']",2000-2399
479A,,1000,"bruteforce,math","Petya studies in a school and he adores Maths. His class has been studying arithmetic expressions. On the last class the teacher wrote three positive integers a, b, c on the blackboard. The task was to insert signs of operations '+' and '*', and probably brackets between the numbers so that the value of the resulting expression is as large as possible. Let's consider an example: assume that the teacher wrote numbers 1, 2 and 3 on the blackboard. Here are some ways of placing signs and brackets:

Note that you can insert operation signs only between a and b, and between b and c, that is, you cannot swap integers. For instance, in the given sample you cannot get expression (1+3)*2.

It's easy to see that the maximum value that you can obtain is 9.

Your task is: given a, b and c print the maximum value that you can get.

The input contains three integers a, b and c, each on a single line (1 ≤ a, b, c ≤ 10).

Print the maximum value of the expression that you can obtain.",,,"['bruteforce', 'math']",800-1199
1178D,,1500,"constructivealgorithms,greedy,math,numbertheory","Every person likes prime numbers. Alice is a person, thus she also shares the love for them. Bob wanted to give her an affectionate gift but couldn't think of anything inventive. Hence, he will be giving her a graph. How original, Bob! Alice will surely be thrilled!

When building the graph, he needs four conditions to be satisfied: 

Below is an example for $$n = 4$. The first graph (left one) is invalid as the degree of vertex $2$ (and $4$) equals to $1$, which is not prime. The second graph (middle one) is invalid as the total number of edges is $4$, which is not a prime number. The third graph (right one) is a valid answer for $n = 4$. 

Note that the graph can be disconnected.

Please help Bob to find any such graph!

The input consists of a single integer $n$ ($3 \leq n \leq 1\,000$) — the number of vertices.

If there is no graph satisfying the conditions, print a single line containing the integer $-1$.

Otherwise, first print a line containing a prime number $m$ ($2 \leq m \leq \frac{n(n-1)}{2}$) — the number of edges in the graph. Then, print $m$ lines, the $i$-th of which containing two integers $u_i$, $v_i$ ($1 \leq u_i, v_i \leq n$) — meaning that there is an edge between vertices $u_i$ and $v_i$. The degree of each vertex must be prime. There must be no multiple (parallel) edges or self-loops.

If there are multiple solutions, you may print any of them.

Note that the graph can be disconnected.

The first example was described in the statement.

In the second example, the degrees of vertices are $[7, 5, 2, 2, 3, 2, 2, 3]$. Each of these numbers is prime. Additionally, the number of edges, $13$$, is also a prime number, hence both conditions are satisfied.",,,"['constructivealgorithms', 'greedy', 'math', 'numbertheory']",1200-1599
935E,,2300,"dfsandsimilar,dp,trees","Ancient Egyptians are known to have understood difficult concepts in mathematics. The ancient Egyptian mathematician Ahmes liked to write a kind of arithmetic expressions on papyrus paper which he called as Ahmes arithmetic expression.

An Ahmes arithmetic expression can be defined as: 

On his trip to Egypt, Fafa found a piece of papyrus paper having one of these Ahmes arithmetic expressions written on it. Being very ancient, the papyrus piece was very worn out. As a result, all the operators were erased, keeping only the numbers and the brackets. Since Fafa loves mathematics, he decided to challenge himself with the following task:

Given the number of plus and minus operators in the original expression, find out the maximum possible value for the expression on the papyrus paper after putting the plus and minus operators in the place of the original erased operators.

The first line contains a string E (1 ≤ |E| ≤ 104) — a valid Ahmes arithmetic expression. All operators are erased and replaced with '?'.

The second line contains two space-separated integers P and M (0 ≤ min(P, M) ≤ 100) — the number of plus and minus operators, respectively. 

It is guaranteed that P + M =  the number of erased operators.

Print one line containing the answer to the problem.",,,"['dfsandsimilar', 'dp', 'trees']",2000-2399
1415B,,1100,"bruteforce,bruteforce,greedy","There is a street with $$n$ houses in a line, numbered from $1$ to $n$. The house $i$ is initially painted in color $c_i$. The street is considered beautiful if all houses are painted in the same color. Tom, the painter, is in charge of making the street beautiful. Tom's painting capacity is defined by an integer, let's call it $k$.

On one day, Tom can do the following repainting process that consists of two steps: 

Note that in the same day Tom can use different colors to repaint different houses.

Tom wants to know the minimum number of days needed to repaint the street so that it becomes beautiful.

The first line of input contains a single integer $t$ ($ 1 \le t \le 10^4$), the number of test cases. Description of test cases follows.

In the first line of a test case description there are two integers $n$ and $k$ ($1 \le k \le n \le 10^5$).

The second line contains $n$ space-separated integers. The $i$-th of these integers represents $c_i$ ($1 \le c_i \le 100$), the color which house $i$ is initially painted in.

It is guaranteed that the sum of $n$ over all test cases does not exceed $10^5$.

Print $t$$ lines, each with one integer: the minimum number of days Tom needs to make the street beautiful for each test case. 

In the first test case Tom should paint houses 1 and 2 in the first day in color 2, houses 5 and 6 in the second day in color 2, and the last house in color 2 on the third day.

In the second test case Tom can, for example, spend 6 days to paint houses 1, 2, 4, 5, 6, 7 in color 3.

In the third test case Tom can paint the first house in the first day and houses 6, 7, and 8 in the second day in color 3.",,,"['bruteforce', 'bruteforce', 'greedy']",800-1199
1255C,,1600,"constructivealgorithms,implementation","Bob is an avid fan of the video game ""League of Leesins"", and today he celebrates as the League of Leesins World Championship comes to an end! 

The tournament consisted of $$n$ ($n \ge 5$) teams around the world. Before the tournament starts, Bob has made a prediction of the rankings of each team, from $1$-st to $n$-th. After the final, he compared the prediction with the actual result and found out that the $i$-th team according to his prediction ended up at the $p_i$-th position ($1 \le p_i \le n$, all $p_i$ are unique). In other words, $p$ is a permutation of $1, 2, \dots, n$.

As Bob's favorite League player is the famous ""3ga"", he decided to write down every $3$ consecutive elements of the permutation $p$. Formally, Bob created an array $q$ of $n-2$ triples, where $q_i = (p_i, p_{i+1}, p_{i+2})$ for each $1 \le i \le n-2$. Bob was very proud of his array, so he showed it to his friend Alice.

After learning of Bob's array, Alice declared that she could retrieve the permutation $p$ even if Bob rearranges the elements of $q$ and the elements within each triple. Of course, Bob did not believe in such magic, so he did just the same as above to see Alice's respond.

For example, if $n = 5$ and $p = [1, 4, 2, 3, 5]$, then the original array $q$ will be $[(1, 4, 2), (4, 2, 3), (2, 3, 5)]$. Bob can then rearrange the numbers within each triple and the positions of the triples to get $[(4, 3, 2), (2, 3, 5), (4, 1, 2)]$. Note that $[(1, 4, 2), (4, 2, 2), (3, 3, 5)]$ is not a valid rearrangement of $q$, as Bob is not allowed to swap numbers belong to different triples.

As Alice's friend, you know for sure that Alice was just trying to show off, so you decided to save her some face by giving her any permutation $p$ that is consistent with the array $q$ she was given. 

The first line contains a single integer $n$ ($5 \le n \le 10^5$) — the size of permutation $p$.

The $i$-th of the next $n-2$ lines contains $3$ integers $q_{i, 1}$, $q_{i, 2}$, $q_{i, 3}$ ($1 \le q_{i, j",,,"['constructivealgorithms', 'implementation']",1600-1999
963A,,1800,"math,numbertheory","You are given two integers $$a$ and $b$. Moreover, you are given a sequence $s_0, s_1, \dots, s_{n}$. All values in $s$ are integers $1$ or $-1$. It's known that sequence is $k$-periodic and $k$ divides $n+1$. In other words, for each $k \leq i \leq n$ it's satisfied that $s_{i} = s_{i - k}$.

Find out the non-negative remainder of division of $\sum \limits_{i=0}^{n} s_{i} a^{n - i} b^{i}$ by $10^{9} + 9$.

Note that the modulo is unusual!

The first line contains four integers $n, a, b$ and $k$ $(1 \leq n \leq 10^{9}, 1 \leq a, b \leq 10^{9}, 1 \leq k \leq 10^{5})$.

The second line contains a sequence of length $k$ consisting of characters '+' and '-'. 

If the $i$-th character (0-indexed) is '+', then $s_{i} = 1$, otherwise $s_{i} = -1$.

Note that only the first $k$ members of the sequence are given, the rest can be obtained using the periodicity property.

Output a single integer — value of given expression modulo $10^{9} + 9$.

In the first example:

$(\sum \limits_{i=0}^{n} s_{i} a^{n - i} b^{i})$ = $2^{2} 3^{0} - 2^{1} 3^{1} + 2^{0} 3^{2}$ = 7

In the second example:

$(\sum \limits_{i=0}^{n} s_{i} a^{n - i} b^{i}) = -1^{4} 5^{0} - 1^{3} 5^{1} - 1^{2} 5^{2} - 1^{1} 5^{3} - 1^{0} 5^{4} = -781 \equiv 999999228 \pmod{10^{9} + 9}$$.",,,"['math', 'numbertheory']",1600-1999
508A,,1100,bruteforce,"Pasha loves his phone and also putting his hair up... But the hair is now irrelevant.

Pasha has installed a new game to his phone. The goal of the game is following. There is a rectangular field consisting of n row with m pixels in each row. Initially, all the pixels are colored white. In one move, Pasha can choose any pixel and color it black. In particular, he can choose the pixel that is already black, then after the boy's move the pixel does not change, that is, it remains black. Pasha loses the game when a 2 × 2 square consisting of black pixels is formed. 

Pasha has made a plan of k moves, according to which he will paint pixels. Each turn in his plan is represented as a pair of numbers i and j, denoting respectively the row and the column of the pixel to be colored on the current move.

Determine whether Pasha loses if he acts in accordance with his plan, and if he does, on what move the 2 × 2 square consisting of black pixels is formed.

The first line of the input contains three integers n, m, k (1 ≤ n, m ≤ 1000, 1 ≤ k ≤ 105) — the number of rows, the number of columns and the number of moves that Pasha is going to perform. 

The next k lines contain Pasha's moves in the order he makes them. Each line contains two integers i and j (1 ≤ i ≤ n, 1 ≤ j ≤ m), representing the row number and column number of the pixel that was painted during a move.

If Pasha loses, print the number of the move when the 2 × 2 square consisting of black pixels is formed.

If Pasha doesn't lose, that is, no 2 × 2 square consisting of black pixels is formed during the given k moves, print 0.",,,['bruteforce'],800-1199
1472E,,1700,"binarysearch,datastructures,dp,sortings,twopointers","Polycarp has invited $$n$ friends to celebrate the New Year. During the celebration, he decided to take a group photo of all his friends. Each friend can stand or lie on the side.

Each friend is characterized by two values $h_i$ (their height) and $w_i$ (their width). On the photo the $i$-th friend will occupy a rectangle $h_i \times w_i$ (if they are standing) or $w_i \times h_i$ (if they are lying on the side).

The $j$-th friend can be placed in front of the $i$-th friend on the photo if his rectangle is lower and narrower than the rectangle of the $i$-th friend. Formally, at least one of the following conditions must be fulfilled:

For example, if $n = 3$, $h=[3,5,3]$ and $w=[4,4,3]$, then:

In other cases, the person in the foreground will overlap the person in the background.

Help Polycarp for each $i$ find any $j$, such that the $j$-th friend can be located in front of the $i$-th friend (i.e. at least one of the conditions above is fulfilled).

Please note that you do not need to find the arrangement of all people for a group photo. You just need to find for each friend $i$ any other friend $j$ who can be located in front of him. Think about it as you need to solve $n$ separate independent subproblems.

The first line contains one integer $t$ ($1 \leq t \leq 10^4$) — the number of test cases. Then $t$ test cases follow.

The first line of each test case contains one integer $n$ ($1 \leq n \leq 2 \cdot 10^5$) — the number of friends.

This is followed by $n$ lines, each of which contains a description of the corresponding friend. Each friend is described by two integers $h_i$ and $w_i$ ($1 \leq h_i, w_i \leq 10^9$) — height and width of the $i$-th friend, respectively.

It is guaranteed that the sum of $n$ over all test cases does not exceed $2 \cdot 10^5$.

For each test case output $n$ integers on a separate line, where the $i$-th number is the index of a friend that can be placed in front of the $i$$-th. If there is no such friend, then output -1.

If the",,,"['binarysearch', 'datastructures', 'dp', 'sortings', 'twopointers']",1600-1999
1421C,,1400,"constructivealgorithms,strings","Ringo found a string $$s$ of length $n$ in his yellow submarine. The string contains only lowercase letters from the English alphabet. As Ringo and his friends love palindromes, he would like to turn the string $s$ into a palindrome by applying two types of operations to the string. 

The first operation allows him to choose $i$ ($2 \le i \le n-1$) and to append the substring $s_2s_3 \ldots s_i$ ($i - 1$ characters) reversed to the front of $s$.

The second operation allows him to choose $i$ ($2 \le i \le n-1$) and to append the substring $s_i s_{i + 1}\ldots s_{n - 1}$ ($n - i$ characters) reversed to the end of $s$.

Note that characters in the string in this problem are indexed from $1$.

For example suppose $s=$abcdef. If he performs the first operation with $i=3$ then he appends cb to the front of $s$ and the result will be cbabcdef. Performing the second operation on the resulted string with $i=5$ will yield cbabcdefedc.

Your task is to help Ringo make the entire string a palindrome by applying any of the two operations (in total) at most $30$ times. The length of the resulting palindrome must not exceed $10^6$

It is guaranteed that under these constraints there always is a solution. Also note you do not have to minimize neither the number of operations applied, nor the length of the resulting string, but they have to fit into the constraints.

The only line contains the string $S$ ($3 \le |s| \le 10^5$) of lowercase letters from the English alphabet.

The first line should contain $k$ ($0\le k \le 30$)  — the number of operations performed.

Each of the following $k$ lines should describe an operation in form L i or R i. $L$ represents the first operation, $R$ represents the second operation, $i$ represents the index chosen.

The length of the resulting palindrome must not exceed $10^6$.

For the first example the following operations are performed:

abac $\to$ abacab $\to$ abacaba

The second sample performs the following operations: acccc $\to$ cccacccc $",,,"['constructivealgorithms', 'strings']",1200-1599
232B,,1900,"bitmasks,combinatorics,dp,math","John Doe has an n × m table. John Doe can paint points in some table cells, not more than one point in one table cell. John Doe wants to use such operations to make each square subtable of size n × n have exactly k points.

John Doe wondered, how many distinct ways to fill the table with points are there, provided that the condition must hold. As this number can be rather large, John Doe asks to find its remainder after dividing by 1000000007 (109 + 7).

You should assume that John always paints a point exactly in the center of some cell. Two ways to fill a table are considered distinct, if there exists a table cell, that has a point in one way and doesn't have it in the other.

A single line contains space-separated integers n, m, k (1 ≤ n ≤ 100; n ≤ m ≤ 1018; 0 ≤ k ≤ n2) — the number of rows of the table, the number of columns of the table and the number of points each square must contain.

Please, do not use the %lld specifier to read or write 64-bit integers in С++. It is preferred to use the cin, cout streams or the %I64d specifier. 

In a single line print a single integer — the remainder from dividing the described number of ways by 1000000007 (109 + 7).

Let's consider the first test case:",,,"['bitmasks', 'combinatorics', 'dp', 'math']",1600-1999
181C,,1200,"games,graphmatchings,greedy","To get money for a new aeonic blaster, ranger Qwerty decided to engage in trade for a while. He wants to buy some number of items (or probably not to buy anything at all) on one of the planets, and then sell the bought items on another planet. Note that this operation is not repeated, that is, the buying and the selling are made only once. To carry out his plan, Qwerty is going to take a bank loan that covers all expenses and to return the loaned money at the end of the operation (the money is returned without the interest). At the same time, Querty wants to get as much profit as possible.

The system has n planets in total. On each of them Qwerty can buy or sell items of m types (such as food, medicine, weapons, alcohol, and so on). For each planet i and each type of items j Qwerty knows the following:

It is not allowed to buy more than cij items of type j on planet i, but it is allowed to sell any number of items of any kind.

Knowing that the hold of Qwerty's ship has room for no more than k items, determine the maximum profit which Qwerty can get.

The first line contains three space-separated integers n, m and k (2 ≤ n ≤ 10, 1 ≤ m, k ≤ 100) — the number of planets, the number of question types and the capacity of Qwerty's ship hold, correspondingly.

Then follow n blocks describing each planet.

The first line of the i-th block has the planet's name as a string with length from 1 to 10 Latin letters. The first letter of the name is uppercase, the rest are lowercase. Then in the i-th block follow m lines, the j-th of them contains three integers aij, bij and cij (1 ≤ bij < aij ≤ 1000, 0 ≤ cij ≤ 100) — the numbers that describe money operations with the j-th item on the i-th planet. The numbers in the lines are separated by spaces.

It is guaranteed that the names of all planets are different.

Print a single number — the maximum profit Qwerty can get.

In the first test case you should fly to planet Venus, take a loan on 74 units of money and buy three items of",,,"['games', 'graphmatchings', 'greedy']",1200-1599
357B,,1400,"constructivealgorithms,implementation","In Berland, there is the national holiday coming — the Flag Day. In the honor of this event the president of the country decided to make a big dance party and asked your agency to organize it. He has several conditions:

The agency has n dancers, and their number can be less than 3m. That is, some dancers will probably have to dance in more than one dance. All of your dancers must dance on the party. However, if some dance has two or more dancers from a previous dance, then the current dance stops being spectacular. Your agency cannot allow that to happen, so each dance has at most one dancer who has danced in some previous dance. 

You considered all the criteria and made the plan for the m dances: each dance had three dancers participating in it. Your task is to determine the clothes color for each of the n dancers so that the President's third condition fulfilled: each dance must have a dancer in white, a dancer in red and a dancer in blue. The dancers cannot change clothes between the dances.

The first line contains two space-separated integers n (3 ≤ n ≤ 105) and m (1 ≤ m ≤ 105) — the number of dancers and the number of dances, correspondingly. Then m lines follow, describing the dances in the order of dancing them. The i-th line contains three distinct integers — the numbers of the dancers that take part in the i-th dance. The dancers are numbered from 1 to n. Each dancer takes part in at least one dance.

Print n space-separated integers: the i-th number must represent the color of the i-th dancer's clothes (1 for white, 2 for red, 3 for blue). If there are multiple valid solutions, print any of them. It is guaranteed that at least one solution exists.",,,"['constructivealgorithms', 'implementation']",1200-1599
999E,,2000,"dfsandsimilar,graphs,greedy","There are $$n$ cities and $m$ roads in Berland. Each road connects a pair of cities. The roads in Berland are one-way.

What is the minimum number of new roads that need to be built to make all the cities reachable from the capital?

New roads will also be one-way.

The first line of input consists of three integers $n$, $m$ and $s$ ($1 \le n \le 5000, 0 \le m \le 5000, 1 \le s \le n$) — the number of cities, the number of roads and the index of the capital. Cities are indexed from $1$ to $n$.

The following $m$ lines contain roads: road $i$ is given as a pair of cities $u_i$, $v_i$ ($1 \le u_i, v_i \le n$, $u_i \ne v_i$). For each pair of cities $(u, v)$, there can be at most one road from $u$ to $v$. Roads in opposite directions between a pair of cities are allowed (i.e. from $u$ to $v$ and from $v$ to $u$).

Print one integer — the minimum number of extra roads needed to make all the cities reachable from city $s$. If all the cities are already reachable from $s$, print 0.

The first example is illustrated by the following:

For example, you can add roads ($6, 4$), ($7, 9$), ($1, 7$) to make all the cities reachable from $s = 1$.

The second example is illustrated by the following:

In this example, you can add any one of the roads ($5, 1$), ($5, 2$), ($5, 3$), ($5, 4$) to make all the cities reachable from $s = 5$$.",,,"['dfsandsimilar', 'graphs', 'greedy']",2000-2399
861D,,1600,"bruteforce,datastructures,implementation,strings","There are n phone numbers in Polycarp's contacts on his phone. Each number is a 9-digit integer, starting with a digit different from 0. All the numbers are distinct.

There is the latest version of Berdroid OS installed on Polycarp's phone. If some number is entered, is shows up all the numbers in the contacts for which there is a substring equal to the entered sequence of digits. For example, is there are three phone numbers in Polycarp's contacts: 123456789, 100000000 and 100123456, then:

For each of the phone numbers in Polycarp's contacts, find the minimum in length sequence of digits such that if Polycarp enters this sequence, Berdroid shows this only phone number.

The first line contains single integer n (1 ≤ n ≤ 70000) — the total number of phone contacts in Polycarp's contacts.

The phone numbers follow, one in each line. Each number is a positive 9-digit integer starting with a digit from 1 to 9. All the numbers are distinct.

Print exactly n lines: the i-th of them should contain the shortest non-empty sequence of digits, such that if Polycarp enters it, the Berdroid OS shows up only the i-th number from the contacts. If there are several such sequences, print any of them.",,,"['bruteforce', 'datastructures', 'implementation', 'strings']",1600-1999
1330A,,900,implementation,"Dreamoon is a big fan of the Codeforces contests.

One day, he claimed that he will collect all the places from $$1$ to $54$ after two more rated contests. It's amazing!

Based on this, you come up with the following problem:

There is a person who participated in $n$ Codeforces rounds. His place in the first round is $a_1$, his place in the second round is $a_2$, ..., his place in the $n$-th round is $a_n$.

You are given a positive non-zero integer $x$.

Please, find the largest $v$ such that this person can collect all the places from $1$ to $v$ after $x$ more rated contests.

In other words, you need to find the largest $v$, such that it is possible, that after $x$ more rated contests, for each $1 \leq i \leq v$, there will exist a contest where this person took the $i$-th place.

For example, if $n=6$, $x=2$ and $a=[3,1,1,5,7,10]$ then answer is $v=5$, because if on the next two contest he will take places $2$ and $4$, then he will collect all places from $1$ to $5$, so it is possible to get $v=5$.

The first line contains an integer $t$ ($1 \leq t \leq 5$) denoting the number of test cases in the input.

Each test case contains two lines. The first line contains two integers $n, x$ ($1 \leq n, x \leq 100$). The second line contains $n$ positive non-zero integers $a_1, a_2, \ldots, a_n$ ($1 \leq a_i \leq 100$).

For each test case print one line containing the largest $v$, such that it is possible that after $x$ other contests, for each $1 \leq i \leq v$, there will exist a contest where this person took the $i$-th place.

The first test case is described in the statement.

In the second test case, the person has one hundred future contests, so he can take place $1,2,\ldots,99$ and place $101$ on them in some order, to collect places $1,2,\ldots,101$$.",,,['implementation'],800-1199
1257G,,2600,"divideandconquer,fft,greedy,math,numbertheory","You are given an integer $$x$ represented as a product of $n$ its prime divisors $p_1 \cdot p_2, \cdot \ldots \cdot p_n$. Let $S$ be the set of all positive integer divisors of $x$ (including $1$ and $x$ itself).

We call a set of integers $D$ good if (and only if) there is no pair $a \in D$, $b \in D$ such that $a \ne b$ and $a$ divides $b$.

Find a good subset of $S$ with maximum possible size. Since the answer can be large, print the size of the subset modulo $998244353$.

The first line contains the single integer $n$ ($1 \le n \le 2 \cdot 10^5$) — the number of prime divisors in representation of $x$.

The second line contains $n$ integers $p_1, p_2, \dots, p_n$ ($2 \le p_i \le 3 \cdot 10^6$) — the prime factorization of $x$.

Print the maximum possible size of a good subset modulo $998244353$.

In the first sample, $x = 2999999 \cdot 43 \cdot 2999957$ and one of the maximum good subsets is $\{ 43, 2999957, 2999999 \}$.

In the second sample, $x = 2 \cdot 3 \cdot 2 \cdot 3 \cdot 2 \cdot 2 = 144$ and one of the maximum good subsets is $\{ 9, 12, 16 \}$$.",,,"['divideandconquer', 'fft', 'greedy', 'math', 'numbertheory']",2400-2799
1424B,,1900,"binarysearch,flows,graphmatchings","The pandemic is upon us, and the world is in shortage of the most important resource: toilet paper. As one of the best prepared nations for this crisis, BubbleLand promised to help all other world nations with this valuable resource. To do that, the country will send airplanes to other countries carrying toilet paper.

In BubbleLand, there are $$N$ toilet paper factories, and $N$ airports. Because of how much it takes to build a road, and of course legal issues, every factory must send paper to only one airport, and every airport can only take toilet paper from one factory.

Also, a road can't be built between all airport-factory pairs, again because of legal issues. Every possible road has number $d$ given, number of days it takes to build that road.

Your job is to choose $N$ factory-airport pairs, such that if the country starts building all roads at the same time, it takes the least amount of days to complete them.

The first line contains two integers $N$ $(1 \leq N \leq 10^4)$ - number of airports/factories, and $M$ $(1 \leq M \leq 10^5)$ - number of available pairs to build a road between.

On next $M$ lines, there are three integers $u$, $v$ $(1 \leq u,v \leq N)$, $d$ $(1 \leq d \leq 10^9)$ - meaning that you can build a road between airport $u$ and factory $v$ for $d$ days.

If there are no solutions, output -1. If there exists a solution, output the minimal number of days to complete all roads, equal to maximal $d$$ among all chosen roads.",,,"['binarysearch', 'flows', 'graphmatchings']",1600-1999
828A,,1200,implementation,"In a small restaurant there are a tables for one person and b tables for two persons. 

It it known that n groups of people come today, each consisting of one or two people. 

If a group consist of one person, it is seated at a vacant one-seater table. If there are none of them, it is seated at a vacant two-seater table. If there are none of them, it is seated at a two-seater table occupied by single person. If there are still none of them, the restaurant denies service to this group.

If a group consist of two people, it is seated at a vacant two-seater table. If there are none of them, the restaurant denies service to this group.

You are given a chronological order of groups coming. You are to determine the total number of people the restaurant denies service to.

The first line contains three integers n, a and b (1 ≤ n ≤ 2·105, 1 ≤ a, b ≤ 2·105) — the number of groups coming to the restaurant, the number of one-seater and the number of two-seater tables.

The second line contains a sequence of integers t1, t2, ..., tn (1 ≤ ti ≤ 2) — the description of clients in chronological order. If ti is equal to one, then the i-th group consists of one person, otherwise the i-th group consists of two people.

Print the total number of people the restaurant denies service to.

In the first example the first group consists of one person, it is seated at a vacant one-seater table. The next group occupies a whole two-seater table. The third group consists of one person, it occupies one place at the remaining two-seater table. The fourth group consists of one person, he is seated at the remaining seat at the two-seater table. Thus, all clients are served.

In the second example the first group consists of one person, it is seated at the vacant one-seater table. The next group consists of one person, it occupies one place at the two-seater table. It's impossible to seat the next group of two people, so the restaurant denies service to them. The fourth group consists of one person",,,['implementation'],1200-1599
889A,,1300,"greedy,implementation,trees","A very brave explorer Petya once decided to explore Paris catacombs. Since Petya is not really experienced, his exploration is just walking through the catacombs.

Catacombs consist of several rooms and bidirectional passages between some pairs of them. Some passages can connect a room to itself and since the passages are built on different depths they do not intersect each other. Every minute Petya arbitrary chooses a passage from the room he is currently in and then reaches the room on the other end of the passage in exactly one minute. When he enters a room at minute i, he makes a note in his logbook with number ti: 

Initially, Petya was in one of the rooms at minute 0, he didn't write down number t0.

At some point during his wandering Petya got tired, threw out his logbook and went home. Vasya found his logbook and now he is curious: what is the minimum possible number of rooms in Paris catacombs according to Petya's logbook?

The first line contains a single integer n (1 ≤ n ≤ 2·105) — then number of notes in Petya's logbook.

The second line contains n non-negative integers t1, t2, ..., tn (0 ≤ ti < i) — notes in the logbook.

In the only line print a single integer — the minimum possible number of rooms in Paris catacombs.

In the first sample, sequence of rooms Petya visited could be, for example 1 → 1 → 2, 1 → 2 → 1 or 1 → 2 → 3. The minimum possible number of rooms is 2.

In the second sample, the sequence could be 1 → 2 → 3 → 1 → 2 → 1.",,,"['greedy', 'implementation', 'trees']",1200-1599
465A,,900,implementation,"Sergey is testing a next-generation processor. Instead of bytes the processor works with memory cells consisting of n bits. These bits are numbered from 1 to n. An integer is stored in the cell in the following way: the least significant bit is stored in the first bit of the cell, the next significant bit is stored in the second bit, and so on; the most significant bit is stored in the n-th bit.

Now Sergey wants to test the following instruction: ""add 1 to the value of the cell"". As a result of the instruction, the integer that is written in the cell must be increased by one; if some of the most significant bits of the resulting number do not fit into the cell, they must be discarded.

Sergey wrote certain values ​​of the bits in the cell and is going to add one to its value. How many bits of the cell will change after the operation?

The first line contains a single integer n (1 ≤ n ≤ 100) — the number of bits in the cell.

The second line contains a string consisting of n characters — the initial state of the cell. The first character denotes the state of the first bit of the cell. The second character denotes the second least significant bit and so on. The last character denotes the state of the most significant bit.

Print a single integer — the number of bits in the cell which change their state after we add 1 to the cell.

In the first sample the cell ends up with value 0010, in the second sample — with 0000.",,,['implementation'],800-1199
1174A,,1000,"constructivealgorithms,greedy,sortings","You're given an array $$a$ of length $2n$. Is it possible to reorder it in such way so that the sum of the first $n$ elements isn't equal to the sum of the last $n$ elements?

The first line contains an integer $n$ ($1 \le n \le 1000$), where $2n$ is the number of elements in the array $a$.

The second line contains $2n$ space-separated integers $a_1$, $a_2$, $\ldots$, $a_{2n}$ ($1 \le a_i \le 10^6$) — the elements of the array $a$.

If there's no solution, print ""-1"" (without quotes). Otherwise, print a single line containing $2n$ space-separated integers. They must form a reordering of $a$. You are allowed to not change the order.

In the first example, the first $n$ elements have sum $2+1+3=6$ while the last $n$ elements have sum $1+1+2=4$$. The sums aren't equal.

In the second example, there's no solution.",,,"['constructivealgorithms', 'greedy', 'sortings']",800-1199
1454C,,1200,"greedy,implementation","You are given a sequence $$a$, initially consisting of $n$ integers.

You want to transform this sequence so that all elements in it are equal (i. e. it contains several occurrences of the same element).

To achieve this, you choose some integer $x$ that occurs at least once in $a$, and then perform the following operation any number of times (possibly zero): choose some segment $[l, r]$ of the sequence and remove it. But there is one exception: you are not allowed to choose a segment that contains $x$. More formally, you choose some contiguous subsequence $[a_l, a_{l + 1}, \dots, a_r]$ such that $a_i \ne x$ if $l \le i \le r$, and remove it. After removal, the numbering of elements to the right of the removed segment changes: the element that was the $(r+1)$-th is now $l$-th, the element that was $(r+2)$-th is now $(l+1)$-th, and so on (i. e. the remaining sequence just collapses).

Note that you can not change $x$ after you chose it.

For example, suppose $n = 6$, $a = [1, 3, 2, 4, 1, 2]$. Then one of the ways to transform it in two operations is to choose $x = 1$, then:

Note that choosing $x$ is not an operation. Also, note that you can not remove any occurrence of $x$.

Your task is to find the minimum number of operations required to transform the sequence in a way described above.

You have to answer $t$ independent test cases.

The first line of the input contains one integer $t$ ($1 \le t \le 2 \cdot 10^4$) — the number of test cases. Then $t$ test cases follow.

The first line of the test case contains one integer $n$ ($1 \le n \le 2 \cdot 10^5$) — the number of elements in $a$. The second line of the test case contains $n$ integers $a_1, a_2, \ldots, a_n$ ($1 \le a_i \le n$), where $a_i$ is the $i$-th element of $a$.

It is guaranteed that the sum of $n$ does not exceed $2 \cdot 10^5$ ($\sum n \le 2 \cdot 10^5$$).

For each test case, print the answer — the minimum number of operations required to transform the given sequence in a way described in the pro",,,"['greedy', 'implementation']",1200-1599
72C,,1200,math,"The positive integer a is a divisor of the positive integer b if and only if there exists a positive integer c such that a × c = b. 

King Astyages thinks a positive integer x is extraordinarily nice if the number of its even divisors is equal to the number of its odd divisors.

For example 3 has two positive divisors 3 and 1, both of which are odd, so 3 is not extraordinarily nice. On the other hand 2 is only divisible by 2 and 1, so it has one odd and one even divisor. Therefore 2 is extraordinarily nice.

Given a positive integer x determine whether it's extraordinarily nice.

The input contains only a single integer x (1 ≤ x ≤ 103).

Write a single yes or no. Write yes if the number is extraordinarily nice and no otherwise.

You don't need to care about capital or small letters. The output is case-insensitive.",,,['math'],1200-1599
195D,,1900,"geometry,math,sortings","As Valeric and Valerko were watching one of the last Euro Championship games in a sports bar, they broke a mug. Of course, the guys paid for it but the barman said that he will let them watch football in his bar only if they help his son complete a programming task. The task goes like that.

Let's consider a set of functions of the following form: 

Valeric and Valerko really want to watch the next Euro Championship game, so they asked you to help them.

The first line contains integer n (1 ≤ n ≤ 105) — the number of functions. Each of the following n lines contains two space-separated integer numbers ki, bi ( - 109 ≤ ki, bi ≤ 109) that determine the i-th function.

Print a single number — the number of angles that do not equal 180 degrees in the graph of the polyline that equals the sum of the given functions.",,,"['geometry', 'math', 'sortings']",1600-1999
697B,,1400,"bruteforce,implementation,math,strings","Barney is standing in a bar and starring at a pretty girl. He wants to shoot her with his heart arrow but he needs to know the distance between him and the girl to make his shot accurate.

Barney asked the bar tender Carl about this distance value, but Carl was so busy talking to the customers so he wrote the distance value (it's a real number) on a napkin. The problem is that he wrote it in scientific notation. The scientific notation of some real number x is the notation of form AeB, where A is a real number and B is an integer and x = A × 10B is true. In our case A is between 0 and 9 and B is non-negative.

Barney doesn't know anything about scientific notation (as well as anything scientific at all). So he asked you to tell him the distance value in usual decimal representation with minimal number of digits after the decimal point (and no decimal point if it is an integer). See the output format for better understanding.

The first and only line of input contains a single string of form a.deb where a, d and b are integers and e is usual character 'e' (0 ≤ a ≤ 9, 0 ≤ d < 10100, 0 ≤ b ≤ 100) — the scientific notation of the desired distance value.

a and b contain no leading zeros and d contains no trailing zeros (but may be equal to 0). Also, b can not be non-zero if a is zero.

Print the only real number x (the desired distance value) in the only line in its decimal notation. 

Thus if x is an integer, print it's integer value without decimal part and decimal point and without leading zeroes. 

Otherwise print x in a form of p.q such that p is an integer that have no leading zeroes (but may be equal to zero), and q is an integer that have no trailing zeroes (and may not be equal to zero).",,,"['bruteforce', 'implementation', 'math', 'strings']",1200-1599
483C,,1200,"constructivealgorithms,implementation","Permutation p is an ordered set of integers p1,   p2,   ...,   pn, consisting of n distinct positive integers not larger than n. We'll denote as n the length of permutation p1,   p2,   ...,   pn.

Your task is to find such permutation p of length n, that the group of numbers |p1 - p2|, |p2 - p3|, ..., |pn - 1 - pn| has exactly k distinct elements.

The single line of the input contains two space-separated positive integers n, k (1 ≤ k < n ≤ 105).

Print n integers forming the permutation. If there are multiple answers, print any of them.

By |x| we denote the absolute value of number x.",,,"['constructivealgorithms', 'implementation']",1200-1599
186B,,1200,"greedy,sortings","Each year in the castle of Dwarven King there is a competition in growing mushrooms among the dwarves. The competition is one of the most prestigious ones, and the winner gets a wooden salad bowl. This year's event brought together the best mushroom growers from around the world, so we had to slightly change the rules so that the event gets more interesting to watch.

Each mushroom grower has a mushroom that he will grow on the competition. Under the new rules, the competition consists of two parts. The first part lasts t1 seconds and the second part lasts t2 seconds. The first and the second part are separated by a little break.

After the starting whistle the first part of the contest starts, and all mushroom growers start growing mushrooms at once, each at his individual speed of vi meters per second. After t1 seconds, the mushroom growers stop growing mushrooms and go to have a break. During the break, for unexplained reasons, the growth of all mushrooms is reduced by k percent. After the break the second part of the contest starts and all mushrooms growers at the same time continue to grow mushrooms, each at his individual speed of ui meters per second. After a t2 seconds after the end of the break, the competition ends. Note that the speeds before and after the break may vary.

Before the match dwarf Pasha learned from all participants, what two speeds they have chosen. However, the participants did not want to disclose to him all their strategy and therefore, did not say in what order they will be using these speeds. That is, if a participant chose speeds ai and bi, then there are two strategies: he either uses speed ai before the break and speed bi after it, or vice versa.

Dwarf Pasha really wants to win the totalizer. He knows that each participant chooses the strategy that maximizes the height of the mushroom. Help Dwarf Pasha make the final table of competition results.

The participants are sorted in the result table by the mushroom height (the particip",,,"['greedy', 'sortings']",1200-1599
469D,,2000,"2-sat,datastructures,graphmatchings,greedy","Little X has n distinct integers: p1, p2, ..., pn. He wants to divide all of them into two sets A and B. The following two conditions must be satisfied:

Help Little X divide the numbers into two sets or determine that it's impossible.

The first line contains three space-separated integers n, a, b (1 ≤ n ≤ 105; 1 ≤ a, b ≤ 109). The next line contains n space-separated distinct integers p1, p2, ..., pn (1 ≤ pi ≤ 109).

If there is a way to divide the numbers into two sets, then print ""YES"" in the first line. Then print n integers: b1, b2, ..., bn (bi equals either 0, or 1), describing the division. If bi equals to 0, then pi belongs to set A, otherwise it belongs to set B.

If it's impossible, print ""NO"" (without the quotes).

It's OK if all the numbers are in the same set, and the other one is empty.",,,"['2-sat', 'datastructures', 'graphmatchings', 'greedy']",2000-2399
1178C,,1300,"combinatorics,greedy,math","Bob is decorating his kitchen, more precisely, the floor. He has found a prime candidate for the tiles he will use. They come in a simple form factor — a square tile that is diagonally split into white and black part as depicted in the figure below.

The dimension of this tile is perfect for this kitchen, as he will need exactly $$w \times h$ tiles without any scraps. That is, the width of the kitchen is $w$ tiles, and the height is $h$ tiles. As each tile can be rotated in one of four ways, he still needs to decide on how exactly he will tile the floor. There is a single aesthetic criterion that he wants to fulfil: two adjacent tiles must not share a colour on the edge — i.e. one of the tiles must have a white colour on the shared border, and the second one must be black.

Find the number of possible tilings. As this number may be large, output its remainder when divided by $998244353$ (a prime number). 

The only line contains two space separated integers $w$, $h$ ($1 \leq w,h \leq 1\,000$) — the width and height of the kitchen, measured in tiles.

Output a single integer $n$ — the remainder of the number of tilings when divided by $998244353$$.",,,"['combinatorics', 'greedy', 'math']",1200-1599
839C,,1500,"dfsandsimilar,dp,graphs,probabilities,trees","There are n cities and n - 1 roads in the Seven Kingdoms, each road connects two cities and we can reach any city from any other by the roads.

Theon and Yara Greyjoy are on a horse in the first city, they are starting traveling through the roads. But the weather is foggy, so they can’t see where the horse brings them. When the horse reaches a city (including the first one), it goes to one of the cities connected to the current city. But it is a strange horse, it only goes to cities in which they weren't before. In each such city, the horse goes with equal probabilities and it stops when there are no such cities. 

Let the length of each road be 1. The journey starts in the city 1. What is the expected length (expected value of length) of their journey? You can read about expected (average) value by the link https://en.wikipedia.org/wiki/Expected_value.

The first line contains a single integer n (1 ≤ n ≤ 100000) — number of cities.

Then n - 1 lines follow. The i-th line of these lines contains two integers ui and vi (1 ≤ ui, vi ≤ n, ui ≠ vi) — the cities connected by the i-th road.

It is guaranteed that one can reach any city from any other by the roads.

Print a number — the expected length of their journey. The journey starts in the city 1.

Your answer will be considered correct if its absolute or relative error does not exceed 10 - 6.

Namely: let's assume that your answer is a, and the answer of the jury is b. The checker program will consider your answer correct, if .

In the first sample, their journey may end in cities 3 or 4 with equal probability. The distance to city 3 is 1 and to city 4 is 2, so the expected length is 1.5.

In the second sample, their journey may end in city 4 or 5. The distance to the both cities is 2, so the expected length is 2.",,,"['dfsandsimilar', 'dp', 'graphs', 'probabilities', 'trees']",1200-1599
983A,,1700,"implementation,math","You are given several queries. Each query consists of three integers $$p$, $q$ and $b$. You need to answer whether the result of $p/q$ in notation with base $b$ is a finite fraction.

A fraction in notation with base $b$ is finite if it contains finite number of numerals after the decimal point. It is also possible that a fraction has zero numerals after the decimal point.

The first line contains a single integer $n$ ($1 \le n \le 10^5$) — the number of queries.

Next $n$ lines contain queries, one per line. Each line contains three integers $p$, $q$, and $b$ ($0 \le p \le 10^{18}$, $1 \le q \le 10^{18}$, $2 \le b \le 10^{18}$). All numbers are given in notation with base $10$.

For each question, in a separate line, print Finite if the fraction is finite and Infinite otherwise.

$\frac{6}{12} = \frac{1}{2} = 0,5_{10}$

$\frac{4}{3} = 1,(3)_{10}$

$\frac{9}{36} = \frac{1}{4} = 0,01_2$

$\frac{4}{12} = \frac{1}{3} = 0,1_3$$",,,"['implementation', 'math']",1600-1999
567A,,900,"greedy,implementation","All cities of Lineland are located on the Ox coordinate axis. Thus, each city is associated with its position xi — a coordinate on the Ox axis. No two cities are located at a single point.

Lineland residents love to send letters to each other. A person may send a letter only if the recipient lives in another city (because if they live in the same city, then it is easier to drop in).

Strange but true, the cost of sending the letter is exactly equal to the distance between the sender's city and the recipient's city.

For each city calculate two values ​​mini and maxi, where mini is the minimum cost of sending a letter from the i-th city to some other city, and maxi is the the maximum cost of sending a letter from the i-th city to some other city

The first line of the input contains integer n (2 ≤ n ≤ 105) — the number of cities in Lineland. The second line contains the sequence of n distinct integers x1, x2, ..., xn ( - 109 ≤ xi ≤ 109), where xi is the x-coordinate of the i-th city. All the xi's are distinct and follow in ascending order.

Print n lines, the i-th line must contain two integers mini, maxi, separated by a space, where mini is the minimum cost of sending a letter from the i-th city, and maxi is the maximum cost of sending a letter from the i-th city.",,,"['greedy', 'implementation']",800-1199
581B,,1100,"implementation,math","The capital of Berland has n multifloor buildings. The architect who built up the capital was very creative, so all the houses were built in one row.

Let's enumerate all the houses from left to right, starting with one. A house is considered to be luxurious if the number of floors in it is strictly greater than in all the houses with larger numbers. In other words, a house is luxurious if the number of floors in it is strictly greater than in all the houses, which are located to the right from it. In this task it is assumed that the heights of floors in the houses are the same.

The new architect is interested in n questions, i-th of them is about the following: ""how many floors should be added to the i-th house to make it luxurious?"" (for all i from 1 to n, inclusive). You need to help him cope with this task.

Note that all these questions are independent from each other — the answer to the question for house i does not affect other answers (i.e., the floors to the houses are not actually added).

The first line of the input contains a single number n (1 ≤ n ≤ 105) — the number of houses in the capital of Berland.

The second line contains n space-separated positive integers hi (1 ≤ hi ≤ 109), where hi equals the number of floors in the i-th house. 

Print n integers a1, a2, ..., an, where number ai is the number of floors that need to be added to the house number i to make it luxurious. If the house is already luxurious and nothing needs to be added to it, then ai should be equal to zero.

All houses are numbered from left to right, starting from one.",,,"['implementation', 'math']",800-1199
85E,,2600,"binarysearch,dsu,geometry,graphs,sortings","In a far away kingdom lives a very greedy king. To defend his land, he built n guard towers. Apart from the towers the kingdom has two armies, each headed by a tyrannical and narcissistic general. The generals can't stand each other, specifically, they will never let soldiers of two armies be present in one tower.

During defence operations to manage a guard tower a general has to send part of his army to that tower. Each general asks some fee from the king for managing towers. As they live in a really far away kingdom, each general evaluates his fee in the following weird manner: he finds two remotest (the most distant) towers, where the soldiers of his army are situated and asks for the fee equal to the distance. Each tower is represented by a point on the plane with coordinates (x, y), and the distance between two points with coordinates (x1, y1) and (x2, y2) is determined in this kingdom as |x1 - x2| + |y1 - y2|.

The greedy king was not exactly satisfied with such a requirement from the generals, that's why he only agreed to pay one fee for two generals, equal to the maximum of two demanded fees. However, the king is still green with greed, and among all the ways to arrange towers between armies, he wants to find the cheapest one. Each tower should be occupied by soldiers of exactly one army.

He hired you for that. You should find the minimum amount of money that will be enough to pay the fees. And as the king is also very scrupulous, you should also count the number of arrangements that will cost the same amount of money. As their number can be quite large, it is enough for the king to know it as a remainder from dividing by 109 + 7.

Two arrangements are distinct if the sets of towers occupied by soldiers of the first general are distinct.

The first line contains an integer n (2 ≤ n ≤ 5000), n is the number of guard towers. Then follow n lines, each of which contains two integers x, y — the coordinates of the i-th tower (0 ≤ x, y ≤ 5000). No two towers are ",,,"['binarysearch', 'dsu', 'geometry', 'graphs', 'sortings']",2400-2799
1225B2,,1300,"implementation,twopointers","The only difference between easy and hard versions is constraints.

The BerTV channel every day broadcasts one episode of one of the $$k$ TV shows. You know the schedule for the next $n$ days: a sequence of integers $a_1, a_2, \dots, a_n$ ($1 \le a_i \le k$), where $a_i$ is the show, the episode of which will be shown in $i$-th day.

The subscription to the show is bought for the entire show (i.e. for all its episodes), for each show the subscription is bought separately.

How many minimum subscriptions do you need to buy in order to have the opportunity to watch episodes of purchased shows $d$ ($1 \le d \le n$) days in a row? In other words, you want to buy the minimum number of TV shows so that there is some segment of $d$ consecutive days in which all episodes belong to the purchased shows.

The first line contains an integer $t$ ($1 \le t \le 10000$) — the number of test cases in the input. Then $t$ test case descriptions follow.

The first line of each test case contains three integers $n, k$ and $d$ ($1 \le n \le 2\cdot10^5$, $1 \le k \le 10^6$, $1 \le d \le n$). The second line contains $n$ integers $a_1, a_2, \dots, a_n$ ($1 \le a_i \le k$), where $a_i$ is the show that is broadcasted on the $i$-th day.

It is guaranteed that the sum of the values ​​of $n$ for all test cases in the input does not exceed $2\cdot10^5$.

Print $t$ integers — the answers to the test cases in the input in the order they follow. The answer to a test case is the minimum number of TV shows for which you need to purchase a subscription so that you can watch episodes of the purchased TV shows on BerTV for $d$ consecutive days. Please note that it is permissible that you will be able to watch more than $d$ days in a row.

In the first test case to have an opportunity to watch shows for two consecutive days, you need to buy a subscription on show $1$ and on show $2$. So the answer is two.

In the second test case, you can buy a subscription to any show because for each show you can find",,,"['implementation', 'twopointers']",1200-1599
79A,,1200,greedy,"After Fox Ciel won an onsite round of a programming contest, she took a bus to return to her castle. The fee of the bus was 220 yen. She met Rabbit Hanako in the bus. They decided to play the following game because they got bored in the bus.

 

Determine the winner of the game.

The first line contains two integers x (0 ≤ x ≤ 106) and y (0 ≤ y ≤ 106), separated by a single space.

If Ciel wins, print ""Ciel"". Otherwise, print ""Hanako"".

In the first turn (Ciel's turn), she will choose 2 100-yen coins and 2 10-yen coins. In the second turn (Hanako's turn), she will choose 1 100-yen coin and 12 10-yen coins. In the third turn (Ciel's turn), she can't pay exactly 220 yen, so Ciel will lose.",,,['greedy'],1200-1599
548A,,1100,"bruteforce,implementation,strings","While Mike was walking in the subway, all the stuff in his back-bag dropped on the ground. There were several fax messages among them. He concatenated these strings in some order and now he has string s.

He is not sure if this is his own back-bag or someone else's. He remembered that there were exactly k messages in his own bag, each was a palindrome string and all those strings had the same length.

He asked you to help him and tell him if he has worn his own back-bag. Check if the given string s is a concatenation of k palindromes of the same length.

The first line of input contains string s containing lowercase English letters (1 ≤ |s| ≤ 1000).

The second line contains integer k (1 ≤ k ≤ 1000).

Print ""YES""(without quotes) if he has worn his own back-bag or ""NO""(without quotes) otherwise.

Palindrome is a string reading the same forward and backward.

In the second sample, the faxes in his back-bag can be ""saddas"" and ""tavvat"".",,,"['bruteforce', 'implementation', 'strings']",800-1199
523C,,1400,greedy,"A Martian boy is named s — he has got this name quite recently from his parents for his coming of age birthday. Now he enjoys looking for his name everywhere. If he sees that he can obtain his name from some string by removing zero or more letters (at that, the remaining letters remain in the same order), he gets happy. For example, if s=«aba», then strings «baobab», «aabbaa», «helloabahello» make him very happy and strings «aab», «baaa» and «helloabhello» do not.

However rather than being happy once, he loves twice as much being happy twice! So, when he got string t as a present, he wanted to cut it in two parts (the left part and the right part) so that each part made him happy.

Help s determine the number of distinct ways to cut the given string t into two parts in the required manner.

The first line contains string s, consisting of lowercase English letters. The length of string s is from 1 to 1000 letters.

The second line contains string t, that also consists of lowercase English letters. The length of string t is from 1 to 106 letters.

Print the sought number of ways to cut string t in two so that each part made s happy.",,,['greedy'],1200-1599
721A,,800,implementation,"Recently Adaltik discovered japanese crosswords. Japanese crossword is a picture, represented as a table sized a × b squares, and each square is colored white or black. There are integers to the left of the rows and to the top of the columns, encrypting the corresponding row or column. The number of integers represents how many groups of black squares there are in corresponding row or column, and the integers themselves represents the number of consecutive black squares in corresponding group (you can find more detailed explanation in Wikipedia https://en.wikipedia.org/wiki/Japanese_crossword).

Adaltik decided that the general case of japanese crossword is too complicated and drew a row consisting of n squares (e.g. japanese crossword sized 1 × n), which he wants to encrypt in the same way as in japanese crossword.

Help Adaltik find the numbers encrypting the row he drew.

The first line of the input contains a single integer n (1 ≤ n ≤ 100) — the length of the row. The second line of the input contains a single string consisting of n characters 'B' or 'W', ('B' corresponds to black square, 'W' — to white square in the row that Adaltik drew).

The first line should contain a single integer k — the number of integers encrypting the row, e.g. the number of groups of black squares in the row.

The second line should contain k integers, encrypting the row, e.g. corresponding to sizes of groups of consecutive black squares in the order from left to right.

The last sample case correspond to the picture in the statement.",,,['implementation'],800-1199
137B,,1000,greedy,"""Hey, it's homework time"" — thought Polycarpus and of course he started with his favourite subject, IT. Polycarpus managed to solve all tasks but for the last one in 20 minutes. However, as he failed to solve the last task after some considerable time, the boy asked you to help him.

The sequence of n integers is called a permutation if it contains all integers from 1 to n exactly once.

You are given an arbitrary sequence a1, a2, ..., an containing n integers. Each integer is not less than 1 and not greater than 5000. Determine what minimum number of elements Polycarpus needs to change to get a permutation (he should not delete or add numbers). In a single change he can modify any single sequence element (i. e. replace it with another integer).

The first line of the input data contains an integer n (1 ≤ n ≤ 5000) which represents how many numbers are in the sequence. The second line contains a sequence of integers ai (1 ≤ ai ≤ 5000, 1 ≤ i ≤ n).

Print the only number — the minimum number of changes needed to get the permutation.

The first sample contains the permutation, which is why no replacements are required.

In the second sample it is enough to replace the first element with the number 1 and that will make the sequence the needed permutation.

In the third sample we can replace the second element with number 4 and the fourth element with number 2.",,,['greedy'],800-1199
1490E,,1400,"binarysearch,datastructures,greedy","A championship is held in Berland, in which $$n$ players participate. The player with the number $i$ has $a_i$ ($a_i \ge 1$) tokens.

The championship consists of $n-1$ games, which are played according to the following rules:

The last player with non-zero tokens is the winner of the championship.

All random decisions that are made during the championship are made equally probable and independently.

For example, if $n=4$, $a = [1, 2, 4, 3]$, then one of the options for the game (there could be other options) is: 

Championship winners will receive personalized prizes. Therefore, the judges want to know in advance which players have a chance of winning, i.e have a non-zero probability of winning the championship. You have been asked to find all such players. 

The first line contains one integer $t$ ($1 \le t \le 10^4$) — the number of test cases. Then $t$ test cases follow.

The first line of each test case consists of one positive integer $n$ ($1 \le n \le 2 \cdot 10^5$) — the number of players in the championship.

The second line of each test case contains $n$ positive integers $a_1, a_2, \ldots, a_n$ ($1 \le a_i \le 10^9$) — the number of tokens the players have.

It is guaranteed that the sum of $n$ over all test cases does not exceed $2 \cdot 10^5$$. 

For each test case, print the number of players who have a nonzero probability of winning the championship. On the next line print the numbers of these players in increasing order. Players are numbered starting from one in the order in which they appear in the input.",,,"['binarysearch', 'datastructures', 'greedy']",1200-1599
1030A,,800,implementation,"When preparing a tournament, Codeforces coordinators try treir best to make the first problem as easy as possible. This time the coordinator had chosen some problem and asked $$n$ people about their opinions. Each person answered whether this problem is easy or hard.

If at least one of these $n$ people has answered that the problem is hard, the coordinator decides to change the problem. For the given responses, check if the problem is easy enough.

The first line contains a single integer $n$ ($1 \le n \le 100$) — the number of people who were asked to give their opinions.

The second line contains $n$ integers, each integer is either $0$ or $1$. If $i$-th integer is $0$, then $i$-th person thinks that the problem is easy; if it is $1$, then $i$$-th person thinks that the problem is hard.

Print one word: ""EASY"" if the problem is easy according to all responses, or ""HARD"" if there is at least one person who thinks the problem is hard. 

You may print every letter in any register: ""EASY"", ""easy"", ""EaSY"" and ""eAsY"" all will be processed correctly.

In the first example the third person says it's a hard problem, so it should be replaced.

In the second example the problem easy for the only person, so it doesn't have to be replaced.",,,['implementation'],800-1199
1482B,,1500,"implementation,math","For the first place at the competition, Alex won many arrays of integers and was assured that these arrays are very expensive. After the award ceremony Alex decided to sell them. There is a rule in arrays pawnshop: you can sell array only if it can be compressed to a generator.

This generator takes four non-negative numbers $$n$, $m$, $c$, $s$. $n$ and $m$ must be positive, $s$ non-negative and for $c$ it must be true that $0 \leq c < m$. The array $a$ of length $n$ is created according to the following rules: 

For example, if $n = 5$, $m = 7$, $c = 4$, and $s = 10$, then $a = [3, 0, 4, 1, 5]$.

Price of such an array is the value of $m$ in this generator.

Alex has a question: how much money he can get for each of the arrays. Please, help him to understand for every array whether there exist four numbers $n$, $m$, $c$, $s$ that generate this array. If yes, then maximize $m$.

The first line contains a single integer $t$ ($1 \leq t \leq 10^5$) — the number of arrays.

The first line of array description contains a single integer $n$ ($1 \leq n \leq 10^5$) — the size of this array.

The second line of array description contains $n$ integers $a_1, a_2, \ldots, a_n$ ($0 \leq a_i \leq 10^9$ ) — elements of the array. 

It is guaranteed that the sum of array sizes does not exceed $10^5$$.

For every array print:",,,"['implementation', 'math']",1200-1599
781E,,2700,datastructures,"Andryusha has found a perplexing arcade machine. The machine is a vertically adjusted board divided into square cells. The board has w columns numbered from 1 to w from left to right, and h rows numbered from 1 to h from the bottom to the top.

Further, there are barriers in some of board rows. There are n barriers in total, and i-th of them occupied the cells li through ri of the row ui. Andryusha recollects well that no two barriers share the same row. Furthermore, no row is completely occupied with a barrier, that is, at least one cell in each row is free.

The player can throw a marble to any column of the machine from above. A marble falls downwards until it encounters a barrier, or falls through the bottom of the board. A marble disappears once it encounters a barrier but is replaced by two more marbles immediately to the left and to the right of the same barrier. In a situation when the barrier is at an edge of the board, both marbles appear next to the barrier at the side opposite to the edge. More than one marble can occupy the same place of the board, without obstructing each other's movement. Ultimately, all marbles are bound to fall from the bottom of the machine.

Peculiarly, sometimes marbles can go through barriers as if they were free cells. That is so because the barriers are in fact alive, and frightened when a marble was coming at them from a very high altitude. More specifically, if a marble falls towards the barrier i from relative height more than si (that is, it started its fall strictly higher than ui + si), then the barrier evades the marble. If a marble is thrown from the top of the board, it is considered to appear at height (h + 1).

Andryusha remembers to have thrown a marble once in each of the columns. Help him find the total number of marbles that came down at the bottom of the machine. Since the answer may be large, print it modulo 109 + 7.

The first line contains three integers h, w, and n (1 ≤ h ≤ 109, 2 ≤ w ≤ 105, 0 ≤ n ≤ 105) — ",,,['datastructures'],2400-2799
977B,,900,"implementation,strings","Two-gram is an ordered pair (i.e. string of length two) of capital Latin letters. For example, ""AZ"", ""AA"", ""ZA"" — three distinct two-grams.

You are given a string $$s$ consisting of $n$ capital Latin letters. Your task is to find any two-gram contained in the given string as a substring (i.e. two consecutive characters of the string) maximal number of times. For example, for string $s$ = ""BBAABBBA"" the answer is two-gram ""BB"", which contained in $s$ three times. In other words, find any most frequent two-gram.

Note that occurrences of the two-gram can overlap with each other.

The first line of the input contains integer number $n$ ($2 \le n \le 100$) — the length of string $s$. The second line of the input contains the string $s$ consisting of $n$ capital Latin letters.

Print the only line containing exactly two capital Latin letters — any two-gram contained in the given string $s$$ as a substring (i.e. two consecutive characters of the string) maximal number of times.

In the first example ""BA"" is also valid answer.

In the second example the only two-gram ""ZZ"" can be printed because it contained in the string ""ZZZAA"" two times.",,,"['implementation', 'strings']",800-1199
545D,,1300,"greedy,implementation,sortings","Little girl Susie went shopping with her mom and she wondered how to improve service quality. 

There are n people in the queue. For each person we know time ti needed to serve him. A person will be disappointed if the time he waits is more than the time needed to serve him. The time a person waits is the total time when all the people who stand in the queue in front of him are served. Susie thought that if we swap some people in the queue, then we can decrease the number of people who are disappointed. 

Help Susie find out what is the maximum number of not disappointed people can be achieved by swapping people in the queue.

The first line contains integer n (1 ≤ n ≤ 105).

The next line contains n integers ti (1 ≤ ti ≤ 109), separated by spaces.

Print a single number — the maximum number of not disappointed people in the queue.

Value 4 is achieved at such an arrangement, for example: 1, 2, 3, 5, 15. Thus, you can make everything feel not disappointed except for the person with time 5.",,,"['greedy', 'implementation', 'sortings']",1200-1599
417A,,1500,"dp,implementation,math","The finalists of the ""Russian Code Cup"" competition in 2214 will be the participants who win in one of the elimination rounds.

The elimination rounds are divided into main and additional. Each of the main elimination rounds consists of c problems, the winners of the round are the first n people in the rating list. Each of the additional elimination rounds consists of d problems. The winner of the additional round is one person. Besides, k winners of the past finals are invited to the finals without elimination.

As a result of all elimination rounds at least n·m people should go to the finals. You need to organize elimination rounds in such a way, that at least n·m people go to the finals, and the total amount of used problems in all rounds is as small as possible.

The first line contains two integers c and d (1 ≤ c, d ≤ 100) — the number of problems in the main and additional rounds, correspondingly. The second line contains two integers n and m (1 ≤ n, m ≤ 100). Finally, the third line contains an integer k (1 ≤ k ≤ 100) — the number of the pre-chosen winners. 

In the first line, print a single integer — the minimum number of problems the jury needs to prepare.",,,"['dp', 'implementation', 'math']",1200-1599
287A,,1100,"bruteforce,implementation","In the city of Ultima Thule job applicants are often offered an IQ test. 

The test is as follows: the person gets a piece of squared paper with a 4 × 4 square painted on it. Some of the square's cells are painted black and others are painted white. Your task is to repaint at most one cell the other color so that the picture has a 2 × 2 square, completely consisting of cells of the same color. If the initial picture already has such a square, the person should just say so and the test will be completed. 

Your task is to write a program that determines whether it is possible to pass the test. You cannot pass the test if either repainting any cell or no action doesn't result in a 2 × 2 square, consisting of cells of the same color.

Four lines contain four characters each: the j-th character of the i-th line equals ""."" if the cell in the i-th row and the j-th column of the square is painted white, and ""#"", if the cell is black.

Print ""YES"" (without the quotes), if the test can be passed and ""NO"" (without the quotes) otherwise.

In the first test sample it is enough to repaint the first cell in the second row. After such repainting the required 2 × 2 square is on the intersection of the 1-st and 2-nd row with the 1-st and 2-nd column.",,,"['bruteforce', 'implementation']",800-1199
862B,,1300,"dfsandsimilar,graphs,trees","Mahmoud and Ehab continue their adventures! As everybody in the evil land knows, Dr. Evil likes bipartite graphs, especially trees.

A tree is a connected acyclic graph. A bipartite graph is a graph, whose vertices can be partitioned into 2 sets in such a way, that for each edge (u, v) that belongs to the graph, u and v belong to different sets. You can find more formal definitions of a tree and a bipartite graph in the notes section below.

Dr. Evil gave Mahmoud and Ehab a tree consisting of n nodes and asked them to add edges to it in such a way, that the graph is still bipartite. Besides, after adding these edges the graph should be simple (doesn't contain loops or multiple edges). What is the maximum number of edges they can add?

A loop is an edge, which connects a node with itself. Graph doesn't contain multiple edges when for each pair of nodes there is no more than one edge between them. A cycle and a loop aren't the same .

The first line of input contains an integer n — the number of nodes in the tree (1 ≤ n ≤ 105).

The next n - 1 lines contain integers u and v (1 ≤ u, v ≤ n, u ≠ v) — the description of the edges of the tree.

It's guaranteed that the given graph is a tree. 

Output one integer — the maximum number of edges that Mahmoud and Ehab can add to the tree while fulfilling the conditions.

Tree definition: https://en.wikipedia.org/wiki/Tree_(graph_theory)

Bipartite graph definition: https://en.wikipedia.org/wiki/Bipartite_graph

In the first test case the only edge that can be added in such a way, that graph won't contain loops or multiple edges is (2, 3), but adding this edge will make the graph non-bipartite so the answer is 0.

In the second test case Mahmoud and Ehab can add edges (1, 4) and (2, 5).",,,"['dfsandsimilar', 'graphs', 'trees']",1200-1599
182D,,1400,"bruteforce,hashing,implementation,math,strings","Vasya has recently learned at school what a number's divisor is and decided to determine a string's divisor. Here is what he came up with.

String a is the divisor of string b if and only if there exists a positive integer x such that if we write out string a consecutively x times, we get string b. For example, string ""abab"" has two divisors — ""ab"" and ""abab"".

Now Vasya wants to write a program that calculates the number of common divisors of two strings. Please help him.

The first input line contains a non-empty string s1.

The second input line contains a non-empty string s2.

Lengths of strings s1 and s2 are positive and do not exceed 105. The strings only consist of lowercase Latin letters.

Print the number of common divisors of strings s1 and s2. 

In first sample the common divisors are strings ""abcd"" and ""abcdabcd"".

In the second sample the common divisor is a single string ""a"". String ""aa"" isn't included in the answer as it isn't a divisor of string ""aaa"".",,,"['bruteforce', 'hashing', 'implementation', 'math', 'strings']",1200-1599
1400E,,2200,"datastructures,divideandconquer,dp,greedy","You have a multiset containing several integers. Initially, it contains $$a_1$ elements equal to $1$, $a_2$ elements equal to $2$, ..., $a_n$ elements equal to $n$.

You may apply two types of operations:

What is the minimum number of operations required to delete all elements from the multiset?

The first line contains one integer $n$ ($1 \le n \le 5000$).

The second line contains $n$ integers $a_1$, $a_2$, ..., $a_n$ ($0 \le a_i \le 10^9$$).

Print one integer — the minimum number of operations required to delete all elements from the multiset.",,,"['datastructures', 'divideandconquer', 'dp', 'greedy']",2000-2399
116C,,900,"dfsandsimilar,graphs,trees","A company has n employees numbered from 1 to n. Each employee either has no immediate manager or exactly one immediate manager, who is another employee with a different number. An employee A is said to be the superior of another employee B if at least one of the following is true:

The company will not have a managerial cycle. That is, there will not exist an employee who is the superior of his/her own immediate manager.

Today the company is going to arrange a party. This involves dividing all n employees into several groups: every employee must belong to exactly one group. Furthermore, within any single group, there must not be two employees A and B such that A is the superior of B.

What is the minimum number of groups that must be formed?

The first line contains integer n (1 ≤ n ≤ 2000) — the number of employees.

The next n lines contain the integers pi (1 ≤ pi ≤ n or pi = -1). Every pi denotes the immediate manager for the i-th employee. If pi is -1, that means that the i-th employee does not have an immediate manager. 

It is guaranteed, that no employee will be the immediate manager of him/herself (pi ≠ i). Also, there will be no managerial cycles.

Print a single integer denoting the minimum number of groups that will be formed in the party.

For the first example, three groups are sufficient, for example:",,,"['dfsandsimilar', 'graphs', 'trees']",800-1199
989A,,900,"implementation,strings","""What a pity it's already late spring,"" sighs Mino with regret, ""one more drizzling night and they'd be gone.""

""But these blends are at their best, aren't they?"" Absorbed in the landscape, Kanno remains optimistic. 

The landscape can be expressed as a row of consecutive cells, each of which either contains a flower of colour amber or buff or canary yellow, or is empty.

When a flower withers, it disappears from the cell that it originally belonged to, and it spreads petals of its colour in its two neighbouring cells (or outside the field if the cell is on the side of the landscape). In case petals fall outside the given cells, they simply become invisible.

You are to help Kanno determine whether it's possible that after some (possibly none or all) flowers shed their petals, at least one of the cells contains all three colours, considering both petals and flowers. Note that flowers can wither in arbitrary order.

The first and only line of input contains a non-empty string $$s$ consisting of uppercase English letters 'A', 'B', 'C' and characters '.' (dots) only ($\lvert s \rvert \leq 100$$) — denoting cells containing an amber flower, a buff one, a canary yellow one, and no flowers, respectively.

Output ""Yes"" if it's possible that all three colours appear in some cell, and ""No"" otherwise.

You can print each letter in any case (upper or lower).

In the first example, the buff and canary yellow flowers can leave their petals in the central cell, blending all three colours in it.

In the second example, it's impossible to satisfy the requirement because there is no way that amber and buff meet in any cell.",,,"['implementation', 'strings']",800-1199
178A1,,1000,,"The Smart Beaver from ABBYY began to develop a new educational game for children. The rules of the game are fairly simple and are described below.

The playing field is a sequence of n non-negative integers ai numbered from 1 to n. The goal of the game is to make numbers a1, a2, ..., ak (i.e. some prefix of the sequence) equal to zero for some fixed k (k < n), and this should be done in the smallest possible number of moves.

One move is choosing an integer i (1 ≤ i ≤ n) such that ai > 0 and an integer t (t ≥ 0) such that i + 2t ≤ n. After the values of i and t have been selected, the value of ai is decreased by 1, and the value of ai + 2t is increased by 1. For example, let n = 4 and a = (1, 0, 1, 2), then it is possible to make move i = 3, t = 0 and get a = (1, 0, 0, 3) or to make move i = 1, t = 1 and get a = (0, 0, 2, 2) (the only possible other move is i = 1, t = 0).

You are given n and the initial sequence ai. The task is to calculate the minimum number of moves needed to make the first k elements of the original sequence equal to zero for each possible k (1 ≤ k < n).

The first input line contains a single integer n. The second line contains n integers ai (0 ≤ ai ≤ 104), separated by single spaces.

The input limitations for getting 20 points are: 

The input limitations for getting 50 points are: 

The input limitations for getting 100 points are: 

Print exactly n - 1 lines: the k-th output line must contain the minimum number of moves needed to make the first k elements of the original sequence ai equal to zero.

Please do not use the %lld specifier to read or write 64-bit integers in С++. It is preferred to use the cin, cout streams, or the %I64d specifier.",,,[],800-1199
992A,,800,"implementation,sortings","Nastya owns too many arrays now, so she wants to delete the least important of them. However, she discovered that this array is magic! Nastya now knows that the array has the following properties:

Nastya is always busy, so she wants to explode the array as fast as possible. Compute the minimum time in which the array can be exploded.

The first line contains a single integer n (1 ≤ n ≤ 105) — the size of the array.

The second line contains n integers a1, a2, ..., an ( - 105 ≤ ai ≤ 105) — the elements of the array.

Print a single integer — the minimum number of seconds needed to make all elements of the array equal to zero.

In the first example you can add  - 1 to all non-zero elements in one second and make them equal to zero.

In the second example you can add  - 2 on the first second, then the array becomes equal to [0, 0,  - 3]. On the second second you can add 3 to the third (the only non-zero) element.",,,"['implementation', 'sortings']",800-1199
1194F,,2400,"combinatorics,dp,numbertheory,probabilities,twopointers","Today Adilbek is taking his probability theory test. Unfortunately, when Adilbek arrived at the university, there had already been a long queue of students wanting to take the same test. Adilbek has estimated that he will be able to start the test only $$T$ seconds after coming. 

Fortunately, Adilbek can spend time without revising any boring theorems or formulas. He has an app on this smartphone which contains $n$ Japanese crosswords to solve. Adilbek has decided to solve them all one by one in the order they are listed in the app, without skipping any crossword. For each crossword, a number $t_i$ is given that represents the time it takes an average crossword expert to solve this crossword (the time is given in seconds).

Adilbek is a true crossword expert, but, unfortunately, he is sometimes unlucky in choosing the way to solve the crossword. So, it takes him either $t_i$ seconds or $t_i + 1$ seconds to solve the $i$-th crossword, equiprobably (with probability $\frac{1}{2}$ he solves the crossword in exactly $t_i$ seconds, and with probability $\frac{1}{2}$ he has to spend an additional second to finish the crossword). All these events are independent.

After $T$ seconds pass (or after solving the last crossword, if he manages to do it in less than $T$ seconds), Adilbek closes the app (if he finishes some crossword at the same moment, that crossword is considered solved; otherwise Adilbek does not finish solving the current crossword at all). He thinks it would be an interesting probability theory problem to calculate $E$ — the expected number of crosswords he will be able to solve completely. Can you calculate it? 

Recall that the expected value of a discrete random variable is the probability-weighted average of all possible values — in this problem it means that the expected value of the number of solved crosswords can be calculated as $E = \sum \limits_{i = 0}^{n} i p_i$, where $p_i$ is the probability that Adilbek will solve exactly $i$ crosswords. 

We c",,,"['combinatorics', 'dp', 'numbertheory', 'probabilities', 'twopointers']",2400-2799
1220D,,1900,"bitmasks,math,numbertheory","Boy Dima gave Julian a birthday present — set $$B$ consisting of positive integers. However, he didn't know, that Julian hates sets, but enjoys bipartite graphs more than anything else!

Julian was almost upset, but her friend Alex said, that he can build an undirected graph using this set in such a way: let all integer numbers be vertices, then connect any two $i$ and $j$ with an edge if $|i - j|$ belongs to $B$.

Unfortunately, Julian doesn't like the graph, that was built using $B$. Alex decided to rectify the situation, so he wants to erase some numbers from $B$, so that graph built using the new set is bipartite. The difficulty of this task is that the graph, Alex has to work with, has an infinite number of vertices and edges! It is impossible to solve this task alone, so Alex asks you for help. Write a program that erases a subset of minimum size from $B$ so that graph constructed on the new set is bipartite.

Recall, that graph is bipartite if all its vertices can be divided into two disjoint sets such that every edge connects a vertex from different sets.

First line contains an integer $n ~ (1 \leqslant n \leqslant 200\,000)$ — size of $B$

Second line contains $n$ integers $b_1, b_2, \ldots, b_n ~ (1 \leqslant b_i \leqslant 10^{18})$ — numbers of $B$, all $b_i$ are unique

In the first line print single integer $k$ – the number of erased elements. In the second line print $k$$ integers — values of erased elements.

If there are multiple answers, print any of them.",,,"['bitmasks', 'math', 'numbertheory']",1600-1999
1497A,,800,"bruteforce,datastructures,greedy,sortings","You are given an integer $$n$ and an array $a_1, a_2, \ldots, a_n$. You should reorder the elements of the array $a$ in such way that the sum of $\textbf{MEX}$ on prefixes ($i$-th prefix is $a_1, a_2, \ldots, a_i$) is maximized.

Formally, you should find an array $b_1, b_2, \ldots, b_n$, such that the sets of elements of arrays $a$ and $b$ are equal (it is equivalent to array $b$ can be found as an array $a$ with some reordering of its elements) and $\sum\limits_{i=1}^{n} \textbf{MEX}(b_1, b_2, \ldots, b_i)$ is maximized.

$\textbf{MEX}$ of a set of nonnegative integers is the minimal nonnegative integer such that it is not in the set.

For example, $\textbf{MEX}(\{1, 2, 3\}) = 0$, $\textbf{MEX}(\{0, 1, 2, 4, 5\}) = 3$.

The first line contains a single integer $t$ $(1 \le t \le 100)$  — the number of test cases.

The first line of each test case contains a single integer $n$ $(1 \le n \le 100)$.

The second line of each test case contains $n$ integers $a_1, a_2, \ldots, a_n$ $(0 \le a_i \le 100)$.

For each test case print an array $b_1, b_2, \ldots, b_n$  — the optimal reordering of $a_1, a_2, \ldots, a_n$, so the sum of $\textbf{MEX}$ on its prefixes is maximized.

If there exist multiple optimal answers you can find any.

In the first test case in the answer $\textbf{MEX}$$ for prefixes will be:",,,"['bruteforce', 'datastructures', 'greedy', 'sortings']",800-1199
1322A,,1300,greedy,"A bracketed sequence is called correct (regular) if by inserting ""+"" and ""1"" you can get a well-formed mathematical expression from it. For example, sequences ""(())()"", ""()"" and ""(()(()))"" are correct, while "")("", ""(()"" and ""(()))("" are not.

The teacher gave Dmitry's class a very strange task — she asked every student to come up with a sequence of arbitrary length, consisting only of opening and closing brackets. After that all the students took turns naming the sequences they had invented. When Dima's turn came, he suddenly realized that all his classmates got the correct bracketed sequence, and whether he got the correct bracketed sequence, he did not know.

Dima suspects now that he simply missed the word ""correct"" in the task statement, so now he wants to save the situation by modifying his sequence slightly. More precisely, he can the arbitrary number of times (possibly zero) perform the reorder operation.

The reorder operation consists of choosing an arbitrary consecutive subsegment (substring) of the sequence and then reordering all the characters in it in an arbitrary way. Such operation takes $$l$ nanoseconds, where $l$ is the length of the subsegment being reordered. It's easy to see that reorder operation doesn't change the number of opening and closing brackets. For example for ""))(("" he can choose the substring "")("" and do reorder "")()("" (this operation will take $2$ nanoseconds).

Since Dima will soon have to answer, he wants to make his sequence correct as fast as possible. Help him to do this, or determine that it's impossible.

The first line contains a single integer $n$ ($1 \le n \le 10^6$) — the length of Dima's sequence.

The second line contains string of length $n$, consisting of characters ""("" and "")"" only.

Print a single integer — the minimum number of nanoseconds to make the sequence correct or ""-1"" if it is impossible to do so.

In the first example we can firstly reorder the segment from first to the fourth character, replacing it with",,,['greedy'],1200-1599
114D,,2000,"datastructures,hashing,stringsuffixstructures,strings","Long ago, when Petya was a schoolboy, he was very much interested in the Petr# language grammar. During one lesson Petya got interested in the following question: how many different continuous substrings starting with the sbegin and ending with the send (it is possible sbegin = send), the given string t has. Substrings are different if and only if their contents aren't equal, their positions of occurence don't matter. Petya wasn't quite good at math, that's why he couldn't count this number. Help him!

The input file consists of three lines. The first line contains string t. The second and the third lines contain the sbegin and send identificators, correspondingly. All three lines are non-empty strings consisting of lowercase Latin letters. The length of each string doesn't exceed 2000 characters.

Output the only number — the amount of different substrings of t that start with sbegin and end with send.

In the third sample there are four appropriate different substrings. They are: ab, abab, ababab, abababab.

In the fourth sample identificators intersect.",,,"['datastructures', 'hashing', 'stringsuffixstructures', 'strings']",2000-2399
160A,,900,"greedy,sortings","Imagine that you have a twin brother or sister. Having another person that looks exactly like you seems very unusual. It's hard to say if having something of an alter ego is good or bad. And if you do have a twin, then you very well know what it's like.

Now let's imagine a typical morning in your family. You haven't woken up yet, and Mom is already going to work. She has been so hasty that she has nearly forgotten to leave the two of her darling children some money to buy lunches in the school cafeteria. She fished in the purse and found some number of coins, or to be exact, n coins of arbitrary values a1, a2, ..., an. But as Mom was running out of time, she didn't split the coins for you two. So she scribbled a note asking you to split the money equally.

As you woke up, you found Mom's coins and read her note. ""But why split the money equally?"" — you thought. After all, your twin is sleeping and he won't know anything. So you decided to act like that: pick for yourself some subset of coins so that the sum of values of your coins is strictly larger than the sum of values of the remaining coins that your twin will have. However, you correctly thought that if you take too many coins, the twin will suspect the deception. So, you've decided to stick to the following strategy to avoid suspicions: you take the minimum number of coins, whose sum of values is strictly more than the sum of values of the remaining coins. On this basis, determine what minimum number of coins you need to take to divide them in the described manner.

The first line contains integer n (1 ≤ n ≤ 100) — the number of coins. The second line contains a sequence of n integers a1, a2, ..., an (1 ≤ ai ≤ 100) — the coins' values. All numbers are separated with spaces.

In the single line print the single number — the minimum needed number of coins.

In the first sample you will have to take 2 coins (you and your twin have sums equal to 6, 0 correspondingly). If you take 1 coin, you get sums 3, 3. If you",,,"['greedy', 'sortings']",800-1199
1154A,,800,math,"Polycarp has guessed three positive integers $$a$, $b$ and $c$. He keeps these numbers in secret, but he writes down four numbers on a board in arbitrary order — their pairwise sums (three numbers) and sum of all three numbers (one number). So, there are four numbers on a board in random order: $a+b$, $a+c$, $b+c$ and $a+b+c$.

You have to guess three numbers $a$, $b$ and $c$ using given numbers. Print three guessed integers in any order.

Pay attention that some given numbers $a$, $b$ and $c$ can be equal (it is also possible that $a=b=c$).

The only line of the input contains four positive integers $x_1, x_2, x_3, x_4$ ($2 \le x_i \le 10^9$) — numbers written on a board in random order. It is guaranteed that the answer exists for the given number $x_1, x_2, x_3, x_4$.

Print such positive integers $a$, $b$ and $c$ that four numbers written on a board are values $a+b$, $a+c$, $b+c$ and $a+b+c$ written in some order. Print $a$, $b$ and $c$$ in any order. If there are several answers, you can print any. It is guaranteed that the answer exists.",,,['math'],800-1199
678D,,1700,"math,numbertheory","Consider a linear function f(x) = Ax + B. Let's define g(0)(x) = x and g(n)(x) = f(g(n - 1)(x)) for n > 0. For the given integer values A, B, n and x find the value of g(n)(x) modulo 109 + 7.

The only line contains four integers A, B, n and x (1 ≤ A, B, x ≤ 109, 1 ≤ n ≤ 1018) — the parameters from the problem statement.

Note that the given value n can be too large, so you should use 64-bit integer type to store it. In C++ you can use the long long integer type and in Java you can use long integer type.

Print the only integer s — the value g(n)(x) modulo 109 + 7.",,,"['math', 'numbertheory']",1600-1999
1252G,,2100,datastructures,"Randall is a software engineer at a company with $$N$ employees. Every year, the company re-evaluates its employees. At the end of every year, the company replaces its several worst-performing employees and replaces with the same number of new employees, so that the company keeps having $N$ employees. Each person has a constant performance and can be represented by an integer (higher integer means better performance), and no two people have the same performance.

The performance of the initial employees are represented by an array of integers $A = [A_1, A_2, \dots, A_N]$ where $A_i$ is the performance of the $i^{th}$ employee. Randall is employee $1$, so his performance is $A_1$. We will consider the first $M$ years. At the end of the $i^{th}$ year, the company replaces its $R_i$ worst-performing employees and replaces with $R_i$ new employees. The performance of these new employees are represented by an array of integers $B_i = [(B_i)_1, (B_i)_2, \dots, (B_i)_{R_i}]$ where $(B_i)_j$ is the performance of the $j^{th}$ new employee.

He will consider $Q$ scenarios. On the $i^{th}$ scenario, he will change the value of $(B_{X_i})_{Y_i}$ to $Z_i$. For each scenario, Randall is wondering whether he will still be in the company after $M$ years. Note that the changes in each scenario are kept for the subsequent scenarios.

Input begins with a line containing three integers: $N$ $M$ $Q$ ($2 \le N \le 100\,000$; $1 \le M, Q \le 100\,000$) representing the number of employees, the number of years to be considered, and the number of scenarios, respectively. The next line contains $N$ integers: $A_i$ ($0 \le A_i \le 10^9$) representing the performance of the initial employees. The next $M$ lines each contains several integers: $R_i$ $(B_i)_1$, $(B_i)_2$, $\cdots$, $(B_i)_{R_i}$ ($1 \le R_i < N$; $0 \le (B_i)_j \le 10^9$) representing the number of employees replaced and the performance of the new employees, respectively. It is guaranteed that the sum of $R_i$ does not exceed $",,,['datastructures'],2000-2399
443A,,800,"constructivealgorithms,implementation","Recently, Anton has found a set. The set consists of small English letters. Anton carefully wrote out all the letters from the set in one line, separated by a comma. He also added an opening curved bracket at the beginning of the line and a closing curved bracket at the end of the line. 

Unfortunately, from time to time Anton would forget writing some letter and write it again. He asks you to count the total number of distinct letters in his set.

The first and the single line contains the set of letters. The length of the line doesn't exceed 1000. It is guaranteed that the line starts from an opening curved bracket and ends with a closing curved bracket. Between them, small English letters are listed, separated by a comma. Each comma is followed by a space.

Print a single number — the number of distinct letters in Anton's set.",,,"['constructivealgorithms', 'implementation']",800-1199
346C,,2200,"greedy,math","You are given a sequence of positive integers x1, x2, ..., xn and two non-negative integers a and b. Your task is to transform a into b. To do that, you can perform the following moves:

Operation a mod xi means taking the remainder after division of number a by number xi.

Now you want to know the minimum number of moves needed to transform a into b.

The first line contains a single integer n (1 ≤  n ≤ 105). The second line contains n space-separated integers x1, x2, ..., xn (2 ≤  xi ≤ 109). The third line contains two integers a and b (0  ≤ b ≤  a ≤ 109, a - b ≤ 106).

Print a single integer — the required minimum number of moves needed to transform number a into number b.",,,"['greedy', 'math']",2000-2399
1326F1,,2600,"bitmasks,bruteforce,dp,meet-in-the-middle","This is the easy version of the problem. The difference is constraints on the number of wise men and the time limit. You can make hacks only if all versions of this task are solved.

$$n$ wise men live in a beautiful city. Some of them know each other.

For each of the $n!$ possible permutations $p_1, p_2, \ldots, p_n$ of the wise men, let's generate a binary string of length $n-1$: for each $1 \leq i < n$ set $s_i=1$ if $p_i$ and $p_{i+1}$ know each other, and $s_i=0$ otherwise. 

For all possible $2^{n-1}$ binary strings, find the number of permutations that produce this binary string.

The first line of input contains one integer $n$ ($2 \leq n \leq 14)$  — the number of wise men in the city.

The next $n$ lines contain a binary string of length $n$ each, such that the $j$-th character of the $i$-th string is equal to '1' if wise man $i$ knows wise man $j$, and equals '0' otherwise.

It is guaranteed that if the $i$-th man knows the $j$-th man, then the $j$-th man knows $i$-th man and no man knows himself.

Print $2^{n-1}$ space-separated integers. For each $0 \leq x < 2^{n-1}$:

In the first test, each wise man knows each other, so every permutation will produce the string $11$$.

In the second test:",,,"['bitmasks', 'bruteforce', 'dp', 'meet-in-the-middle']",2400-2799
918A,,800,"bruteforce,implementation","Eleven wants to choose a new name for herself. As a bunch of geeks, her friends suggested an algorithm to choose a name for her. Eleven wants her name to have exactly n characters. 

Her friend suggested that her name should only consist of uppercase and lowercase letters 'O'. More precisely, they suggested that the i-th letter of her name should be 'O' (uppercase) if i is a member of Fibonacci sequence, and 'o' (lowercase) otherwise. The letters in the name are numbered from 1 to n. Fibonacci sequence is the sequence f where

As her friends are too young to know what Fibonacci sequence is, they asked you to help Eleven determine her new name.

The first and only line of input contains an integer n (1 ≤ n ≤ 1000).

Print Eleven's new name on the first and only line of output.",,,"['bruteforce', 'implementation']",800-1199
525A,,1100,"greedy,hashing,strings","After a hard day Vitaly got very hungry and he wants to eat his favorite potato pie. But it's not that simple. Vitaly is in the first room of the house with n room located in a line and numbered starting from one from left to right. You can go from the first room to the second room, from the second room to the third room and so on — you can go from the (n - 1)-th room to the n-th room. Thus, you can go to room x only from room x - 1.

The potato pie is located in the n-th room and Vitaly needs to go there. 

Each pair of consecutive rooms has a door between them. In order to go to room x from room x - 1, you need to open the door between the rooms with the corresponding key. 

In total the house has several types of doors (represented by uppercase Latin letters) and several types of keys (represented by lowercase Latin letters). The key of type t can open the door of type T if and only if t and T are the same letter, written in different cases. For example, key f can open door F.

Each of the first n - 1 rooms contains exactly one key of some type that Vitaly can use to get to next rooms. Once the door is open with some key, Vitaly won't get the key from the keyhole but he will immediately run into the next room. In other words, each key can open no more than one door.

Vitaly realizes that he may end up in some room without the key that opens the door to the next room. Before the start his run for the potato pie Vitaly can buy any number of keys of any type that is guaranteed to get to room n.

Given the plan of the house, Vitaly wants to know what is the minimum number of keys he needs to buy to surely get to the room n, which has a delicious potato pie. Write a program that will help Vitaly find out this number.

The first line of the input contains a positive integer n (2 ≤ n ≤ 105) — the number of rooms in the house.

The second line of the input contains string s of length 2·n - 2. Let's number the elements of the string from left to right, starting from one. ",,,"['greedy', 'hashing', 'strings']",800-1199
949D,,2300,"binarysearch,bruteforce,greedy,sortings","Instructors of Some Informatics School make students go to bed.

The house contains n rooms, in each room exactly b students were supposed to sleep. However, at the time of curfew it happened that many students are not located in their assigned rooms. The rooms are arranged in a row and numbered from 1 to n. Initially, in i-th room there are ai students. All students are currently somewhere in the house, therefore a1 + a2 + ... + an = nb. Also 2 instructors live in this house.

The process of curfew enforcement is the following. One instructor starts near room 1 and moves toward room n, while the second instructor starts near room n and moves toward room 1. After processing current room, each instructor moves on to the next one. Both instructors enter rooms and move simultaneously, if n is odd, then only the first instructor processes the middle room. When all rooms are processed, the process ends.

When an instructor processes a room, she counts the number of students in the room, then turns off the light, and locks the room. Also, if the number of students inside the processed room is not equal to b, the instructor writes down the number of this room into her notebook (and turns off the light, and locks the room). Instructors are in a hurry (to prepare the study plan for the next day), so they don't care about who is in the room, but only about the number of students.

While instructors are inside the rooms, students can run between rooms that are not locked and not being processed. A student can run by at most d rooms, that is she can move to a room with number that differs my at most d. Also, after (or instead of) running each student can hide under a bed in a room she is in. In this case the instructor will not count her during the processing. In each room any number of students can hide simultaneously.

Formally, here is what's happening:

Let x1 denote the number of rooms in which the first instructor counted the number of non-hidden students different from b",,,"['binarysearch', 'bruteforce', 'greedy', 'sortings']",2000-2399
1139B,,1000,"greedy,implementation","You went to the store, selling $$n$ types of chocolates. There are $a_i$ chocolates of type $i$ in stock.

You have unlimited amount of cash (so you are not restricted by any prices) and want to buy as many chocolates as possible. However if you buy $x_i$ chocolates of type $i$ (clearly, $0 \le x_i \le a_i$), then for all $1 \le j < i$ at least one of the following must hold:

For example, the array $x = [0, 0, 1, 2, 10]$ satisfies the requirement above (assuming that all $a_i \ge x_i$), while arrays $x = [0, 1, 0]$, $x = [5, 5]$ and $x = [3, 2]$ don't.

Calculate the maximum number of chocolates you can buy.

The first line contains an integer $n$ ($1 \le n \le 2 \cdot 10^5$), denoting the number of types of chocolate.

The next line contains $n$ integers $a_i$ ($1 \le a_i \le 10^9$), denoting the number of chocolates of each type.

Print the maximum number of chocolates you can buy.

In the first example, it is optimal to buy: $0 + 0 + 1 + 3 + 6$ chocolates.

In the second example, it is optimal to buy: $1 + 2 + 3 + 4 + 10$ chocolates.

In the third example, it is optimal to buy: $0 + 0 + 0 + 1$$ chocolates.",,,"['greedy', 'implementation']",800-1199
447B,,1000,"greedy,implementation","DZY loves collecting special strings which only contain lowercase letters. For each lowercase letter c DZY knows its value wc. For each special string s = s1s2... s|s| (|s| is the length of the string) he represents its value with a function f(s), where 

Now DZY has a string s. He wants to insert k lowercase letters into this string in order to get the largest possible value of the resulting string. Can you help him calculate the largest possible value he could get? 

The first line contains a single string s (1 ≤ |s| ≤ 103).

The second line contains a single integer k (0 ≤ k ≤ 103).

The third line contains twenty-six integers from wa to wz. Each such number is non-negative and doesn't exceed 1000.

Print a single integer — the largest possible value of the resulting string DZY could get.

In the test sample DZY can obtain ""abcbbc"", value = 1·1 + 2·2 + 3·2 + 4·2 + 5·2 + 6·2 = 41.",,,"['greedy', 'implementation']",800-1199
192A,,1300,"binarysearch,bruteforce,implementation","As you very well know, this year's funkiest numbers are so called triangular numbers (that is, integers that are representable as , where k is some positive integer), and the coolest numbers are those that are representable as a sum of two triangular numbers.

A well-known hipster Andrew adores everything funky and cool but unfortunately, he isn't good at maths. Given number n, help him define whether this number can be represented by a sum of two triangular numbers (not necessarily different)!

The first input line contains an integer n (1 ≤ n ≤ 109).

Print ""YES"" (without the quotes), if n can be represented as a sum of two triangular numbers, otherwise print ""NO"" (without the quotes).

In the first sample number .

In the second sample number 512 can not be represented as a sum of two triangular numbers.",,,"['binarysearch', 'bruteforce', 'implementation']",1200-1599
446D,,2800,"math,matrices,probabilities","Today DZY begins to play an old game. In this game, he is in a big maze with n rooms connected by m corridors (each corridor allows to move in both directions). You can assume that all the rooms are connected with corridors directly or indirectly.

DZY has got lost in the maze. Currently he is in the first room and has k lives. He will act like the follows:

There are some rooms which have traps in them. The first room definitely has no trap, the n-th room definitely has a trap. Each time DZY enters one of these rooms, he will lost one life. Now, DZY knows that if he enters the n-th room with exactly 2 lives, firstly he will lost one live, but then he will open a bonus round. He wants to know the probability for him to open the bonus round. Please, help him.

The first line contains three integers n, m, k (2 ≤ n ≤ 500; 1 ≤ m ≤ 105; 2 ≤ k ≤ 109).

The second line contains n integers, each of them is either 0 or 1. If the i-th number is 1, then the i-th room has a trap, otherwise it has not a trap. Please note, that the number of rooms with a trap is no more than 101. It is guaranteed that the first room has no trap, and the n-th room has a trap.

Then m lines follows. Each of them contains two integers ui, vi (1 ≤ ui, vi ≤ n; ui ≠ vi), meaning that current corridor connects two rooms ui and vi. It is guaranteed that the corridor system is connected.

Print the only real number — the probability for DZY to open the bonus round. The answer will be considered correct if its relative or absolute error doesn't exceed 10 - 4.",,,"['math', 'matrices', 'probabilities']",2800-9999
903A,,900,"greedy,implementation","Ivan's classes at the university have just finished, and now he wants to go to the local CFK cafe and eat some fried chicken.

CFK sells chicken chunks in small and large portions. A small portion contains 3 chunks; a large one — 7 chunks. Ivan wants to eat exactly x chunks. Now he wonders whether he can buy exactly this amount of chicken.

Formally, Ivan wants to know if he can choose two non-negative integers a and b in such a way that a small portions and b large ones contain exactly x chunks.

Help Ivan to answer this question for several values of x!

The first line contains one integer n (1 ≤ n ≤ 100) — the number of testcases.

The i-th of the following n lines contains one integer xi (1 ≤ xi ≤ 100) — the number of chicken chunks Ivan wants to eat.

Print n lines, in i-th line output YES if Ivan can buy exactly xi chunks. Otherwise, print NO.

In the first example Ivan can buy two small portions.

In the second example Ivan cannot buy exactly 5 chunks, since one small portion is not enough, but two small portions or one large is too much.",,,"['greedy', 'implementation']",800-1199
61A,,800,implementation,"Shapur was an extremely gifted student. He was great at everything including Combinatorics, Algebra, Number Theory, Geometry, Calculus, etc. He was not only smart but extraordinarily fast! He could manage to sum 1018 numbers in a single second.

One day in 230 AD Shapur was trying to find out if any one can possibly do calculations faster than him. As a result he made a very great contest and asked every one to come and take part.

In his contest he gave the contestants many different pairs of numbers. Each number is made from digits 0 or 1. The contestants should write a new number corresponding to the given pair of numbers. The rule is simple: The i-th digit of the answer is 1 if and only if the i-th digit of the two given numbers differ. In the other case the i-th digit of the answer is 0.

Shapur made many numbers and first tried his own speed. He saw that he can perform these operations on numbers of length ∞ (length of a number is number of digits in it) in a glance! He always gives correct answers so he expects the contestants to give correct answers, too. He is a good fellow so he won't give anyone very big numbers and he always gives one person numbers of same length.

Now you are going to take part in Shapur's contest. See if you are faster and more accurate.

There are two lines in each input. Each of them contains a single number. It is guaranteed that the numbers are made from 0 and 1 only and that their length is same. The numbers may start with 0. The length of each number doesn't exceed 100.

Write one line — the corresponding answer. Do not omit the leading 0s.",,,['implementation'],800-1199
1263D,,1500,"dfsandsimilar,dsu,graphs","One unknown hacker wants to get the admin's password of AtForces testing system, to get problems from the next contest. To achieve that, he sneaked into the administrator's office and stole a piece of paper with a list of $$n$ passwords — strings, consists of small Latin letters.

Hacker went home and started preparing to hack AtForces. He found that the system contains only passwords from the stolen list and that the system determines the equivalence of the passwords $a$ and $b$ as follows:

If a password is set in the system and an equivalent one is applied to access the system, then the user is accessed into the system.

For example, if the list contain passwords ""a"", ""b"", ""ab"", ""d"", then passwords ""a"", ""b"", ""ab"" are equivalent to each other, but the password ""d"" is not equivalent to any other password from list. In other words, if:

Only one password from the list is the admin's password from the testing system. Help hacker to calculate the minimal number of passwords, required to guaranteed access to the system. Keep in mind that the hacker does not know which password is set in the system.

The first line contain integer $n$ ($1 \le n \le 2 \cdot 10^5$) — number of passwords in the list. Next $n$ lines contains passwords from the list – non-empty strings $s_i$, with length at most $50$ letters. Some of the passwords may be equal.

It is guaranteed that the total length of all passwords does not exceed $10^6$$ letters. All of them consist only of lowercase Latin letters.

In a single line print the minimal number of passwords, the use of which will allow guaranteed to access the system.

In the second example hacker need to use any of the passwords to access the system.",,,"['dfsandsimilar', 'dsu', 'graphs']",1200-1599
1463D,,1900,"binarysearch,constructivealgorithms,greedy,twopointers","You have $$2n$ integers $1, 2, \dots, 2n$. You have to redistribute these $2n$ elements into $n$ pairs. After that, you choose $x$ pairs and take minimum elements from them, and from the other $n - x$ pairs, you take maximum elements.

Your goal is to obtain the set of numbers $\{b_1, b_2, \dots, b_n\}$ as the result of taking elements from the pairs.

What is the number of different $x$-s ($0 \le x \le n$) such that it's possible to obtain the set $b$ if for each $x$ you can choose how to distribute numbers into pairs and from which $x$ pairs choose minimum elements?

The first line contains a single integer $t$ ($1 \le t \le 1000$) — the number of test cases.

The first line of each test case contains the integer $n$ ($1 \le n \le 2 \cdot 10^5$).

The second line of each test case contains $n$ integers $b_1, b_2, \dots, b_n$ ($1 \le b_1 < b_2 < \dots < b_n \le 2n$) — the set you'd like to get.

It's guaranteed that the sum of $n$ over test cases doesn't exceed $2 \cdot 10^5$.

For each test case, print one number — the number of different $x$-s such that it's possible to obtain the set $b$.

In the first test case, $x = 1$ is the only option: you have one pair $(1, 2)$ and choose the minimum from this pair.

In the second test case, there are three possible $x$-s. If $x = 1$, then you can form the following pairs: $(1, 6)$, $(2, 4)$, $(3, 5)$, $(7, 9)$, $(8, 10)$. You can take minimum from $(1, 6)$ (equal to $1$) and the maximum elements from all other pairs to get set $b$.

If $x = 2$, you can form pairs $(1, 2)$, $(3, 4)$, $(5, 6)$, $(7, 9)$, $(8, 10)$ and take the minimum elements from $(1, 2)$, $(5, 6)$ and the maximum elements from the other pairs.

If $x = 3$, you can form pairs $(1, 3)$, $(4, 6)$, $(5, 7)$, $(2, 9)$, $(8, 10)$ and take the minimum elements from $(1, 3)$, $(4, 6)$, $(5, 7)$.

In the third test case, $x = 0$ is the only option: you can form pairs $(1, 3)$, $(2, 4)$$ and take the maximum elements from both of them.",,,"['binarysearch', 'constructivealgorithms', 'greedy', 'twopointers']",1600-1999
48D,,1500,greedy,"A permutation is a sequence of integers from 1 to n of length n containing each number exactly once. For example, (1), (4, 3, 5, 1, 2), (3, 2, 1) are permutations, and (1, 1), (4, 3, 1), (2, 3, 4) are not. 

There are many tasks on permutations. Today you are going to solve one of them. Let’s imagine that somebody took several permutations (perhaps, with a different number of elements), wrote them down consecutively as one array and then shuffled the resulting array. The task is to restore the initial permutations if it is possible.

The first line contains an integer n (1 ≤ n ≤ 105). The next line contains the mixed array of n integers, divided with a single space. The numbers in the array are from 1 to 105.

If this array can be split into several permutations so that every element of the array belongs to exactly one permutation, print in the first line the number of permutations. The second line should contain n numbers, corresponding to the elements of the given array. If the i-th element belongs to the first permutation, the i-th number should be 1, if it belongs to the second one, then its number should be 2 and so on. The order of the permutations’ numbering is free.

If several solutions are possible, print any one of them. If there’s no solution, print in the first line  - 1.

In the first sample test the array is split into three permutations: (2, 1), (3, 2, 1, 4, 5), (1, 2). The first permutation is formed by the second and the fourth elements of the array, the second one — by the third, the fifth, the sixth, the seventh and the ninth elements, the third one — by the first and the eigth elements. Clearly, there are other splitting variants possible.",,,['greedy'],1200-1599
1107C,,1300,"greedy,sortings,twopointers","You are playing a new famous fighting game: Kortal Mombat XII. You have to perform a brutality on your opponent's character.

You are playing the game on the new generation console so your gamepad have $$26$ buttons. Each button has a single lowercase Latin letter from 'a' to 'z' written on it. All the letters on buttons are pairwise distinct.

You are given a sequence of hits, the $i$-th hit deals $a_i$ units of damage to the opponent's character. To perform the $i$-th hit you have to press the button $s_i$ on your gamepad. Hits are numbered from $1$ to $n$.

You know that if you press some button more than $k$ times in a row then it'll break. You cherish your gamepad and don't want to break any of its buttons.

To perform a brutality you have to land some of the hits of the given sequence. You are allowed to skip any of them, however changing the initial order of the sequence is prohibited. The total damage dealt is the sum of $a_i$ over all $i$ for the hits which weren't skipped.

Note that if you skip the hit then the counter of consecutive presses the button won't reset.

Your task is to skip some hits to deal the maximum possible total damage to the opponent's character and not break your gamepad buttons.

The first line of the input contains two integers $n$ and $k$ ($1 \le k \le n \le 2 \cdot 10^5$) — the number of hits and the maximum number of times you can push the same button in a row.

The second line of the input contains $n$ integers $a_1, a_2, \dots, a_n$ ($1 \le a_i \le 10^9$), where $a_i$ is the damage of the $i$-th hit.

The third line of the input contains the string $s$ consisting of exactly $n$ lowercase Latin letters — the sequence of hits (each character is the letter on the button you need to press to perform the corresponding hit).

Print one integer $dmg$ — the maximum possible damage to the opponent's character you can deal without breaking your gamepad buttons.

In the first example you can choose hits with numbers $[1, 3, 4, 5, 6, 7]$ w",,,"['greedy', 'sortings', 'twopointers']",1200-1599
683C,,1600,,"You are given two sets of numbers. Your task is to print all numbers from the sets, that both sets don't contain simultaneously.

The first line contains the description of the first set, the second line contains the description of the second set. Each description begins with the number of elements in this set. All elements of the set follow in the arbitrary order. In each set all elements are distinct and both sets are not empty. The number of elements in each set doesn't exceed 1000. All elements of the sets are integers from -1000 to 1000.

Print the number of the required numbers and then the numbers themselves separated by a space.",,,[],1600-1999
82B,,1700,"constructivealgorithms,hashing,implementation","Little Vasya likes very much to play with sets consisting of positive integers. To make the game more interesting, Vasya chose n non-empty sets in such a way, that no two of them have common elements.

One day he wanted to show his friends just how interesting playing with numbers is. For that he wrote out all possible unions of two different sets on n·(n - 1) / 2 pieces of paper. Then he shuffled the pieces of paper. He had written out the numbers in the unions in an arbitrary order.

For example, if n = 4, and the actual sets have the following form {1, 3}, {5}, {2, 4}, {7}, then the number of set pairs equals to six. The six pieces of paper can contain the following numbers: 

Then Vasya showed the pieces of paper to his friends, but kept the n sets secret from them. His friends managed to calculate which sets Vasya had thought of in the first place. And how about you, can you restore the sets by the given pieces of paper?

The first input file line contains a number n (2 ≤ n ≤ 200), n is the number of sets at Vasya's disposal. Then follow sets of numbers from the pieces of paper written on n·(n - 1) / 2 lines. Each set starts with the number ki (2 ≤ ki ≤ 200), which is the number of numbers written of the i-th piece of paper, and then follow ki numbers aij (1 ≤ aij ≤ 200). All the numbers on the lines are separated by exactly one space. It is guaranteed that the input data is constructed according to the above given rules from n non-intersecting sets.

Print on n lines Vasya's sets' description. The first number on the line shows how many numbers the current set has. Then the set should be recorded by listing its elements. Separate the numbers by spaces. Each number and each set should be printed exactly once. Print the sets and the numbers in the sets in any order. If there are several answers to that problem, print any of them.

It is guaranteed that there is a solution.",,,"['constructivealgorithms', 'hashing', 'implementation']",1600-1999
593A,,1200,"bruteforce,implementation","Andrew often reads articles in his favorite magazine 2Char. The main feature of these articles is that each of them uses at most two distinct letters. Andrew decided to send an article to the magazine, but as he hasn't written any article, he just decided to take a random one from magazine 26Char. However, before sending it to the magazine 2Char, he needs to adapt the text to the format of the journal. To do so, he removes some words from the chosen article, in such a way that the remaining text can be written using no more than two distinct letters.

Since the payment depends from the number of non-space characters in the article, Andrew wants to keep the words with the maximum total length.

The first line of the input contains number n (1 ≤ n ≤ 100) — the number of words in the article chosen by Andrew. Following are n lines, each of them contains one word. All the words consist only of small English letters and their total length doesn't exceed 1000. The words are not guaranteed to be distinct, in this case you are allowed to use a word in the article as many times as it appears in the input.

Print a single integer — the maximum possible total length of words in Andrew's article.

In the first sample the optimal way to choose words is {'abb', 'aaa', 'bbb'}.

In the second sample the word 'cdecdecdecdecdecde' consists of three distinct letters, and thus cannot be used in the article. The optimal answer is {'a', 'a', 'aaaa'}.",,,"['bruteforce', 'implementation']",1200-1599
1534E,,2300,"graphs,greedy,interactive,shortestpaths","This is an interactive problem.

Note: the XOR-sum of an array $$a_1, a_2, \ldots, a_n$ ($1 \le a_i \le 10^9$) is defined as $a_1 \oplus a_2 \oplus \ldots \oplus a_n$, where $\oplus$ denotes the bitwise XOR operation.

Little Dormi received an array of $n$ integers $a_1, a_2, \ldots, a_n$ for Christmas. However, while playing with it over the winter break, he accidentally dropped it into his XOR machine, and the array got lost.

The XOR machine is currently configured with a query size of $k$ (which you cannot change), and allows you to perform the following type of query: by giving the machine $k$ distinct indices $x_1, x_2, \ldots, x_k$, it will output $a_{x_1} \oplus a_{x_2} \oplus \ldots \oplus a_{x_k}$.

As Little Dormi's older brother, you would like to help him recover the XOR-sum of his array $a_1, a_2, \ldots, a_n$ by querying the XOR machine.

Little Dormi isn't very patient, so to be as fast as possible, you must query the XOR machine the minimum number of times to find the XOR-sum of his array. Formally, let $d$ be the minimum number of queries needed to find the XOR-sum of any array of length $n$ with a query size of $k$. Your program will be accepted if you find the correct XOR-sum in at most $d$ queries.

Lastly, you also noticed that with certain configurations of the machine $k$ and values of $n$, it may not be possible to recover the XOR-sum of Little Dormi's lost array. If that is the case, you should report it as well.

The array $a_1, a_2, \ldots, a_n$ is fixed before you start querying the XOR machine and does not change with the queries.

The only line of input contains the integers $n$ and $k$ ($1 \le n \le 500$, $1 \le k \le n$), the length of the lost array and the configured query size of the XOR machine.

Elements of the original array satisfy $1 \le a_i \le 10^9$.

It can be proven that that if it is possible to recover the XOR sum under the given constraints, it can be done in at most $500$ queries. That is, $d \le 500$.

After taking $",,,"['graphs', 'greedy', 'interactive', 'shortestpaths']",2000-2399
1285D,,1900,"bitmasks,bruteforce,dfsandsimilar,divideandconquer,dp,greedy,strings,trees","Today, as a friendship gift, Bakry gave Badawy $$n$ integers $a_1, a_2, \dots, a_n$ and challenged him to choose an integer $X$ such that the value $\underset{1 \leq i \leq n}{\max} (a_i \oplus X)$ is minimum possible, where $\oplus$ denotes the bitwise XOR operation.

As always, Badawy is too lazy, so you decided to help him and find the minimum possible value of $\underset{1 \leq i \leq n}{\max} (a_i \oplus X)$.

The first line contains integer $n$ ($1\le n \le 10^5$).

The second line contains $n$ integers $a_1, a_2, \dots, a_n$ ($0 \le a_i \le 2^{30}-1$).

Print one integer — the minimum possible value of $\underset{1 \leq i \leq n}{\max} (a_i \oplus X)$.

In the first sample, we can choose $X = 3$.

In the second sample, we can choose $X = 5$$.",,,"['bitmasks', 'bruteforce', 'dfsandsimilar', 'divideandconquer', 'dp', 'greedy', 'strings', 'trees']",1600-1999
119C,,2000,dp,"Yet another education system reform has been carried out in Berland recently. The innovations are as follows:

An academic year now consists of n days. Each day pupils study exactly one of m subjects, besides, each subject is studied for no more than one day. After the lessons of the i-th subject pupils get the home task that contains no less than ai and no more than bi exercises. Besides, each subject has a special attribute, the complexity (ci). A school can make its own timetable, considering the following conditions are satisfied:

All limitations are separately set for each school.

It turned out that in many cases ai and bi reach 1016 (however, as the Berland Minister of Education is famous for his love to half-measures, the value of bi - ai doesn't exceed 100). That also happened in the Berland School №256. Nevertheless, you as the school's principal still have to work out the timetable for the next academic year...

The first line contains three integers n, m, k (1 ≤ n ≤ m ≤ 50, 1 ≤ k ≤ 100) which represent the number of days in an academic year, the number of subjects and the k parameter correspondingly. Each of the following m lines contains the description of a subject as three integers ai, bi, ci (1 ≤ ai ≤ bi ≤ 1016, bi - ai ≤ 100, 1 ≤ ci ≤ 100) — two limitations to the number of exercises on the i-th subject and the complexity of the i-th subject, correspondingly. Distinct subjects can have the same complexity. The subjects are numbered with integers from 1 to m. 

Please do not use the %lld specificator to read or write 64-bit numbers in С++. It is preferred to use the cin stream or the %I64d specificator.

If no valid solution exists, print the single word ""NO"" (without the quotes). Otherwise, the first line should contain the word ""YES"" (without the quotes) and the next n lines should contain any timetable that satisfies all the conditions. The i + 1-th line should contain two positive integers: the number of the subject to study on the i-th day and ",,,['dp'],2000-2399
1106B,,1500,"datastructures,implementation","Lunar New Year is approaching, and Bob is planning to go for a famous restaurant — ""Alice's"".

The restaurant ""Alice's"" serves $$n$ kinds of food. The cost for the $i$-th kind is always $c_i$. Initially, the restaurant has enough ingredients for serving exactly $a_i$ dishes of the $i$-th kind. In the New Year's Eve, $m$ customers will visit Alice's one after another and the $j$-th customer will order $d_j$ dishes of the $t_j$-th kind of food. The $(i + 1)$-st customer will only come after the $i$-th customer is completely served.

Suppose there are $r_i$ dishes of the $i$-th kind remaining (initially $r_i = a_i$). When a customer orders $1$ dish of the $i$-th kind, the following principles will be processed.

If the customer doesn't leave after the $d_j$ dishes are served, the cost for the customer will be the sum of the cost for these $d_j$ dishes.

Please determine the total cost for each of the $m$ customers.

The first line contains two integers $n$ and $m$ ($1 \leq n, m \leq 10^5$), representing the number of different kinds of food and the number of customers, respectively.

The second line contains $n$ positive integers $a_1, a_2, \ldots, a_n$ ($1 \leq a_i \leq 10^7$), where $a_i$ denotes the initial remain of the $i$-th kind of dishes.

The third line contains $n$ positive integers $c_1, c_2, \ldots, c_n$ ($1 \leq c_i \leq 10^6$), where $c_i$ denotes the cost of one dish of the $i$-th kind.

The following $m$ lines describe the orders of the $m$ customers respectively. The $j$-th line contains two positive integers $t_j$ and $d_j$ ($1 \leq t_j \leq n$, $1 \leq d_j \leq 10^7$), representing the kind of food and the number of dishes the $j$-th customer orders, respectively.

Print $m$ lines. In the $j$-th line print the cost for the $j$-th customer.

In the first sample, $5$ customers will be served as follows.

In the second sample, each customer is served what they order except the last one, who leaves angrily without paying. For example, the second customer",,,"['datastructures', 'implementation']",1200-1599
560D,,1700,"hashing,implementation,strings","Today on a lecture about strings Gerald learned a new definition of string equivalency. Two strings a and b of equal length are called equivalent in one of the two cases: 

As a home task, the teacher gave two strings to his students and asked to determine if they are equivalent.

Gerald has already completed this home task. Now it's your turn!

The first two lines of the input contain two strings given by the teacher. Each of them has the length from 1 to 200 000 and consists of lowercase English letters. The strings have the same length.

Print ""YES"" (without the quotes), if these two strings are equivalent, and ""NO"" (without the quotes) otherwise.

In the first sample you should split the first string into strings ""aa"" and ""ba"", the second one — into strings ""ab"" and ""aa"". ""aa"" is equivalent to ""aa""; ""ab"" is equivalent to ""ba"" as ""ab"" = ""a"" + ""b"", ""ba"" = ""b"" + ""a"".

In the second sample the first string can be splitted into strings ""aa"" and ""bb"", that are equivalent only to themselves. That's why string ""aabb"" is equivalent only to itself and to string ""bbaa"".",,,"['hashing', 'implementation', 'strings']",1600-1999
620B,,1000,implementation,"Once Max found an electronic calculator from his grandfather Dovlet's chest. He noticed that the numbers were written with seven-segment indicators (https://en.wikipedia.org/wiki/Seven-segment_display).

Max starts to type all the values from a to b. After typing each number Max resets the calculator. Find the total number of segments printed on the calculator.

For example if a = 1 and b = 3 then at first the calculator will print 2 segments, then — 5 segments and at last it will print 5 segments. So the total number of printed segments is 12.

The only line contains two integers a, b (1 ≤ a ≤ b ≤ 106) — the first and the last number typed by Max.

Print the only integer a — the total number of printed segments.",,,['implementation'],800-1199
891A,,1500,"bruteforce,dp,greedy,math,numbertheory","You have an array a with length n, you can perform operations. Each operation is like this: choose two adjacent elements from a, say x and y, and replace one of them with gcd(x, y), where gcd denotes the greatest common divisor.

What is the minimum number of operations you need to make all of the elements equal to 1?

The first line of the input contains one integer n (1 ≤ n ≤ 2000) — the number of elements in the array.

The second line contains n space separated integers a1, a2, ..., an (1 ≤ ai ≤ 109) — the elements of the array.

Print -1, if it is impossible to turn all numbers to 1. Otherwise, print the minimum number of operations needed to make all numbers equal to 1.

In the first sample you can turn all numbers to 1 using the following 5 moves:

We can prove that in this case it is not possible to make all numbers one using less than 5 moves.",,,"['bruteforce', 'dp', 'greedy', 'math', 'numbertheory']",1200-1599
699C,,1400,"bruteforce,dp","Vasya has n days of vacations! So he decided to improve his IT skills and do sport. Vasya knows the following information about each of this n days: whether that gym opened and whether a contest was carried out in the Internet on that day. For the i-th day there are four options:

On each of days Vasya can either have a rest or write the contest (if it is carried out on this day), or do sport (if the gym is open on this day).

Find the minimum number of days on which Vasya will have a rest (it means, he will not do sport and write the contest at the same time). The only limitation that Vasya has — he does not want to do the same activity on two consecutive days: it means, he will not do sport on two consecutive days, and write the contest on two consecutive days.

The first line contains a positive integer n (1 ≤ n ≤ 100) — the number of days of Vasya's vacations.

The second line contains the sequence of integers a1, a2, ..., an (0 ≤ ai ≤ 3) separated by space, where: 

Print the minimum possible number of days on which Vasya will have a rest. Remember that Vasya refuses:

In the first test Vasya can write the contest on the day number 1 and do sport on the day number 3. Thus, he will have a rest for only 2 days.

In the second test Vasya should write contests on days number 1, 3, 5 and 7, in other days do sport. Thus, he will not have a rest for a single day.

In the third test Vasya can do sport either on a day number 1 or number 2. He can not do sport in two days, because it will be contrary to the his limitation. Thus, he will have a rest for only one day.",,,"['bruteforce', 'dp']",1200-1599
587D,,3100,"2-sat,binarysearch","Duff is one if the heads of Mafia in her country, Andarz Gu. Andarz Gu has n cities (numbered from 1 to n) connected by m bidirectional roads (numbered by 1 to m).

Each road has a destructing time, and a color. i-th road connects cities vi and ui and its color is ci and its destructing time is ti.

Mafia wants to destruct a matching in Andarz Gu. A matching is a subset of roads such that no two roads in this subset has common endpoint. They can destruct these roads in parallel, i. e. the total destruction time is a maximum over destruction times of all selected roads.

They want two conditions to be satisfied:

The remaining roads after destructing this matching form a proper coloring if and only if no two roads of the same color have same endpoint, or, in the other words, edges of each color should form a matching.

There is no programmer in Mafia. That's why Duff asked for your help. Please help her and determine which matching to destruct in order to satisfied those conditions (or state that this is not possible).

The first line of input contains two integers n and m (2 ≤ n ≤ 5 × 104 and 1 ≤ m ≤ 5 × 104), number of cities and number of roads in the country.

The next m lines contain the the roads. i - th of them contains four integers vi, ui, ci and ti (1 ≤ vi, ui ≤ n, vi ≠ ui and 1 ≤ ci, ti ≤ 109 for each 1 ≤ i ≤ m).

In the first line of input, print ""Yes"" (without quotes) if satisfying the first condition is possible and ""No"" (without quotes) otherwise.

If it is possible, then you have to print two integers t and k in the second line, the minimum destructing time and the number of roads in the matching ().

In the third line print k distinct integers separated by spaces, indices of the roads in the matching in any order. Roads are numbered starting from one in order of their appearance in the input.

If there's more than one solution, print any of them.

Graph of Andarz Gu in the first sample case is as follows:

A solution would be to destruct the roads wi",,,"['2-sat', 'binarysearch']",2800-9999
124D,,1800,"bruteforce,constructivealgorithms,numbertheory","You are given an infinite checkered field. You should get from a square (x1; y1) to a square (x2; y2). Using the shortest path is not necessary. You can move on the field squares in four directions. That is, when you are positioned in any square, you can move to any other side-neighboring one. 

A square (x; y) is considered bad, if at least one of the two conditions is fulfilled:

Your task is to find the minimum number of bad cells one will have to visit on the way from (x1; y1) to (x2; y2).

The only line contains integers a, b, x1, y1, x2 and y2 — the parameters of the bad squares, the coordinates of the initial and the final squares correspondingly (2 ≤ a, b ≤ 109 and |x1|,|y1|,|x2|,|y2| ≤ 109). It is guaranteed that the initial and the final square aren't bad.

Print a single number — the minimum number of bad cells that one will have to visit in order to travel from square (x1; y1) to square (x2; y2).

In the third sample one of the possible paths in (3;-1)->(3;0)->(3;1)->(3;2)->(4;2)->(4;3)->(4;4)->(4;5)->(4;6)->(4;7)->(3;7). Squares (3;1) and (4;4) are bad.",,,"['bruteforce', 'constructivealgorithms', 'numbertheory']",1600-1999
979D,,2200,"binarysearch,bitmasks,bruteforce,datastructures,dp,dsu,greedy,math,numbertheory,strings,trees","Kuro is currently playing an educational game about numbers. The game focuses on the greatest common divisor (GCD), the XOR value, and the sum of two numbers. Kuro loves the game so much that he solves levels by levels day by day.

Sadly, he's going on a vacation for a day, and he isn't able to continue his solving streak on his own. As Katie is a reliable person, Kuro kindly asked her to come to his house on this day to play the game for him.

Initally, there is an empty array $$a$. The game consists of $q$ tasks of two types. The first type asks Katie to add a number $u_i$ to $a$. The second type asks Katie to find a number $v$ existing in $a$ such that $k_i \mid GCD(x_i, v)$, $x_i + v \leq s_i$, and $x_i \oplus v$ is maximized, where $\oplus$ denotes the bitwise XOR operation, $GCD(c, d)$ denotes the greatest common divisor of integers $c$ and $d$, and $y \mid x$ means $x$ is divisible by $y$, or report -1 if no such numbers are found.

Since you are a programmer, Katie needs you to automatically and accurately perform the tasks in the game to satisfy her dear friend Kuro. Let's help her!

The first line contains one integer $q$ ($2 \leq q \leq 10^{5}$) — the number of tasks the game wants you to perform.

$q$ lines follow, each line begins with an integer $t_i$ — the type of the task: 

It is guaranteed that the type of the first task is type $1$, and there exists at least one task of type $2$.

For each task of type $2$, output on one line the desired number $v$$, or -1 if no such numbers are found.

In the first example, there are 5 tasks:",,,"['binarysearch', 'bitmasks', 'bruteforce', 'datastructures', 'dp', 'dsu', 'greedy', 'math', 'numbertheory', 'strings', 'trees']",2000-2399
227C,,1400,math,"An expedition group flew from planet ACM-1 to Earth in order to study the bipedal species (its representatives don't even have antennas on their heads!).

The flying saucer, on which the brave pioneers set off, consists of three sections. These sections are connected by a chain: the 1-st section is adjacent only to the 2-nd one, the 2-nd one — to the 1-st and the 3-rd ones, the 3-rd one — only to the 2-nd one. The transitions are possible only between the adjacent sections.

The spacecraft team consists of n aliens. Each of them is given a rank — an integer from 1 to n. The ranks of all astronauts are distinct. The rules established on the Saucer, state that an alien may move from section a to section b only if it is senior in rank to all aliens who are in the segments a and b (besides, the segments a and b are of course required to be adjacent). Any alien requires exactly 1 minute to make a move. Besides, safety regulations require that no more than one alien moved at the same minute along the ship.

Alien A is senior in rank to alien B, if the number indicating rank A, is more than the corresponding number for B.

At the moment the whole saucer team is in the 3-rd segment. They all need to move to the 1-st segment. One member of the crew, the alien with the identification number CFR-140, decided to calculate the minimum time (in minutes) they will need to perform this task.

Help CFR-140, figure out the minimum time (in minutes) that all the astronauts will need to move from the 3-rd segment to the 1-st one. Since this number can be rather large, count it modulo m.

The first line contains two space-separated integers: n and m (1 ≤ n, m ≤ 109) — the number of aliens on the saucer and the number, modulo which you should print the answer, correspondingly.

Print a single number — the answer to the problem modulo m.

In the first sample the only crew member moves from segment 3 to segment 2, and then from segment 2 to segment 1 without any problems. Thus, the whole m",,,['math'],1200-1599
816A,,1000,"bruteforce,implementation","Karen is getting ready for a new school day!

It is currently hh:mm, given in a 24-hour format. As you know, Karen loves palindromes, and she believes that it is good luck to wake up when the time is a palindrome.

What is the minimum number of minutes she should sleep, such that, when she wakes up, the time is a palindrome?

Remember that a palindrome is a string that reads the same forwards and backwards. For instance, 05:39 is not a palindrome, because 05:39 backwards is 93:50. On the other hand, 05:50 is a palindrome, because 05:50 backwards is 05:50.

The first and only line of input contains a single string in the format hh:mm (00 ≤  hh  ≤ 23, 00 ≤  mm  ≤ 59).

Output a single integer on a line by itself, the minimum number of minutes she should sleep, such that, when she wakes up, the time is a palindrome.

In the first test case, the minimum number of minutes Karen should sleep for is 11. She can wake up at 05:50, when the time is a palindrome.

In the second test case, Karen can wake up immediately, as the current time, 13:31, is already a palindrome.

In the third test case, the minimum number of minutes Karen should sleep for is 1 minute. She can wake up at 00:00, when the time is a palindrome.",,,"['bruteforce', 'implementation']",800-1199
39J,,1500,"hashing,implementation,strings","Petya has noticed that when he types using a keyboard, he often presses extra buttons and adds extra letters to the words. Of course, the spell-checking system underlines the words for him and he has to click every word and choose the right variant. Petya got fed up with correcting his mistakes himself, that’s why he decided to invent the function that will correct the words itself. Petya started from analyzing the case that happens to him most of the time, when all one needs is to delete one letter for the word to match a word from the dictionary. Thus, Petya faces one mini-task: he has a printed word and a word from the dictionary, and he should delete one letter from the first word to get the second one. And now the very non-trivial question that Petya faces is: which letter should he delete?

The input data contains two strings, consisting of lower-case Latin letters. The length of each string is from 1 to 106 symbols inclusive, the first string contains exactly 1 symbol more than the second one.

In the first line output the number of positions of the symbols in the first string, after the deleting of which the first string becomes identical to the second one. In the second line output space-separated positions of these symbols in increasing order. The positions are numbered starting from 1. If it is impossible to make the first string identical to the second string by deleting one symbol, output one number 0.",,,"['hashing', 'implementation', 'strings']",1200-1599
740B,,1200,constructivealgorithms,"Little Alyona is celebrating Happy Birthday! Her mother has an array of n flowers. Each flower has some mood, the mood of i-th flower is ai. The mood can be positive, zero or negative.

Let's define a subarray as a segment of consecutive flowers. The mother suggested some set of subarrays. Alyona wants to choose several of the subarrays suggested by her mother. After that, each of the flowers will add to the girl's happiness its mood multiplied by the number of chosen subarrays the flower is in.

For example, consider the case when the mother has 5 flowers, and their moods are equal to 1,  - 2, 1, 3,  - 4. Suppose the mother suggested subarrays (1,  - 2), (3,  - 4), (1, 3), (1,  - 2, 1, 3). Then if the girl chooses the third and the fourth subarrays then: 

Thus, in total 1 + ( - 2) + 2 + 6 + 0 = 7 is added to the girl's happiness. Alyona wants to choose such subarrays from those suggested by the mother that the value added to her happiness would be as large as possible. Help her do this!

Alyona can choose any number of the subarrays, even 0 or all suggested by her mother.

The first line contains two integers n and m (1 ≤ n, m ≤ 100) — the number of flowers and the number of subarrays suggested by the mother.

The second line contains the flowers moods — n integers a1, a2, ..., an ( - 100 ≤ ai ≤ 100).

The next m lines contain the description of the subarrays suggested by the mother. The i-th of these lines contain two integers li and ri (1 ≤ li ≤ ri ≤ n) denoting the subarray a[li], a[li + 1], ..., a[ri].

Each subarray can encounter more than once.

Print single integer — the maximum possible value added to the Alyona's happiness.

The first example is the situation described in the statements.

In the second example Alyona should choose all subarrays.

The third example has answer 0 because Alyona can choose none of the subarrays.",,,['constructivealgorithms'],1200-1599
1367A,,800,"implementation,strings","Alice guesses the strings that Bob made for her.

At first, Bob came up with the secret string $$a$ consisting of lowercase English letters. The string $a$ has a length of $2$ or more characters. Then, from string $a$ he builds a new string $b$ and offers Alice the string $b$ so that she can guess the string $a$.

Bob builds $b$ from $a$ as follows: he writes all the substrings of length $2$ of the string $a$ in the order from left to right, and then joins them in the same order into the string $b$.

For example, if Bob came up with the string $a$=""abac"", then all the substrings of length $2$ of the string $a$ are: ""ab"", ""ba"", ""ac"". Therefore, the string $b$=""abbaac"".

You are given the string $b$. Help Alice to guess the string $a$ that Bob came up with. It is guaranteed that $b$ was built according to the algorithm given above. It can be proved that the answer to the problem is unique.

The first line contains a single positive integer $t$ ($1 \le t \le 1000$) — the number of test cases in the test. Then $t$ test cases follow.

Each test case consists of one line in which the string $b$ is written, consisting of lowercase English letters ($2 \le |b| \le 100$) — the string Bob came up with, where $|b|$ is the length of the string $b$. It is guaranteed that $b$ was built according to the algorithm given above.

Output $t$ answers to test cases. Each answer is the secret string $a$, consisting of lowercase English letters, that Bob came up with.

The first test case is explained in the statement.

In the second test case, Bob came up with the string $a$=""ac"", the string $a$ has a length $2$, so the string $b$ is equal to the string $a$.

In the third test case, Bob came up with the string $a$=""bcdaf"", substrings of length $2$ of string $a$ are: ""bc"", ""cd"", ""da"", ""af"", so the string $b$$=""bccddaaf"".",,,"['implementation', 'strings']",800-1199
958F1,,1500,implementation,"There is unrest in the Galactic Senate. Several thousand solar systems have declared their intentions to leave the Republic. Master Heidi needs to select the Jedi Knights who will go on peacekeeping missions throughout the galaxy. It is well-known that the success of any peacekeeping mission depends on the colors of the lightsabers of the Jedi who will go on that mission. 

Heidi has n Jedi Knights standing in front of her, each one with a lightsaber of one of m possible colors. She knows that for the mission to be the most effective, she needs to select some contiguous interval of knights such that there are exactly k1 knights with lightsabers of the first color, k2 knights with lightsabers of the second color, ..., km knights with lightsabers of the m-th color. Help her find out if this is possible.

The first line of the input contains n (1 ≤ n ≤ 100) and m (1 ≤ m ≤ n). The second line contains n integers in the range {1, 2, ..., m} representing colors of the lightsabers of the subsequent Jedi Knights. The third line contains m integers k1, k2, ..., km (with ) – the desired counts of lightsabers of each color from 1 to m.

Output YES if an interval with prescribed color counts exists, or output NO if there is none.",,,['implementation'],1200-1599
372A,,1600,"binarysearch,greedy,sortings,twopointers","There are n kangaroos with pockets. Each kangaroo has a size (integer number). A kangaroo can go into another kangaroo's pocket if and only if the size of kangaroo who hold the kangaroo is at least twice as large as the size of kangaroo who is held.

Each kangaroo can hold at most one kangaroo, and the kangaroo who is held by another kangaroo cannot hold any kangaroos.

The kangaroo who is held by another kangaroo cannot be visible from outside. Please, find a plan of holding kangaroos with the minimal number of kangaroos who is visible.

The first line contains a single integer — n (1 ≤ n ≤ 5·105). Each of the next n lines contains an integer si — the size of the i-th kangaroo (1 ≤ si ≤ 105).

Output a single integer — the optimal number of visible kangaroos.",,,"['binarysearch', 'greedy', 'sortings', 'twopointers']",1600-1999
132E,,2700,"flows,graphs","Another feature of Shakespeare language is that the variables are named after characters of plays by Shakespeare, and all operations on them (value assignment, output etc.) look like a dialog with other characters. New values of variables are defined in a rather lengthy way, so a programmer should try to minimize their usage.

You have to print the given sequence of n integers. To do this, you have m variables and two types of operations on them:

Any of the m variables can be used as variable. Variables are denoted by lowercase letters between ""a"" and ""z"", inclusive. Any integer number can be used as integer.

Let's say that the penalty for using first type of operations equals to the number of set bits in the number integer. There is no penalty on using second type of operations. Find and output the program which minimizes the penalty for printing the given sequence of numbers.

The first line of input contains integers n and m (1 ≤ n ≤ 250, 1 ≤ m ≤ 26). The second line contains the sequence to be printed. Each element of the sequence is an integer between 1 and 109, inclusive. The sequence has to be printed in the given order (from left to right).

Output the number of lines in the optimal program and the optimal penalty. Next, output the program itself, one command per line. If there are several programs with minimal penalty, output any of them (you have only to minimize the penalty).",,,"['flows', 'graphs']",2400-2799
1283B,,900,math,"Santa has $$n$ candies and he wants to gift them to $k$ kids. He wants to divide as many candies as possible between all $k$ kids. Santa can't divide one candy into parts but he is allowed to not use some candies at all.

Suppose the kid who recieves the minimum number of candies has $a$ candies and the kid who recieves the maximum number of candies has $b$ candies. Then Santa will be satisfied, if the both conditions are met at the same time:

$\lfloor\frac{k}{2}\rfloor$ is $k$ divided by $2$ and rounded down to the nearest integer. For example, if $k=5$ then $\lfloor\frac{k}{2}\rfloor=\lfloor\frac{5}{2}\rfloor=2$.

Your task is to find the maximum number of candies Santa can give to kids so that he will be satisfied.

You have to answer $t$ independent test cases.

The first line of the input contains one integer $t$ ($1 \le t \le 5 \cdot 10^4$) — the number of test cases.

The next $t$ lines describe test cases. The $i$-th test case contains two integers $n$ and $k$ ($1 \le n, k \le 10^9$) — the number of candies and the number of kids.

For each test case print the answer on it — the maximum number of candies Santa can give to kids so that he will be satisfied.

In the first test case, Santa can give $3$ and $2$ candies to kids. There $a=2, b=3,a+1=3$.

In the second test case, Santa can give $5, 5, 4$ and $4$ candies. There $a=4,b=5,a+1=5$. The answer cannot be greater because then the number of kids with $5$ candies will be $3$.

In the third test case, Santa can distribute candies in the following way: $[1, 2, 2, 1, 1, 2, 1]$. There $a=1,b=2,a+1=2$. He cannot distribute two remaining candies in a way to be satisfied.

In the fourth test case, Santa can distribute candies in the following way: $[3, 3]$. There $a=3, b=3, a+1=4$. Santa distributed all $6$$ candies.",,,['math'],800-1199
1419D2,,1500,"binarysearch,bruteforce,constructivealgorithms,greedy,sortings,twopointers","This is the hard version of the problem. The difference between the versions is that in the easy version all prices $$a_i$ are different. You can make hacks if and only if you solved both versions of the problem.

Today is Sage's birthday, and she will go shopping to buy ice spheres. All $n$ ice spheres are placed in a row and they are numbered from $1$ to $n$ from left to right. Each ice sphere has a positive integer price. In this version, some prices can be equal.

An ice sphere is cheap if it costs strictly less than two neighboring ice spheres: the nearest to the left and the nearest to the right. The leftmost and the rightmost ice spheres are not cheap. Sage will choose all cheap ice spheres and then buy only them.

You can visit the shop before Sage and reorder the ice spheres as you wish. Find out the maximum number of ice spheres that Sage can buy, and show how the ice spheres should be reordered.

The first line contains a single integer $n$ $(1 \le n \le 10^5)$ — the number of ice spheres in the shop.

The second line contains $n$ integers $a_1, a_2, \dots, a_n$ $(1 \le a_i \le 10^9)$ — the prices of ice spheres.

In the first line print the maximum number of ice spheres that Sage can buy.

In the second line print the prices of ice spheres in the optimal order. If there are several correct answers, you can print any of them.

In the sample it's not possible to place the ice spheres in any order so that Sage would buy $4$ of them. If the spheres are placed in the order $(3, 1, 4, 2, 4, 2, 5)$, then Sage will buy one sphere for $1$ and two spheres for $2$$ each.",,,"['binarysearch', 'bruteforce', 'constructivealgorithms', 'greedy', 'sortings', 'twopointers']",1200-1599
492C,,1400,"greedy,sortings","Vanya wants to pass n exams and get the academic scholarship. He will get the scholarship if the average grade mark for all the exams is at least avg. The exam grade cannot exceed r. Vanya has passed the exams and got grade ai for the i-th exam. To increase the grade for the i-th exam by 1 point, Vanya must write bi essays. He can raise the exam grade multiple times.

What is the minimum number of essays that Vanya needs to write to get scholarship?

The first line contains three integers n, r, avg (1 ≤ n ≤ 105, 1 ≤ r ≤ 109, 1 ≤ avg ≤ min(r, 106)) — the number of exams, the maximum grade and the required grade point average, respectively.

Each of the following n lines contains space-separated integers ai and bi (1 ≤ ai ≤ r, 1 ≤ bi ≤ 106).

In the first line print the minimum number of essays.

In the first sample Vanya can write 2 essays for the 3rd exam to raise his grade by 2 points and 2 essays for the 4th exam to raise his grade by 1 point.

In the second sample, Vanya doesn't need to write any essays as his general point average already is above average.",,,"['greedy', 'sortings']",1200-1599
1416A,,1500,"binarysearch,datastructures,implementation,twopointers","You are given an array $$a$ consisting of $n$ integers numbered from $1$ to $n$.

Let's define the $k$-amazing number of the array as the minimum number that occurs in all of the subsegments of the array having length $k$ (recall that a subsegment of $a$ of length $k$ is a contiguous part of $a$ containing exactly $k$ elements). If there is no integer occuring in all subsegments of length $k$ for some value of $k$, then the $k$-amazing number is $-1$.

For each $k$ from $1$ to $n$ calculate the $k$-amazing number of the array $a$.

The first line contains one integer $t$ ($1 \le t \le 1000$) — the number of test cases. Then $t$ test cases follow.

The first line of each test case contains one integer $n$ ($1 \le n \le 3 \cdot 10^5$) — the number of elements in the array. The second line contains $n$ integers $a_1, a_2, \dots, a_n$ ($1 \le a_i \le n$) — the elements of the array. 

It is guaranteed that the sum of $n$ over all test cases does not exceed $3 \cdot 10^5$.

For each test case print $n$ integers, where the $i$-th integer is equal to the $i$$-amazing number of the array.",,,"['binarysearch', 'datastructures', 'implementation', 'twopointers']",1200-1599
760B,,1500,"binarysearch,greedy","n hobbits are planning to spend the night at Frodo's house. Frodo has n beds standing in a row and m pillows (n ≤ m). Each hobbit needs a bed and at least one pillow to sleep, however, everyone wants as many pillows as possible. Of course, it's not always possible to share pillows equally, but any hobbit gets hurt if he has at least two pillows less than some of his neighbors have. 

Frodo will sleep on the k-th bed in the row. What is the maximum number of pillows he can have so that every hobbit has at least one pillow, every pillow is given to some hobbit and no one is hurt?

The only line contain three integers n, m and k (1 ≤ n ≤ m ≤ 109, 1 ≤ k ≤ n) — the number of hobbits, the number of pillows and the number of Frodo's bed.

Print single integer — the maximum number of pillows Frodo can have so that no one is hurt.

In the first example Frodo can have at most two pillows. In this case, he can give two pillows to the hobbit on the first bed, and one pillow to each of the hobbits on the third and the fourth beds.

In the second example Frodo can take at most four pillows, giving three pillows to each of the others.

In the third example Frodo can take three pillows, giving two pillows to the hobbit in the middle and one pillow to the hobbit on the third bed.",,,"['binarysearch', 'greedy']",1200-1599
1326C,,1300,"combinatorics,greedy,math","You are given a permutation $$p_1, p_2, \ldots, p_n$ of integers from $1$ to $n$ and an integer $k$, such that $1 \leq k \leq n$. A permutation means that every number from $1$ to $n$ is contained in $p$ exactly once.

Let's consider all partitions of this permutation into $k$ disjoint segments. Formally, a partition is a set of segments $\{[l_1, r_1], [l_2, r_2], \ldots, [l_k, r_k]\}$, such that:

Two partitions are different if there exists a segment that lies in one partition but not the other.

Let's calculate the partition value, defined as $\sum\limits_{i=1}^{k} {\max\limits_{l_i \leq j \leq r_i} {p_j}}$, for all possible partitions of the permutation into $k$ disjoint segments. Find the maximum possible partition value over all such partitions, and the number of partitions with this value. As the second value can be very large, you should find its remainder when divided by $998\,244\,353$.

The first line contains two integers, $n$ and $k$ ($1 \leq k \leq n \leq 200\,000$) — the size of the given permutation and the number of segments in a partition.

The second line contains $n$ different integers $p_1, p_2, \ldots, p_n$ ($1 \leq p_i \leq n$) — the given permutation.

Print two integers — the maximum possible partition value over all partitions of the permutation into $k$ disjoint segments and the number of such partitions for which the partition value is equal to the maximum possible value, modulo $998\,244\,353$.

Please note that you should only find the second value modulo $998\,244\,353$.

In the first test, for $k = 2$, there exists only two valid partitions: $\{[1, 1], [2, 3]\}$ and $\{[1, 2], [3, 3]\}$. For each partition, the partition value is equal to $2 + 3 = 5$. So, the maximum possible value is $5$ and the number of partitions is $2$.

In the third test, for $k = 3$, the partitions with the maximum possible partition value are $\{[1, 2], [3, 5], [6, 7]\}$, $\{[1, 3], [4, 5], [6, 7]\}$, $\{[1, 4], [5, 5], [6, 7]\}$, $\{[1, 2], [3, 6], [7, 7]\}$,",,,"['combinatorics', 'greedy', 'math']",1200-1599
1180A,,800,"dp,implementation,math","While playing with geometric figures Alex has accidentally invented a concept of a $$n$-th order rhombus in a cell grid.

A $1$-st order rhombus is just a square $1 \times 1$ (i.e just a cell).

A $n$-th order rhombus for all $n \geq 2$ one obtains from a $n-1$-th order rhombus adding all cells which have a common side with it to it (look at the picture to understand it better).

Alex asks you to compute the number of cells in a $n$-th order rhombus.

The first and only input line contains integer $n$ ($1 \leq n \leq 100$) — order of a rhombus whose numbers of cells should be computed.

Print exactly one integer — the number of cells in a $n$$-th order rhombus.

Images of rhombus corresponding to the examples are given in the statement.",,,"['dp', 'implementation', 'math']",800-1199
869E,,2400,"datastructures,hashing","Adieu l'ami.

Koyomi is helping Oshino, an acquaintance of his, to take care of an open space around the abandoned Eikou Cram School building, Oshino's makeshift residence.

The space is represented by a rectangular grid of n × m cells, arranged into n rows and m columns. The c-th cell in the r-th row is denoted by (r, c).

Oshino places and removes barriers around rectangular areas of cells. Specifically, an action denoted by ""1 r1 c1 r2 c2"" means Oshino's placing barriers around a rectangle with two corners being (r1, c1) and (r2, c2) and sides parallel to squares sides. Similarly, ""2 r1 c1 r2 c2"" means Oshino's removing barriers around the rectangle. Oshino ensures that no barriers staying on the ground share any common points, nor do they intersect with boundaries of the n × m area.

Sometimes Koyomi tries to walk from one cell to another carefully without striding over barriers, in order to avoid damaging various items on the ground. ""3 r1 c1 r2 c2"" means that Koyomi tries to walk from (r1, c1) to (r2, c2) without crossing barriers.

And you're here to tell Koyomi the feasibility of each of his attempts.

The first line of input contains three space-separated integers n, m and q (1 ≤ n, m ≤ 2 500, 1 ≤ q ≤ 100 000) — the number of rows and columns in the grid, and the total number of Oshino and Koyomi's actions, respectively.

The following q lines each describes an action, containing five space-separated integers t, r1, c1, r2, c2 (1 ≤ t ≤ 3, 1 ≤ r1, r2 ≤ n, 1 ≤ c1, c2 ≤ m) — the type and two coordinates of an action. Additionally, the following holds depending on the value of t: 

For each of Koyomi's attempts (actions with t = 3), output one line — containing ""Yes"" (without quotes) if it's feasible, and ""No"" (without quotes) otherwise.

For the first example, the situations of Koyomi's actions are illustrated below.",,,"['datastructures', 'hashing']",2400-2799
958F2,,1800,"binarysearch,twopointers","There is unrest in the Galactic Senate. Several thousand solar systems have declared their intentions to leave the Republic. Master Heidi needs to select the Jedi Knights who will go on peacekeeping missions throughout the galaxy. It is well-known that the success of any peacekeeping mission depends on the colors of the lightsabers of the Jedi who will go on that mission. 

Heidi has n Jedi Knights standing in front of her, each one with a lightsaber of one of m possible colors. She knows that for the mission to be the most effective, she needs to select some contiguous interval of knights such that there are exactly k1 knights with lightsabers of the first color, k2 knights with lightsabers of the second color, ..., km knights with lightsabers of the m-th color.

However, since the last time, she has learned that it is not always possible to select such an interval. Therefore, she decided to ask some Jedi Knights to go on an indefinite unpaid vacation leave near certain pits on Tatooine, if you know what I mean. Help Heidi decide what is the minimum number of Jedi Knights that need to be let go before she is able to select the desired interval from the subsequence of remaining knights.

The first line of the input contains n (1 ≤ n ≤ 2·105) and m (1 ≤ m ≤ n). The second line contains n integers in the range {1, 2, ..., m} representing colors of the lightsabers of the subsequent Jedi Knights. The third line contains m integers k1, k2, ..., km (with ) – the desired counts of Jedi Knights with lightsabers of each color from 1 to m.

Output one number: the minimum number of Jedi Knights that need to be removed from the sequence so that, in what remains, there is an interval with the prescribed counts of lightsaber colors. If this is not possible, output  - 1.",,,"['binarysearch', 'twopointers']",1600-1999
1214C,,1200,"datastructures,greedy","Petya's friends made him a birthday present — a bracket sequence. Petya was quite disappointed with his gift, because he dreamed of correct bracket sequence, yet he told his friends nothing about his dreams and decided to fix present himself. 

To make everything right, Petya is going to move at most one bracket from its original place in the sequence to any other position. Reversing the bracket (e.g. turning ""("" into "")"" or vice versa) isn't allowed. 

We remind that bracket sequence $$s$ is called correct if: 

For example, ""(()())"", ""()"" are correct, while "")("" and ""())"" are not. Help Petya to fix his birthday present and understand whether he can move one bracket so that the sequence becomes correct.

First of line of input contains a single number $n$ ($1 \leq n \leq 200\,000$) — length of the sequence which Petya received for his birthday.

Second line of the input contains bracket sequence of length $n$$, containing symbols ""("" and "")"".

Print ""Yes"" if Petya can make his sequence correct moving at most one bracket. Otherwise print ""No"".

In the first example, Petya can move first bracket to the end, thus turning the sequence into ""()"", which is correct bracket sequence.

In the second example, there is no way to move at most one bracket so that the sequence becomes correct.

In the third example, the sequence is already correct and there's no need to move brackets.",,,"['datastructures', 'greedy']",1200-1599
1506A,,800,math,"Polycarp found a rectangular table consisting of $$n$ rows and $m$ columns. He noticed that each cell of the table has its number, obtained by the following algorithm ""by columns"": 

For example, if $n = 3$ and $m = 5$, the table will be numbered as follows:

$$$$ \begin{matrix} 1 & 4 & 7 & 10 & 13 \\ 2 & 5 & 8 & 11 & 14 \\ 3 & 6 & 9 & 12 & 15 \\ \end{matrix} $$$$

However, Polycarp considers such numbering inconvenient. He likes the numbering ""by rows"": 

For example, if $n = 3$ and $m = 5$, then Polycarp likes the following table numbering: $$$$ \begin{matrix} 1 & 2 & 3 & 4 & 5 \\ 6 & 7 & 8 & 9 & 10 \\ 11 & 12 & 13 & 14 & 15 \\ \end{matrix} $$$$

Polycarp doesn't have much time, so he asks you to find out what would be the cell number in the numbering ""by rows"", if in the numbering ""by columns"" the cell has the number $x$?

The first line contains a single integer $t$ ($1 \le t \le 10^4$). Then $t$ test cases follow.

Each test case consists of a single line containing three integers $n$, $m$, $x$ ($1 \le n, m \le 10^6$, $1 \le x \le n \cdot m$), where $n$ and $m$ are the number of rows and columns in the table, and $x$ is the cell number.

Note that the numbers in some test cases do not fit into the $32$-bit integer type, so you must use at least the $64$$-bit integer type of your programming language.

For each test case, output the cell number in the numbering ""by rows"".",,,['math'],800-1199
279C,,1700,"dp,implementation,twopointers","You've got an array, consisting of n integers a1, a2, ..., an. Also, you've got m queries, the i-th query is described by two integers li, ri. Numbers li, ri define a subsegment of the original array, that is, the sequence of numbers ali, ali + 1, ali + 2, ..., ari. For each query you should check whether the corresponding segment is a ladder. 

A ladder is a sequence of integers b1, b2, ..., bk, such that it first doesn't decrease, then doesn't increase. In other words, there is such integer x (1 ≤ x ≤ k), that the following inequation fulfills: b1 ≤ b2 ≤ ... ≤ bx ≥ bx + 1 ≥ bx + 2... ≥ bk. Note that the non-decreasing and the non-increasing sequences are also considered ladders.

The first line contains two integers n and m (1 ≤ n, m ≤ 105) — the number of array elements and the number of queries. The second line contains the sequence of integers a1, a2, ..., an (1 ≤ ai ≤ 109), where number ai stands for the i-th array element.

The following m lines contain the description of the queries. The i-th line contains the description of the i-th query, consisting of two integers li, ri (1 ≤ li ≤ ri ≤ n) — the boundaries of the subsegment of the initial array.

The numbers in the lines are separated by single spaces.

Print m lines, in the i-th line print word ""Yes"" (without the quotes), if the subsegment that corresponds to the i-th query is the ladder, or word ""No"" (without the quotes) otherwise.",,,"['dp', 'implementation', 'twopointers']",1600-1999
321A,,1700,"binarysearch,implementation,math","Fox Ciel has a robot on a 2D plane. Initially it is located in (0, 0). Fox Ciel code a command to it. The command was represented by string s. Each character of s is one move operation. There are four move operations at all:

The robot will do the operations in s from left to right, and repeat it infinite times. Help Fox Ciel to determine if after some steps the robot will located in (a, b).

The first line contains two integers a and b, ( - 109 ≤ a, b ≤ 109). The second line contains a string s (1 ≤ |s| ≤ 100, s only contains characters 'U', 'D', 'L', 'R') — the command.

Print ""Yes"" if the robot will be located at (a, b), and ""No"" otherwise.

In the first and second test case, command string is ""RU"", so the robot will go right, then go up, then right, and then up and so on.

The locations of its moves are (0, 0)  →  (1, 0)  →  (1, 1)  →  (2, 1)  →  (2, 2)  →  ...

So it can reach (2, 2) but not (1, 2).",,,"['binarysearch', 'implementation', 'math']",1600-1999
505B,,1400,"dfsandsimilar,dp,dsu,graphs","Mr. Kitayuta has just bought an undirected graph consisting of n vertices and m edges. The vertices of the graph are numbered from 1 to n. Each edge, namely edge i, has a color ci, connecting vertex ai and bi.

Mr. Kitayuta wants you to process the following q queries.

In the i-th query, he gives you two integers — ui and vi.

Find the number of the colors that satisfy the following condition: the edges of that color connect vertex ui and vertex vi directly or indirectly.

The first line of the input contains space-separated two integers — n and m (2 ≤ n ≤ 100, 1 ≤ m ≤ 100), denoting the number of the vertices and the number of the edges, respectively.

The next m lines contain space-separated three integers — ai, bi (1 ≤ ai < bi ≤ n) and ci (1 ≤ ci ≤ m). Note that there can be multiple edges between two vertices. However, there are no multiple edges of the same color between two vertices, that is, if i ≠ j, (ai, bi, ci) ≠ (aj, bj, cj).

The next line contains a integer — q (1 ≤ q ≤ 100), denoting the number of the queries.

Then follows q lines, containing space-separated two integers — ui and vi (1 ≤ ui, vi ≤ n). It is guaranteed that ui ≠ vi.

For each query, print the answer in a separate line.

Let's consider the first sample.",,,"['dfsandsimilar', 'dp', 'dsu', 'graphs']",1200-1599
850A,,1700,"bruteforce,geometry,math","You are given set of n points in 5-dimensional space. The points are labeled from 1 to n. No two points coincide.

We will call point a bad if there are different points b and c, not equal to a, from the given set such that angle between vectors and is acute (i.e. strictly less than ). Otherwise, the point is called good.

The angle between vectors and in 5-dimensional space is defined as , where is the scalar product and is length of .

Given the list of points, print the indices of the good points in ascending order.

The first line of input contains a single integer n (1 ≤ n ≤ 103) — the number of points.

The next n lines of input contain five integers ai, bi, ci, di, ei (|ai|, |bi|, |ci|, |di|, |ei| ≤ 103)  — the coordinates of the i-th point. All points are distinct.

First, print a single integer k — the number of good points.

Then, print k integers, each on their own line — the indices of the good points in ascending order.

In the first sample, the first point forms exactly a angle with all other pairs of points, so it is good.

In the second sample, along the cd plane, we can see the points look as follows:

We can see that all angles here are acute, so no points are good.",,,"['bruteforce', 'geometry', 'math']",1600-1999
1141G,,1900,"binarysearch,constructivealgorithms,dfsandsimilar,graphs,greedy,trees","Treeland consists of $$n$ cities and $n-1$ roads. Each road is bidirectional and connects two distinct cities. From any city you can get to any other city by roads. Yes, you are right — the country's topology is an undirected tree.

There are some private road companies in Treeland. The government decided to sell roads to the companies. Each road will belong to one company and a company can own multiple roads.

The government is afraid to look unfair. They think that people in a city can consider them unfair if there is one company which owns two or more roads entering the city. The government wants to make such privatization that the number of such cities doesn't exceed $k$ and the number of companies taking part in the privatization is minimal.

Choose the number of companies $r$ such that it is possible to assign each road to one company in such a way that the number of cities that have two or more roads of one company is at most $k$. In other words, if for a city all the roads belong to the different companies then the city is good. Your task is to find the minimal $r$ that there is such assignment to companies from $1$ to $r$ that the number of cities which are not good doesn't exceed $k$.

The first line contains two integers $n$ and $k$ ($2 \le n \le 200000, 0 \le k \le n - 1$) — the number of cities and the maximal number of cities which can have two or more roads belonging to one company.

The following $n-1$ lines contain roads, one road per line. Each line contains a pair of integers $x_i$, $y_i$ ($1 \le x_i, y_i \le n$), where $x_i$, $y_i$ are cities connected with the $i$-th road.

In the first line print the required $r$ ($1 \le r \le n - 1$). In the second line print $n-1$ numbers $c_1, c_2, \dots, c_{n-1}$ ($1 \le c_i \le r$), where $c_i$ is the company to own the $i$$-th road. If there are multiple answers, print any of them.",,,"['binarysearch', 'constructivealgorithms', 'dfsandsimilar', 'graphs', 'greedy', 'trees']",1600-1999
222A,,1200,"bruteforce,implementation","One day shooshuns found a sequence of n integers, written on a blackboard. The shooshuns can perform one operation with it, the operation consists of two steps:

The shooshuns wonder after how many operations all numbers on the board will be the same and whether all numbers will ever be the same.

The first line contains two space-separated integers n and k (1 ≤ k ≤ n ≤ 105).

The second line contains n space-separated integers: a1, a2, ..., an (1 ≤ ai ≤ 105) — the sequence that the shooshuns found.

Print the minimum number of operations, required for all numbers on the blackboard to become the same. If it is impossible to achieve, print -1.

In the first test case after the first operation the blackboard will have sequence [1, 1, 1]. So, one operation is enough to make all numbers the same. Thus, the answer equals one.

In the second test case the sequence will never consist of the same numbers. It will always contain at least two distinct numbers 3 and 1. Thus, the answer equals -1.",,,"['bruteforce', 'implementation']",1200-1599
737C,,1900,"graphs,greedy","There are n workers in a company, each of them has a unique id from 1 to n. Exaclty one of them is a chief, his id is s. Each worker except the chief has exactly one immediate superior.

There was a request to each of the workers to tell how how many superiors (not only immediate). Worker's superiors are his immediate superior, the immediate superior of the his immediate superior, and so on. For example, if there are three workers in the company, from which the first is the chief, the second worker's immediate superior is the first, the third worker's immediate superior is the second, then the third worker has two superiors, one of them is immediate and one not immediate. The chief is a superior to all the workers except himself.

Some of the workers were in a hurry and made a mistake. You are to find the minimum number of workers that could make a mistake.

The first line contains two positive integers n and s (1 ≤ n ≤ 2·105, 1 ≤ s ≤ n) — the number of workers and the id of the chief.

The second line contains n integers a1, a2, ..., an (0 ≤ ai ≤ n - 1), where ai is the number of superiors (not only immediate) the worker with id i reported about.

Print the minimum number of workers that could make a mistake.

In the first example it is possible that only the first worker made a mistake. Then:",,,"['graphs', 'greedy']",1600-1999
1010A,,1500,"binarysearch,math","Natasha is going to fly on a rocket to Mars and return to Earth. Also, on the way to Mars, she will land on $$n - 2$ intermediate planets. Formally: we number all the planets from $1$ to $n$. $1$ is Earth, $n$ is Mars. Natasha will make exactly $n$ flights: $1 \to 2 \to \ldots n \to 1$.

Flight from $x$ to $y$ consists of two phases: take-off from planet $x$ and landing to planet $y$. This way, the overall itinerary of the trip will be: the $1$-st planet $\to$ take-off from the $1$-st planet $\to$ landing to the $2$-nd planet $\to$ $2$-nd planet $\to$ take-off from the $2$-nd planet $\to$ $\ldots$ $\to$ landing to the $n$-th planet $\to$ the $n$-th planet $\to$ take-off from the $n$-th planet $\to$ landing to the $1$-st planet $\to$ the $1$-st planet.

The mass of the rocket together with all the useful cargo (but without fuel) is $m$ tons. However, Natasha does not know how much fuel to load into the rocket. Unfortunately, fuel can only be loaded on Earth, so if the rocket runs out of fuel on some other planet, Natasha will not be able to return home. Fuel is needed to take-off from each planet and to land to each planet. It is known that $1$ ton of fuel can lift off $a_i$ tons of rocket from the $i$-th planet or to land $b_i$ tons of rocket onto the $i$-th planet. 

For example, if the weight of rocket is $9$ tons, weight of fuel is $3$ tons and take-off coefficient is $8$ ($a_i = 8$), then $1.5$ tons of fuel will be burnt (since $1.5 \cdot 8 = 9 + 3$). The new weight of fuel after take-off will be $1.5$ tons. 

Please note, that it is allowed to burn non-integral amount of fuel during take-off or landing, and the amount of initial fuel can be non-integral as well.

Help Natasha to calculate the minimum mass of fuel to load into the rocket. Note, that the rocket must spend fuel to carry both useful cargo and the fuel itself. However, it doesn't need to carry the fuel which has already been burnt. Assume, that the rocket takes off and lands instantly.

The first li",,,"['binarysearch', 'math']",1200-1599
189D,,1800,"dp,shortestpaths","PMP is getting a warrior. He is practicing a lot, but the results are not acceptable yet. This time instead of programming contests, he decided to compete in a car racing to increase the spirit of victory. He decides to choose a competition that also exhibits algorithmic features.

AlgoRace is a special league of car racing where different teams compete in a country of n cities. Cities are numbered 1 through n. Every two distinct cities in the country are connected with one bidirectional road. Each competing team should introduce one driver and a set of cars.

The competition is held in r rounds. In i-th round, drivers will start at city si and finish at city ti. Drivers are allowed to change their cars at most ki times. Changing cars can take place in any city in no time. One car can be used multiple times in one round, but total number of changes should not exceed ki. Drivers can freely choose their path to destination.

PMP has prepared m type of purpose-built cars. Beside for PMP’s driving skills, depending on properties of the car and the road, a car traverses each road in each direction in different times. 

PMP Warriors wants to devise best strategies of choosing car and roads in each round to maximize the chance of winning the cup. For each round they want to find the minimum time required to finish it.

The first line contains three space-separated integers n, m, r (2 ≤ n ≤ 60, 1 ≤ m ≤ 60, 1 ≤ r ≤ 105) — the number of cities, the number of different types of cars and the number of rounds in the competition, correspondingly.

Next m sets of n × n matrices of integers between 0 to 106 (inclusive) will follow — describing the time one car requires to traverse different roads. The k-th integer in j-th line of the i-th set is the time that i-th car requires to traverse the road from j-th city to k-th city. These matrices are not necessarily symmetric, but their diagonal is always zero.

Next r lines contain description of the rounds. The i-th of these lines cont",,,"['dp', 'shortestpaths']",1600-1999
80C,,1400,"bruteforce,implementation","The year of 2012 is coming...

According to an ancient choradrican legend in this very year, in 2012, Diablo and his brothers Mephisto and Baal will escape from hell, and innumerable hordes of demons will enslave the human world. But seven brave heroes have already gathered on the top of a mountain Arreat to protect us mere mortals from the effect of this terrible evil.

The seven great heroes are: amazon Anka, barbarian Chapay, sorceress Cleo, druid Troll, necromancer Dracul, paladin Snowy and a professional hit girl Hexadecimal. Heroes already know how much experience will be given for each of the three megabosses: a for Mephisto, b for Diablo and c for Baal.

Here's the problem: heroes are as much as seven and megabosses are only three! Then our heroes decided to split into three teams, where each team will go to destroy their own megaboss. Each team member will receive a of experience, rounded down, where x will be the amount of experience for the killed megaboss and y — the number of people in the team.

Heroes do not want to hurt each other's feelings, so they want to split into teams so that the difference between the hero who received the maximum number of experience and the hero who received the minimum number of experience were minimal. Since there can be several divisions into teams, then you need to find the one in which the total amount of liking in teams were maximum.

It is known that some heroes like others. But if hero p likes hero q, this does not mean that the hero q likes hero p. No hero likes himself.

The total amount of liking in teams is the amount of ordered pairs (p, q), such that heroes p and q are in the same group, and hero p likes hero q (but it is not important if hero q likes hero p). In case of heroes p and q likes each other and they are in the same group, this pair should be counted twice, as (p, q) and (q, p).

A team can consist even of a single hero, but it is important that every megaboss was destroyed. All heroes must be invol",,,"['bruteforce', 'implementation']",1200-1599
1490C,,1100,"binarysearch,bruteforce,bruteforce,math","You are given a positive integer $$x$. Check whether the number $x$ is representable as the sum of the cubes of two positive integers.

Formally, you need to check if there are two integers $a$ and $b$ ($1 \le a, b$) such that $a^3+b^3=x$.

For example, if $x = 35$, then the numbers $a=2$ and $b=3$ are suitable ($2^3+3^3=8+27=35$). If $x=4$, then no pair of numbers $a$ and $b$ is suitable.

The first line contains one integer $t$ ($1 \le t \le 100$) — the number of test cases. Then $t$ test cases follow.

Each test case contains one integer $x$ ($1 \le x \le 10^{12}$).

Please note, that the input for some test cases won't fit into $32$-bit integer type, so you should use at least $64$-bit integer type in your programming language.

For each test case, output on a separate line: 

You can output ""YES"" and ""NO"" in any case (for example, the strings yEs, yes, Yes and YES will be recognized as positive).

The number $1$ is not representable as the sum of two cubes.

The number $2$ is represented as $1^3+1^3$.

The number $4$ is not representable as the sum of two cubes.

The number $34$ is not representable as the sum of two cubes.

The number $35$ is represented as $2^3+3^3$.

The number $16$ is represented as $2^3+2^3$.

The number $703657519796$ is represented as $5779^3+7993^3$$.",,,"['binarysearch', 'bruteforce', 'bruteforce', 'math']",800-1199
361B,,1200,"constructivealgorithms,math,numbertheory","Levko loves permutations very much. A permutation of length n is a sequence of distinct positive integers, each is at most n.

Let’s assume that value gcd(a, b) shows the greatest common divisor of numbers a and b. Levko assumes that element pi of permutation p1, p2, ... , pn is good if gcd(i, pi) > 1. Levko considers a permutation beautiful, if it has exactly k good elements. Unfortunately, he doesn’t know any beautiful permutation. Your task is to help him to find at least one of them.

The single line contains two integers n and k (1 ≤ n ≤ 105, 0 ≤ k ≤ n).

In a single line print either any beautiful permutation or -1, if such permutation doesn’t exist.

If there are multiple suitable permutations, you are allowed to print any of them.

In the first sample elements 4 and 3 are good because gcd(2, 4) = 2 > 1 and gcd(3, 3) = 3 > 1. Elements 2 and 1 are not good because gcd(1, 2) = 1 and gcd(4, 1) = 1. As there are exactly 2 good elements, the permutation is beautiful.

The second sample has no beautiful permutations.",,,"['constructivealgorithms', 'math', 'numbertheory']",1200-1599
175B,,1400,implementation,"Vasya has been playing Plane of Tanks with his friends the whole year. Now it is time to divide the participants into several categories depending on their results. 

A player is given a non-negative integer number of points in each round of the Plane of Tanks. Vasya wrote results for each round of the last year. He has n records in total.

In order to determine a player's category consider the best result obtained by the player and the best results of other players. The player belongs to category: 

When the percentage is calculated the player himself is taken into account. That means that if two players played the game and the first one gained 100 points and the second one 1000 points, then the first player's result is not worse than the result that 50% of players have, and the second one is not worse than the result that 100% of players have.

Vasya gave you the last year Plane of Tanks results. Help Vasya determine each player's category.

The first line contains the only integer number n (1 ≤ n ≤ 1000) — a number of records with the players' results.

Each of the next n lines contains a player's name and the amount of points, obtained by the player for the round, separated with a space. The name contains not less than 1 and no more than 10 characters. The name consists of lowercase Latin letters only. It is guaranteed that any two different players have different names. The amount of points, obtained by the player for the round, is a non-negative integer number and does not exceed 1000.

Print on the first line the number m — the number of players, who participated in one round at least.

Each one of the next m lines should contain a player name and a category he belongs to, separated with space. Category can be one of the following: ""noob"", ""random"", ""average"", ""hardcore"" or ""pro"" (without quotes). The name of each player should be printed only once. Player names with respective categories can be printed in an arbitrary order.

In the first example the best re",,,['implementation'],1200-1599
1036B,,1600,math,"Mikhail walks on a Cartesian plane. He starts at the point $$(0, 0)$, and in one move he can go to any of eight adjacent points. For example, if Mikhail is currently at the point $(0, 0)$, he can go to any of the following points in one move: 

If Mikhail goes from the point $(x1, y1)$ to the point $(x2, y2)$ in one move, and $x1 \ne x2$ and $y1 \ne y2$, then such a move is called a diagonal move.

Mikhail has $q$ queries. For the $i$-th query Mikhail's target is to go to the point $(n_i, m_i)$ from the point $(0, 0)$ in exactly $k_i$ moves. Among all possible movements he want to choose one with the maximum number of diagonal moves. Your task is to find the maximum number of diagonal moves or find that it is impossible to go from the point $(0, 0)$ to the point $(n_i, m_i)$ in $k_i$ moves.

Note that Mikhail can visit any point any number of times (even the destination point!).

The first line of the input contains one integer $q$ ($1 \le q \le 10^4$) — the number of queries.

Then $q$ lines follow. The $i$-th of these $q$ lines contains three integers $n_i$, $m_i$ and $k_i$ ($1 \le n_i, m_i, k_i \le 10^{18}$) — $x$-coordinate of the destination point of the query, $y$-coordinate of the destination point of the query and the number of moves in the query, correspondingly.

Print $q$ integers. The $i$-th integer should be equal to -1 if Mikhail cannot go from the point $(0, 0)$ to the point $(n_i, m_i)$ in exactly $k_i$ moves described above. Otherwise the $i$-th integer should be equal to the the maximum number of diagonal moves among all possible movements.

One of the possible answers to the first test case: $(0, 0) \to (1, 0) \to (1, 1) \to (2, 2)$.

One of the possible answers to the second test case: $(0, 0) \to (0, 1) \to (1, 2) \to (0, 3) \to (1, 4) \to (2, 3) \to (3, 2) \to (4, 3)$.

In the third test case Mikhail cannot reach the point $(10, 1)$$ in 9 moves.",,,['math'],1600-1999
1316B,,1400,"bruteforce,constructivealgorithms,implementation,sortings,strings","Vasya has a string $$s$ of length $n$. He decides to make the following modification to the string: 

Vasya wants to choose a $k$ such that the string obtained after the above-mentioned modification is lexicographically smallest possible among all choices of $k$. Among all such $k$, he wants to choose the smallest one. Since he is busy attending Felicity 2020, he asks for your help.

A string $a$ is lexicographically smaller than a string $b$ if and only if one of the following holds: 

Each test contains multiple test cases. 

The first line contains the number of test cases $t$ ($1 \le t \le 5000$). The description of the test cases follows.

The first line of each test case contains a single integer $n$ ($1 \le n \le 5000$) — the length of the string $s$.

The second line of each test case contains the string $s$ of $n$ lowercase latin letters.

It is guaranteed that the sum of $n$ over all test cases does not exceed $5000$.

For each testcase output two lines:

In the first line output the lexicographically smallest string $s'$ achievable after the above-mentioned modification. 

In the second line output the appropriate value of $k$ ($1 \leq k \leq n$) that you chose for performing the modification. If there are multiple values of $k$ that give the lexicographically smallest string, output the smallest value of $k$ among them.

In the first testcase of the first sample, the string modification results for the sample abab are as follows : 

The lexicographically smallest string achievable through modification is abab for $k = 1$ and $3$. Smallest value of $k$ needed to achieve is hence $1$$.",,,"['bruteforce', 'constructivealgorithms', 'implementation', 'sortings', 'strings']",1200-1599
718C,,2300,"datastructures,math,matrices","Sasha has an array of integers a1, a2, ..., an. You have to perform m queries. There might be queries of two types:

In this problem we define Fibonacci numbers as follows: f(1) = 1, f(2) = 1, f(x) = f(x - 1) + f(x - 2) for all x > 2.

Sasha is a very talented boy and he managed to perform all queries in five seconds. Will you be able to write the program that performs as well as Sasha?

The first line of the input contains two integers n and m (1 ≤ n ≤ 100 000, 1 ≤ m ≤ 100 000) — the number of elements in the array and the number of queries respectively.

The next line contains n integers a1, a2, ..., an (1 ≤ ai ≤ 109).

Then follow m lines with queries descriptions. Each of them contains integers tpi, li, ri and may be xi (1 ≤ tpi ≤ 2, 1 ≤ li ≤ ri ≤ n, 1 ≤ xi ≤ 109). Here tpi = 1 corresponds to the queries of the first type and tpi corresponds to the queries of the second type.

It's guaranteed that the input will contains at least one query of the second type.

For each query of the second type print the answer modulo 109 + 7.

Initially, array a is equal to 1, 1, 2, 1, 1.

The answer for the first query of the second type is f(1) + f(1) + f(2) + f(1) + f(1) = 1 + 1 + 1 + 1 + 1 = 5. 

After the query 1 2 4 2 array a is equal to 1, 3, 4, 3, 1.

The answer for the second query of the second type is f(3) + f(4) + f(3) = 2 + 3 + 2 = 7.

The answer for the third query of the second type is f(1) + f(3) + f(4) + f(3) + f(1) = 1 + 2 + 3 + 2 + 1 = 9.",,,"['datastructures', 'math', 'matrices']",2000-2399
1175B,,1600,"datastructures,expressionparsing,implementation","You are given a function $$f$ written in some basic language. The function accepts an integer value, which is immediately written into some variable $x$. $x$ is an integer variable and can be assigned values from $0$ to $2^{32}-1$. The function contains three types of commands:

After the execution of these commands, value of $x$ is returned.

Every ""for $n$"" is matched with ""end"", thus the function is guaranteed to be valid. ""for $n$"" can be immediately followed by ""end"".""add"" command can be outside of any for loops.

Notice that ""add"" commands might overflow the value of $x$! It means that the value of $x$ becomes greater than $2^{32}-1$ after some ""add"" command. 

Now you run $f(0)$ and wonder if the resulting value of $x$ is correct or some overflow made it incorrect.

If overflow happened then output ""OVERFLOW!!!"", otherwise print the resulting value of $x$.

The first line contains a single integer $l$ ($1 \le l \le 10^5$) — the number of lines in the function.

Each of the next $l$ lines contains a single command of one of three types:

If overflow happened during execution of $f(0)$, then output ""OVERFLOW!!!"", otherwise print the resulting value of $x$.

In the first example the first ""add"" is executed 1 time, the second ""add"" is executed 150 times and the last ""add"" is executed 10 times. Note that ""for $n$"" can be immediately followed by ""end"" and that ""add"" can be outside of any for loops.

In the second example there are no commands ""add"", thus the returning value is 0.

In the third example ""add"" command is executed too many times, which causes $x$ to go over $2^{32}-1$$.",,,"['datastructures', 'expressionparsing', 'implementation']",1600-1999
1095A,,800,implementation,"Polycarp loves ciphers. He has invented his own cipher called repeating.

Repeating cipher is used for strings. To encrypt the string $$s=s_{1}s_{2} \dots s_{m}$ ($1 \le m \le 10$), Polycarp uses the following algorithm:

For example, if $s$=""bab"" the process is: ""b"" $\to$ ""baa"" $\to$ ""baabbb"". So the encrypted $s$=""bab"" is ""baabbb"".

Given string $t$ — the result of encryption of some string $s$. Your task is to decrypt it, i. e. find the string $s$.

The first line contains integer $n$ ($1 \le n \le 55$) — the length of the encrypted string. The second line of the input contains $t$ — the result of encryption of some string $s$. It contains only lowercase Latin letters. The length of $t$ is exactly $n$.

It is guaranteed that the answer to the test exists.

Print such string $s$ that after encryption it equals $t$$.",,,['implementation'],800-1199
719A,,1100,implementation,"Every summer Vitya comes to visit his grandmother in the countryside. This summer, he got a huge wart. Every grandma knows that one should treat warts when the moon goes down. Thus, Vitya has to catch the moment when the moon is down.

Moon cycle lasts 30 days. The size of the visible part of the moon (in Vitya's units) for each day is 0, 1, 2, 3, 4, 5, 6, 7, 8, 9, 10, 11, 12, 13, 14, 15, 14, 13, 12, 11, 10, 9, 8, 7, 6, 5, 4, 3, 2, 1, and then cycle repeats, thus after the second 1 again goes 0.

As there is no internet in the countryside, Vitya has been watching the moon for n consecutive days and for each of these days he wrote down the size of the visible part of the moon. Help him find out whether the moon will be up or down next day, or this cannot be determined by the data he has.

The first line of the input contains a single integer n (1 ≤ n ≤ 92) — the number of consecutive days Vitya was watching the size of the visible part of the moon. 

The second line contains n integers ai (0 ≤ ai ≤ 15) — Vitya's records.

It's guaranteed that the input data is consistent.

If Vitya can be sure that the size of visible part of the moon on day n + 1 will be less than the size of the visible part on day n, then print ""DOWN"" at the only line of the output. If he might be sure that the size of the visible part will increase, then print ""UP"". If it's impossible to determine what exactly will happen with the moon, print -1.

In the first sample, the size of the moon on the next day will be equal to 8, thus the answer is ""UP"".

In the second sample, the size of the moon on the next day will be 11, thus the answer is ""DOWN"".

In the third sample, there is no way to determine whether the size of the moon on the next day will be 7 or 9, thus the answer is -1.",,,['implementation'],800-1199
456A,,1100,sortings,"One day Dima and Alex had an argument about the price and quality of laptops. Dima thinks that the more expensive a laptop is, the better it is. Alex disagrees. Alex thinks that there are two laptops, such that the price of the first laptop is less (strictly smaller) than the price of the second laptop but the quality of the first laptop is higher (strictly greater) than the quality of the second laptop.

Please, check the guess of Alex. You are given descriptions of n laptops. Determine whether two described above laptops exist.

The first line contains an integer n (1 ≤ n ≤ 105) — the number of laptops.

Next n lines contain two integers each, ai and bi (1 ≤ ai, bi ≤ n), where ai is the price of the i-th laptop, and bi is the number that represents the quality of the i-th laptop (the larger the number is, the higher is the quality).

All ai are distinct. All bi are distinct. 

If Alex is correct, print ""Happy Alex"", otherwise print ""Poor Alex"" (without the quotes).",,,['sortings'],800-1199
515E,,2300,datastructures,"Drazil is a monkey. He lives in a circular park. There are n trees around the park. The distance between the i-th tree and (i + 1)-st trees is di, the distance between the n-th tree and the first tree is dn. The height of the i-th tree is hi.

Drazil starts each day with the morning run. The morning run consists of the following steps:

But there are always children playing around some consecutive trees. Drazil can't stand children, so he can't choose the trees close to children. He even can't stay close to those trees.

If the two trees Drazil chooses are x-th and y-th, we can estimate the energy the morning run takes to him as 2(hx + hy) + dist(x, y). Since there are children on exactly one of two arcs connecting x and y, the distance dist(x, y) between trees x and y is uniquely defined.

Now, you know that on the i-th day children play between ai-th tree and bi-th tree. More formally, if ai ≤ bi, children play around the trees with indices from range [ai, bi], otherwise they play around the trees with indices from .

Please help Drazil to determine which two trees he should choose in order to consume the most energy (since he wants to become fit and cool-looking monkey) and report the resulting amount of energy for each day.

The first line contains two integer n and m (3 ≤ n ≤ 105, 1 ≤ m ≤ 105), denoting number of trees and number of days, respectively. 

The second line contains n integers d1, d2, ..., dn (1 ≤ di ≤ 109), the distances between consecutive trees.

The third line contains n integers h1, h2, ..., hn (1 ≤ hi ≤ 109), the heights of trees.

Each of following m lines contains two integers ai and bi (1 ≤ ai, bi ≤ n) describing each new day. There are always at least two different trees Drazil can choose that are not affected by children.

For each day print the answer in a separate line.",,,['datastructures'],2000-2399
1480A,,800,"games,greedy,strings","Homer has two friends Alice and Bob. Both of them are string fans. 

One day, Alice and Bob decide to play a game on a string $$s = s_1 s_2 \dots s_n$ of length $n$ consisting of lowercase English letters. They move in turns alternatively and Alice makes the first move.

In a move, a player must choose an index $i$ ($1 \leq i \leq n$) that has not been chosen before, and change $s_i$ to any other lowercase English letter $c$ that $c \neq s_i$.

When all indices have been chosen, the game ends. 

The goal of Alice is to make the final string lexicographically as small as possible, while the goal of Bob is to make the final string lexicographically as large as possible. Both of them are game experts, so they always play games optimally. Homer is not a game expert, so he wonders what the final string will be.

A string $a$ is lexicographically smaller than a string $b$ if and only if one of the following holds: 

Each test contains multiple test cases. The first line contains $t$ ($1 \le t \le 1000$)  — the number of test cases. Description of the test cases follows.

The only line of each test case contains a single string $s$ ($1 \leq |s| \leq 50$$) consisting of lowercase English letters.

For each test case, print the final string in a single line.

In the first test case: Alice makes the first move and must change the only letter to a different one, so she changes it to 'b'.

In the second test case: Alice changes the first letter to 'a', then Bob changes the second letter to 'z', Alice changes the third letter to 'a' and then Bob changes the fourth letter to 'z'.

In the third test case: Alice changes the first letter to 'b', and then Bob changes the second letter to 'y'.",,,"['games', 'greedy', 'strings']",800-1199
216D,,1700,"binarysearch,sortings,twopointers","Paw the Spider is making a web. Web-making is a real art, Paw has been learning to do it his whole life. Let's consider the structure of the web.

There are n main threads going from the center of the web. All main threads are located in one plane and divide it into n equal infinite sectors. The sectors are indexed from 1 to n in the clockwise direction. Sectors i and i + 1 are adjacent for every i, 1 ≤ i < n. In addition, sectors 1 and n are also adjacent.

Some sectors have bridge threads. Each bridge connects the two main threads that make up this sector. The points at which the bridge is attached to the main threads will be called attachment points. Both attachment points of a bridge are at the same distance from the center of the web. At each attachment point exactly one bridge is attached. The bridges are adjacent if they are in the same sector, and there are no other bridges between them.

A cell of the web is a trapezoid, which is located in one of the sectors and is bounded by two main threads and two adjacent bridges. You can see that the sides of the cell may have the attachment points of bridges from adjacent sectors. If the number of attachment points on one side of the cell is not equal to the number of attachment points on the other side, it creates an imbalance of pulling forces on this cell and this may eventually destroy the entire web. We'll call such a cell unstable. The perfect web does not contain unstable cells.

Unstable cells are marked red in the figure. Stable cells are marked green.

Paw the Spider isn't a skillful webmaker yet, he is only learning to make perfect webs. Help Paw to determine the number of unstable cells in the web he has just spun.

The first line contains integer n (3 ≤ n ≤ 1000) — the number of main threads.

The i-th of following n lines describe the bridges located in the i-th sector: first it contains integer ki (1 ≤ ki ≤ 105) equal to the number of bridges in the given sector. Then follow ki different integers pij (",,,"['binarysearch', 'sortings', 'twopointers']",1600-1999
1346D,,1600,"graphs,greedy","Polycarp is developing an RPG game where the main character fights monsters and searches for treasure in dungeons. Now Polycarp is making one of the dungeons the character can explore.

The dungeon consists of $$n$ rooms connected by $m$ two-way tunnels, and it is possible to reach every room from every other room using tunnels. The rooms are guarded by monsters (the number of monsters in the $i$-th room is $a_i$), and the tunnels contain gold coins (the number of coins in the $i$-th tunnel is $w_i$). The $i$-th two-way tunnel connects rooms $v_i$ and $u_i$.

Polycarp has already fixed the number of coins in each tunnel (the values of $w_i$ are already known), and now he tries to place the monsters in the rooms (the values of $a_i$ are not known yet). Polycarp wants to choose the number of monsters in each room in such a way that the following two conditions are met:

Help Polycarp to choose the values $a_1$, $a_2$, ..., $a_n$, or tell him that it is impossible and he has to change something in his dungeon plan.

The first line contains one integer $t$ ($1 \le t \le 100000$) — the number of test cases. Then the test cases follow.

The first line of each test case contains two integers $n$ and $m$ ($2 \le n \le 200000$; $n - 1 \le m \le \min(200000, \frac{n(n-1)}{2})$) — the number of rooms and tunnels in the dungeon, respectively.

Then $m$ lines follow, each line describing one of the tunnels in the dungeon. The $i$-th line contains three integers $v_i$, $u_i$ and $w_i$ ($1 \le v_i, u_i \le n$; $v_i \ne u_i$; $1 \le w_i \le 10^9$) denoting a two-way tunnel that connects rooms $v_i$ and $u_i$, and contains $w_i$ coins. The tunnel system is connected in each test case (it is possible to reach every room from every other room using the tunnels). Each pair of rooms is connected by at most one tunnel.

The sum of $n$ over all test cases does not exceed $200000$. Similarly, the sum of $m$ over all test cases does not exceed $200000$.

For each test case, print the answer",,,"['graphs', 'greedy']",1600-1999
67D,,1900,"binarysearch,datastructures,dp","Professor Phunsuk Wangdu has performed some experiments on rays. The setup for n rays is as follows.

There is a rectangular box having exactly n holes on the opposite faces. All rays enter from the holes of the first side and exit from the holes of the other side of the box. Exactly one ray can enter or exit from each hole. The holes are in a straight line.

Professor Wangdu is showing his experiment to his students. He shows that there are cases, when all the rays are intersected by every other ray. A curious student asked the professor: ""Sir, there are some groups of rays such that all rays in that group intersect every other ray in that group. Can we determine the number of rays in the largest of such groups?"".

Professor Wangdu now is in trouble and knowing your intellect he asks you to help him.

The first line contains n (1 ≤ n ≤ 106), the number of rays. The second line contains n distinct integers. The i-th integer xi (1 ≤ xi ≤ n) shows that the xi-th ray enters from the i-th hole. Similarly, third line contains n distinct integers. The i-th integer yi (1 ≤ yi ≤ n) shows that the yi-th ray exits from the i-th hole. All rays are numbered from 1 to n. 

Output contains the only integer which is the number of rays in the largest group of rays all of which intersect each other.

For the first test case, the figure is shown above. The output of the first test case is 3, since the rays number 1, 4 and 3 are the ones which are intersected by each other one i.e. 1 is intersected by 4 and 3, 3 is intersected by 4 and 1, and 4 is intersected by 1 and 3. Hence every ray in this group is intersected by each other one. There does not exist any group containing more than 3 rays satisfying the above-mentioned constraint.",,,"['binarysearch', 'datastructures', 'dp']",1600-1999
1447C,,1300,"constructivealgorithms,greedy,math,sortings","You have a knapsack with the capacity of $$W$. There are also $n$ items, the $i$-th one has weight $w_i$. 

You want to put some of these items into the knapsack in such a way that their total weight $C$ is at least half of its size, but (obviously) does not exceed it. Formally, $C$ should satisfy: $\lceil \frac{W}{2}\rceil \le C \le W$. 

Output the list of items you will put into the knapsack or determine that fulfilling the conditions is impossible. 

If there are several possible lists of items satisfying the conditions, you can output any. Note that you don't have to maximize the sum of weights of items in the knapsack.

Each test contains multiple test cases. The first line contains the number of test cases $t$ ($1 \le t \le 10^4$). Description of the test cases follows.

The first line of each test case contains integers $n$ and $W$ ($1 \le n \le 200\,000$, $1\le W \le 10^{18}$). 

The second line of each test case contains $n$ integers $w_1, w_2, \dots, w_n$ ($1 \le w_i \le 10^9$) — weights of the items.

The sum of $n$ over all test cases does not exceed $200\,000$.

For each test case, if there is no solution, print a single integer $-1$. 

If there exists a solution consisting of $m$ items, print $m$ in the first line of the output and $m$ integers $j_1$, $j_2$, ..., $j_m$ ($1 \le j_i \le n$, all $j_i$ are distinct) in the second line of the output  — indices of the items you would like to pack into the knapsack.

If there are several possible lists of items satisfying the conditions, you can output any. Note that you don't have to maximize the sum of weights items in the knapsack.

In the first test case, you can take the item of weight $3$ and fill the knapsack just right.

In the second test case, all the items are larger than the knapsack's capacity. Therefore, the answer is $-1$$.

In the third test case, you fill the knapsack exactly in half.",,,"['constructivealgorithms', 'greedy', 'math', 'sortings']",1200-1599
190C,,1500,dfsandsimilar,"Vasya used to be an accountant before the war began and he is one of the few who knows how to operate a computer, so he was assigned as the programmer.

We all know that programs often store sets of integers. For example, if we have a problem about a weighted directed graph, its edge can be represented by three integers: the number of the starting vertex, the number of the final vertex and the edge's weight. So, as Vasya was trying to represent characteristics of a recently invented robot in his program, he faced the following problem.

Vasya is not a programmer, so he asked his friend Gena, what the convenient way to store n integers is. Gena used to code in language X-- and so he can use only the types that occur in this language. Let's define, what a ""type"" is in language X--:

More formally: type := int | pair<type,type>. For example, Gena uses the following type for graph edges: pair<int,pair<int,int>>.

Gena was pleased to help Vasya, he dictated to Vasya a type of language X--, that stores n integers. Unfortunately, Gena was in a hurry, so he omitted the punctuation. Now Gena has already left and Vasya can't find the correct punctuation, resulting in a type of language X--, however hard he tries.

Help Vasya and add the punctuation marks so as to receive the valid type of language X--. Otherwise say that the task is impossible to perform.

The first line contains a single integer n (1 ≤ n ≤ 105), showing how many numbers the type dictated by Gena contains.

The second line contains space-separated words, said by Gena. Each of them is either ""pair"" or ""int"" (without the quotes).

It is guaranteed that the total number of words does not exceed 105 and that among all the words that Gena said, there are exactly n words ""int"".

If it is possible to add the punctuation marks so as to get a correct type of language X-- as a result, print a single line that represents the resulting type. Otherwise, print ""Error occurred"" (without the quotes). Inside the record of a t",,,['dfsandsimilar'],1200-1599
1154C,,1400,"implementation,math","Polycarp has a cat and his cat is a real gourmet! Dependent on a day of the week he eats certain type of food:

Polycarp plans to go on a trip and already packed his backpack. His backpack contains:

Polycarp has to choose such day of the week to start his trip that his cat can eat without additional food purchases as long as possible. Print the maximum number of days the cat can eat in a trip without additional food purchases, if Polycarp chooses the day of the week to start his trip optimally.

The first line of the input contains three positive integers $$a$, $b$ and $c$ ($1 \le a, b, c \le 7\cdot10^8$) — the number of daily rations of fish food, rabbit stew and chicken stakes in Polycarps backpack correspondingly.

Print the maximum number of days the cat can eat in a trip without additional food purchases, if Polycarp chooses the day of the week to start his trip optimally.

In the first example the best day for start of the trip is Sunday. In this case, during Sunday and Monday the cat will eat fish food, during Tuesday — rabbit stew and during Wednesday — chicken stake. So, after four days of the trip all food will be eaten.

In the second example Polycarp can start his trip in any day of the week. In any case there are food supplies only for one week in Polycarps backpack.

In the third example Polycarp can start his trip in any day, excluding Wednesday, Saturday and Sunday. In this case, the cat will eat three different dishes in three days. Nevertheless that after three days of a trip there will be $99$$ portions of rabbit stew in a backpack, can cannot eat anything in fourth day of a trip.",,,"['implementation', 'math']",1200-1599
322D,,1900,"dp,flows,greedy,twopointers","Fox Ciel is playing a card game with her friend Jiro.

Jiro has n cards, each one has two attributes: position (Attack or Defense) and strength. Fox Ciel has m cards, each one has these two attributes too. It's known that position of all Ciel's cards is Attack.

Now is Ciel's battle phase, Ciel can do the following operation many times:

Ciel can end her battle phase at any moment (so, she can use not all her cards). Help the Fox to calculate the maximal sum of damage Jiro can get.

The first line contains two integers n and m (1 ≤ n, m ≤ 100) — the number of cards Jiro and Ciel have.

Each of the next n lines contains a string position and an integer strength (0 ≤ strength ≤ 8000) — the position and strength of Jiro's current card. Position is the string ""ATK"" for attack, and the string ""DEF"" for defense.

Each of the next m lines contains an integer strength (0 ≤ strength ≤ 8000) — the strength of Ciel's current card.

Output an integer: the maximal damage Jiro can get.

In the first test case, Ciel has 3 cards with same strength. The best strategy is as follows. First she uses one of these 3 cards to attack ""ATK 2000"" card first, this attack destroys that card and Jiro gets 2500 - 2000 = 500 damage. Then she uses the second card to destroy the ""DEF 1700"" card. Jiro doesn't get damage that time. Now Jiro has no cards so she can use the third card to attack and Jiro gets 2500 damage. So the answer is 500 + 2500 = 3000.

In the second test case, she should use the ""1001"" card to attack the ""ATK 100"" card, then use the ""101"" card to attack the ""ATK 10"" card. Now Ciel still has cards but she can choose to end her battle phase. The total damage equals (1001 - 100) + (101 - 10) = 992.

In the third test case note that she can destroy the ""ATK 0"" card by a card with strength equal to 0, but she can't destroy a ""DEF 0"" card with that card.",,,"['dp', 'flows', 'greedy', 'twopointers']",1600-1999
172C,,1500,"implementation,sortings","There is a bus stop near the university. The lessons are over, and n students come to the stop. The i-th student will appear at the bus stop at time ti (all ti's are distinct).

We shall assume that the stop is located on the coordinate axis Ox, at point x = 0, and the bus goes along the ray Ox, that is, towards the positive direction of the coordinate axis, and back. The i-th student needs to get to the point with coordinate xi (xi > 0).

The bus moves by the following algorithm. Initially it is at point 0. The students consistently come to the stop and get on it. The bus has a seating capacity which is equal to m passengers. At the moment when m students get on the bus, it starts moving in the positive direction of the coordinate axis. Also it starts moving when the last (n-th) student gets on the bus. The bus is moving at a speed of 1 unit of distance per 1 unit of time, i.e. it covers distance y in time y.

Every time the bus passes the point at which at least one student needs to get off, it stops and these students get off the bus. The students need 1 + [k / 2] units of time to get off the bus, where k is the number of students who leave at this point. Expression [k / 2] denotes rounded down k / 2. As soon as the last student leaves the bus, the bus turns around and goes back to the point x = 0. It doesn't make any stops until it reaches the point. At the given point the bus fills with students once more, and everything is repeated.

If students come to the stop when there's no bus, they form a line (queue) and get on the bus in the order in which they came. Any number of students get on the bus in negligible time, you should assume that it doesn't take any time. Any other actions also take no time. The bus has no other passengers apart from the students.

Write a program that will determine for each student the time when he got off the bus. The moment a student got off the bus is the moment the bus stopped at the student's destination stop (despite the fact t",,,"['implementation', 'sortings']",1200-1599
168E,,2300,"games,math","In some country live wizards. They love playing with numbers. 

The blackboard has two numbers written on it — a and b. The order of the numbers is not important. Let's consider a ≤ b for the sake of definiteness. The players can cast one of the two spells in turns:

If a > b, similar moves are possible.

If at least one of the numbers equals zero, a player can't make a move, because taking a remainder modulo zero is considered somewhat uncivilized, and it is far too boring to subtract a zero. The player who cannot make a move, loses.

To perform well in the magic totalizator, you need to learn to quickly determine which player wins, if both wizards play optimally: the one that moves first or the one that moves second.

The first line contains a single integer t — the number of input data sets (1 ≤ t ≤ 104). Each of the next t lines contains two integers a, b (0 ≤ a, b ≤ 1018). The numbers are separated by a space.

Please do not use the %lld specificator to read or write 64-bit integers in С++. It is preferred to use the cin, cout streams or the %I64d specificator.

For any of the t input sets print ""First"" (without the quotes) if the player who moves first wins. Print ""Second"" (without the quotes) if the player who moves second wins. Print the answers to different data sets on different lines in the order in which they are given in the input. 

In the first sample, the first player should go to (11,10). Then, after a single move of the second player to (1,10), he will take 10 modulo 1 and win.

In the second sample the first player has two moves to (1,10) and (21,10). After both moves the second player can win.

In the third sample, the first player has no moves.

In the fourth sample, the first player wins in one move, taking 30 modulo 10.",,,"['games', 'math']",2000-2399
900A,,800,"geometry,implementation","You have n distinct points on a plane, none of them lie on OY axis. Check that there is a point after removal of which the remaining points are located on one side of the OY axis.

The first line contains a single positive integer n (2 ≤ n ≤ 105).

The following n lines contain coordinates of the points. The i-th of these lines contains two single integers xi and yi (|xi|, |yi| ≤ 109, xi ≠ 0). No two points coincide.

Print ""Yes"" if there is such a point, ""No"" — otherwise.

You can print every letter in any case (upper or lower).

In the first example the second point can be removed.

In the second example there is no suitable for the condition point.

In the third example any point can be removed.",,,"['geometry', 'implementation']",800-1199
1383B,,1900,"bitmasks,constructivealgorithms,dp,games,greedy,math","Koa the Koala and her best friend want to play a game.

The game starts with an array $$a$ of length $n$ consisting of non-negative integers. Koa and her best friend move in turns and each have initially a score equal to $0$. Koa starts.

Let's describe a move in the game:

 More formally: if the current score of the player is $x$ and the chosen element is $y$, his new score will be $x \oplus y$. Here $\oplus$ denotes bitwise XOR operation.

 Note that after a move element $y$ is removed from $a$.

 

At the end of the game the winner is the player with the maximum score. If both players have the same score then it's a draw.

If both players play optimally find out whether Koa will win, lose or draw the game.

Each test contains multiple test cases. The first line contains $t$ ($1 \le t \le 10^4$) — the number of test cases. Description of the test cases follows.

The first line of each test case contains the integer $n$ ($1 \le n \le 10^5$) — the length of $a$.

The second line of each test case contains $n$ integers $a_1, a_2, \ldots, a_n$ ($0 \le a_i \le 10^9$) — elements of $a$.

It is guaranteed that the sum of $n$ over all test cases does not exceed $10^5$.

For each test case print:

In testcase $1$ of the first sample we have:

$a = [1, 2, 2]$. Here Koa chooses $1$, other player has to choose $2$, Koa chooses another $2$. Score for Koa is $1 \oplus 2 = 3$ and score for other player is $2$$ so Koa wins.",,,"['bitmasks', 'constructivealgorithms', 'dp', 'games', 'greedy', 'math']",1600-1999
121A,,1100,implementation,"Petya loves lucky numbers. Everybody knows that lucky numbers are positive integers whose decimal representation contains only the lucky digits 4 and 7. For example, numbers 47, 744, 4 are lucky and 5, 17, 467 are not.

Let next(x) be the minimum lucky number which is larger than or equals x. Petya is interested what is the value of the expression next(l) + next(l + 1) + ... + next(r - 1) + next(r). Help him solve this problem.

The single line contains two integers l and r (1 ≤ l ≤ r ≤ 109) — the left and right interval limits.

In the single line print the only number — the sum next(l) + next(l + 1) + ... + next(r - 1) + next(r).

Please do not use the %lld specificator to read or write 64-bit integers in C++. It is preferred to use the cin, cout streams or the %I64d specificator.

In the first sample: next(2) + next(3) + next(4) + next(5) + next(6) + next(7) = 4 + 4 + 4 + 7 + 7 + 7 = 33

In the second sample: next(7) = 7",,,['implementation'],800-1199
831A,,1000,implementation,"Array of integers is unimodal, if:

The first block (increasing) and the last block (decreasing) may be absent. It is allowed that both of this blocks are absent.

For example, the following three arrays are unimodal: [5, 7, 11, 11, 2, 1], [4, 4, 2], [7], but the following three are not unimodal: [5, 5, 6, 6, 1], [1, 2, 1, 2], [4, 5, 5, 6].

Write a program that checks if an array is unimodal.

The first line contains integer n (1 ≤ n ≤ 100) — the number of elements in the array.

The second line contains n integers a1, a2, ..., an (1 ≤ ai ≤ 1 000) — the elements of the array.

Print ""YES"" if the given array is unimodal. Otherwise, print ""NO"".

You can output each letter in any case (upper or lower).

In the first example the array is unimodal, because it is strictly increasing in the beginning (from position 1 to position 2, inclusively), that it is constant (from position 2 to position 4, inclusively) and then it is strictly decreasing (from position 4 to position 6, inclusively).",,,['implementation'],800-1199
1204A,,1000,math,"In the city of Saint Petersburg, a day lasts for $$2^{100}$ minutes. From the main station of Saint Petersburg, a train departs after $1$ minute, $4$ minutes, $16$ minutes, and so on; in other words, the train departs at time $4^k$ for each integer $k \geq 0$. Team BowWow has arrived at the station at the time $s$ and it is trying to count how many trains have they missed; in other words, the number of trains that have departed strictly before time $s$. For example if $s = 20$, then they missed trains which have departed at $1$, $4$ and $16$. As you are the only one who knows the time, help them!

Note that the number $s$ will be given you in a binary representation without leading zeroes.

The first line contains a single binary number $s$ ($0 \leq s < 2^{100}$) without leading zeroes.

Output a single number — the number of trains which have departed strictly before the time $s$.

In the first example $100000000_2 = 256_{10}$, missed trains have departed at $1$, $4$, $16$ and $64$.

In the second example $101_2 = 5_{10}$, trains have departed at $1$ and $4$$.

The third example is explained in the statements.",,,['math'],800-1199
113A,,1600,"implementation,strings","Petya got interested in grammar on his third year in school. He invented his own language called Petya's. Petya wanted to create a maximally simple language that would be enough to chat with friends, that's why all the language's grammar can be described with the following set of rules:

Statement is any sequence of the Petya's language, that satisfy both conditions:

After Petya's friend Vasya wrote instant messenger (an instant messaging program) that supported the Petya's language, Petya wanted to add spelling and grammar checking to the program. As Vasya was in the country and Petya didn't feel like waiting, he asked you to help him with this problem. Your task is to define by a given sequence of words, whether it is true that the given text represents exactly one sentence in Petya's language.

The first line contains one or more words consisting of lowercase Latin letters. The overall number of characters (including letters and spaces) does not exceed 105.

It is guaranteed that any two consecutive words are separated by exactly one space and the input data do not contain any other spaces. It is possible that given words do not belong to the Petya's language.

If some word of the given text does not belong to the Petya's language or if the text contains more that one sentence, print ""NO"" (without the quotes). Otherwise, print ""YES"" (without the quotes).",,,"['implementation', 'strings']",1600-1999
62A,,1300,"greedy,math","Statistics claims that students sleep no more than three hours a day. But even in the world of their dreams, while they are snoring peacefully, the sense of impending doom is still upon them.

A poor student is dreaming that he is sitting the mathematical analysis exam. And he is examined by the most formidable professor of all times, a three times Soviet Union Hero, a Noble Prize laureate in student expulsion, venerable Petr Palych.

The poor student couldn't answer a single question. Thus, instead of a large spacious office he is going to apply for a job to thorium mines. But wait a minute! Petr Palych decided to give the student the last chance! Yes, that is possible only in dreams. 

So the professor began: ""Once a Venusian girl and a Marsian boy met on the Earth and decided to take a walk holding hands. But the problem is the girl has al fingers on her left hand and ar fingers on the right one. The boy correspondingly has bl and br fingers. They can only feel comfortable when holding hands, when no pair of the girl's fingers will touch each other. That is, they are comfortable when between any two girl's fingers there is a boy's finger. And in addition, no three fingers of the boy should touch each other. Determine if they can hold hands so that the both were comfortable.""

The boy any the girl don't care who goes to the left and who goes to the right. The difference is only that if the boy goes to the left of the girl, he will take her left hand with his right one, and if he goes to the right of the girl, then it is vice versa.

The first line contains two positive integers not exceeding 100. They are the number of fingers on the Venusian girl's left and right hand correspondingly. The second line contains two integers not exceeding 100. They are the number of fingers on the Marsian boy's left and right hands correspondingly.

Print YES or NO, that is, the answer to Petr Palych's question.

The boy and the girl don't really care who goes to the left.",,,"['greedy', 'math']",1200-1599
1340C,,2400,"dfsandsimilar,dp,graphs,shortestpaths","If the girl doesn't go to Denis, then Denis will go to the girl. Using this rule, the young man left home, bought flowers and went to Nastya. 

On the way from Denis's house to the girl's house is a road of $$n$ lines. This road can't be always crossed in one green light. Foreseeing this, the good mayor decided to place safety islands in some parts of the road. Each safety island is located after a line, as well as at the beginning and at the end of the road. Pedestrians can relax on them, gain strength and wait for a green light.

Denis came to the edge of the road exactly at the moment when the green light turned on. The boy knows that the traffic light first lights up $g$ seconds green, and then $r$ seconds red, then again $g$ seconds green and so on.

Formally, the road can be represented as a segment $[0, n]$. Initially, Denis is at point $0$. His task is to get to point $n$ in the shortest possible time.

He knows many different integers $d_1, d_2, \ldots, d_m$, where $0 \leq d_i \leq n$  — are the coordinates of points, in which the safety islands are located. Only at one of these points, the boy can be at a time when the red light is on.

Unfortunately, Denis isn't always able to control himself because of the excitement, so some restrictions are imposed:

Denis has crossed the road as soon as his coordinate becomes equal to $n$.

This task was not so simple, because it's possible that it is impossible to cross the road. Since Denis has all thoughts about his love, he couldn't solve this problem and asked us to help him. Find the minimal possible time for which he can cross the road according to these rules, or find that it is impossible to do.

The first line contains two integers $n$ and $m$ $(1 \leq n \leq 10^6, 2 \leq m \leq min(n + 1, 10^4))$  — road width and the number of safety islands.

The second line contains $m$ distinct integers $d_1, d_2, \ldots, d_m$ $(0 \leq d_i \leq n)$  — the points where the safety islands are located. It is guaranteed tha",,,"['dfsandsimilar', 'dp', 'graphs', 'shortestpaths']",2400-2799
1206D,,1900,"bitmasks,graphs","You are given $$n$ integer numbers $a_1, a_2, \dots, a_n$. Consider graph on $n$ nodes, in which nodes $i$, $j$ ($i\neq j$) are connected if and only if, $a_i$ AND $a_j\neq 0$, where AND denotes the bitwise AND operation.

Find the length of the shortest cycle in this graph or determine that it doesn't have cycles at all.

The first line contains one integer $n$ $(1 \le n \le 10^5)$ — number of numbers.

The second line contains $n$ integer numbers $a_1, a_2, \dots, a_n$ ($0 \le a_i \le 10^{18}$).

If the graph doesn't have any cycles, output $-1$. Else output the length of the shortest cycle.

In the first example, the shortest cycle is $(9, 3, 6, 28)$.

In the second example, the shortest cycle is $(5, 12, 9)$$.

The graph has no cycles in the third example.",,,"['bitmasks', 'graphs']",1600-1999
755F,,2600,"bitmasks,dp,greedy","It's Christmas time! PolandBall and his friends will be giving themselves gifts. There are n Balls overall. Each Ball has someone for whom he should bring a present according to some permutation p, pi ≠ i for all i.

Unfortunately, Balls are quite clumsy. We know earlier that exactly k of them will forget to bring their gift. A Ball number i will get his present if the following two constraints will hold: 

What is minimum and maximum possible number of kids who will not get their present if exactly k Balls will forget theirs?

The first line of input contains two integers n and k (2 ≤ n ≤ 106, 0 ≤ k ≤ n), representing the number of Balls and the number of Balls who will forget to bring their presents. 

The second line contains the permutation p of integers from 1 to n, where pi is the index of Ball who should get a gift from the i-th Ball. For all i, pi ≠ i holds.

You should output two values — minimum and maximum possible number of Balls who will not get their presents, in that order.

In the first sample, if the third and the first balls will forget to bring their presents, they will be th only balls not getting a present. Thus the minimum answer is 2. However, if the first ans the second balls will forget to bring their presents, then only the fifth ball will get a present. So, the maximum answer is 4.",,,"['bitmasks', 'dp', 'greedy']",2400-2799
1279B,,1300,"binarysearch,bruteforce,implementation","New Year is coming! Vasya has prepared a New Year's verse and wants to recite it in front of Santa Claus.

Vasya's verse contains $$n$ parts. It takes $a_i$ seconds to recite the $i$-th part. Vasya can't change the order of parts in the verse: firstly he recites the part which takes $a_1$ seconds, secondly — the part which takes $a_2$ seconds, and so on. After reciting the verse, Vasya will get the number of presents equal to the number of parts he fully recited.

Vasya can skip at most one part of the verse while reciting it (if he skips more than one part, then Santa will definitely notice it).

Santa will listen to Vasya's verse for no more than $s$ seconds. For example, if $s = 10$, $a = [100, 9, 1, 1]$, and Vasya skips the first part of verse, then he gets two presents.

Note that it is possible to recite the whole verse (if there is enough time). 

Determine which part Vasya needs to skip to obtain the maximum possible number of gifts. If Vasya shouldn't skip anything, print 0. If there are multiple answers, print any of them.

You have to process $t$ test cases.

The first line contains one integer $t$ ($1 \le t \le 100$) — the number of test cases.

The first line of each test case contains two integers $n$ and $s$ ($1 \le n \le 10^5, 1 \le s \le 10^9$) — the number of parts in the verse and the maximum number of seconds Santa will listen to Vasya, respectively.

The second line of each test case contains $n$ integers $a_1, a_2, \dots, a_n$ ($1 \le a_i \le 10^9$) — the time it takes to recite each part of the verse.

It is guaranteed that the sum of $n$ over all test cases does not exceed $10^5$$.

For each test case print one integer — the number of the part that Vasya needs to skip to obtain the maximum number of gifts. If Vasya shouldn't skip any parts, print 0.

In the first test case if Vasya skips the second part then he gets three gifts.

In the second test case no matter what part of the verse Vasya skips.

In the third test case Vasya can recite the",,,"['binarysearch', 'bruteforce', 'implementation']",1200-1599
1508B,,1800,"binarysearch,combinatorics,constructivealgorithms,implementation","Seiji Maki doesn't only like to observe relationships being unfolded, he also likes to observe sequences of numbers, especially permutations. Today, he has his eyes on almost sorted permutations.

A permutation $$a_1, a_2, \dots, a_n$ of $1, 2, \dots, n$ is said to be almost sorted if the condition $a_{i + 1} \ge a_i - 1$ holds for all $i$ between $1$ and $n - 1$ inclusive.

Maki is considering the list of all almost sorted permutations of $1, 2, \dots, n$, given in lexicographical order, and he wants to find the $k$-th permutation in this list. Can you help him to find such permutation?

Permutation $p$ is lexicographically smaller than a permutation $q$ if and only if the following holds:

The first line contains a single integer $t$ ($1\le t\le 1000$) — the number of test cases.

Each test case consists of a single line containing two integers $n$ and $k$ ($1 \le n \le 10^5$, $1 \le k \le 10^{18}$).

It is guaranteed that the sum of $n$ over all test cases does not exceed $10^5$.

For each test case, print a single line containing the $k$-th almost sorted permutation of length $n$ in lexicographical order, or $-1$ if it doesn't exist.

For the first and second test, the list of almost sorted permutations with $n = 1$ is $\{[1]\}$.

For the third and fifth test, the list of almost sorted permutations with $n = 3$ is $\{[1, 2, 3], [1, 3, 2], [2, 1, 3], [3, 2, 1]\}$$.",,,"['binarysearch', 'combinatorics', 'constructivealgorithms', 'implementation']",1600-1999
163B,,2000,binarysearch,"As you know, lemmings like jumping. For the next spectacular group jump n lemmings gathered near a high rock with k comfortable ledges on it. The first ledge is situated at the height of h meters, the second one is at the height of 2h meters, and so on (the i-th ledge is at the height of i·h meters). The lemmings are going to jump at sunset, and there's not much time left.

Each lemming is characterized by its climbing speed of vi meters per minute and its weight mi. This means that the i-th lemming can climb to the j-th ledge in minutes.

To make the jump beautiful, heavier lemmings should jump from higher ledges: if a lemming of weight mi jumps from ledge i, and a lemming of weight mj jumps from ledge j (for i < j), then the inequation mi ≤ mj should be fulfilled.

Since there are n lemmings and only k ledges (k ≤ n), the k lemmings that will take part in the jump need to be chosen. The chosen lemmings should be distributed on the ledges from 1 to k, one lemming per ledge. The lemmings are to be arranged in the order of non-decreasing weight with the increasing height of the ledge. In addition, each lemming should have enough time to get to his ledge, that is, the time of his climb should not exceed t minutes. The lemmings climb to their ledges all at the same time and they do not interfere with each other.

Find the way to arrange the lemmings' jump so that time t is minimized.

The first line contains space-separated integers n, k and h (1 ≤ k ≤ n ≤ 105, 1 ≤ h ≤ 104) — the total number of lemmings, the number of ledges and the distance between adjacent ledges.

The second line contains n space-separated integers m1, m2, ..., mn (1 ≤ mi ≤ 109), where mi is the weight of i-th lemming.

The third line contains n space-separated integers v1, v2, ..., vn (1 ≤ vi ≤ 109), where vi is the speed of i-th lemming.

Print k different numbers from 1 to n — the numbers of the lemmings who go to ledges at heights h, 2h, ..., kh, correspondingly, if the jump is organized in an ",,,['binarysearch'],2000-2399
1008C,,1300,"combinatorics,math","You are given an array of integers. Vasya can permute (change order) its integers. He wants to do it so that as many as possible integers will become on a place where a smaller integer used to stand. Help Vasya find the maximal number of such integers.

For instance, if we are given an array $$[10, 20, 30, 40]$, we can permute it so that it becomes $[20, 40, 10, 30]$. Then on the first and the second positions the integers became larger ($20>10$, $40>20$) and did not on the third and the fourth, so for this permutation, the number that Vasya wants to maximize equals $2$. Read the note for the first example, there is one more demonstrative test case.

Help Vasya to permute integers in such way that the number of positions in a new array, where integers are greater than in the original one, is maximal.

The first line contains a single integer $n$ ($1 \leq n \leq 10^5$) — the length of the array.

The second line contains $n$ integers $a_1, a_2, \ldots, a_n$ ($1 \leq a_i \leq 10^9$) — the elements of the array.

Print a single integer — the maximal number of the array's elements which after a permutation will stand on the position where a smaller element stood in the initial array.

In the first sample, one of the best permutations is $[1, 5, 5, 3, 10, 1, 1]$$. On the positions from second to fifth the elements became larger, so the answer for this permutation is 4.

In the second sample, there is no way to increase any element with a permutation, so the answer is 0.",,,"['combinatorics', 'math']",1200-1599
1496D,,1900,games,"On a weekend, Qingshan suggests that she and her friend Daniel go hiking. Unfortunately, they are busy high school students, so they can only go hiking on scratch paper.

A permutation $$p$ is written from left to right on the paper. First Qingshan chooses an integer index $x$ ($1\le x\le n$) and tells it to Daniel. After that, Daniel chooses another integer index $y$ ($1\le y\le n$, $y \ne x$).

The game progresses turn by turn and as usual, Qingshan moves first. The rules follow: 

The person who can't make her or his move loses, and the other wins. You, as Qingshan's fan, are asked to calculate the number of possible $x$ to make Qingshan win in the case both players play optimally.

The first line contains a single integer $n$ ($2\le n\le 10^5$) — the length of the permutation.

The second line contains $n$ distinct integers $p_1,p_2,\dots,p_n$ ($1\le p_i\le n$) — the permutation.

Print the number of possible values of $x$ that Qingshan can choose to make her win.

In the first test case, Qingshan can only choose $x=3$ to win, so the answer is $1$.

In the second test case, if Qingshan will choose $x=4$, Daniel can choose $y=1$. In the first turn (Qingshan's) Qingshan chooses $x'=3$ and changes $x$ to $3$. In the second turn (Daniel's) Daniel chooses $y'=2$ and changes $y$ to $2$. Qingshan can't choose $x'=2$ because $y=2$$ at this time. Then Qingshan loses.",,,['games'],1600-1999
342B,,1500,"bruteforce,greedy,implementation","Xenia the vigorous detective faced n (n ≥ 2) foreign spies lined up in a row. We'll consider the spies numbered from 1 to n from left to right. 

Spy s has an important note. He has to pass the note to spy f. Xenia interrogates the spies in several steps. During one step the spy keeping the important note can pass the note to one of his neighbours in the row. In other words, if this spy's number is x, he can pass the note to another spy, either x - 1 or x + 1 (if x = 1 or x = n, then the spy has only one neighbour). Also during a step the spy can keep a note and not pass it to anyone.

But nothing is that easy. During m steps Xenia watches some spies attentively. Specifically, during step ti (steps are numbered from 1) Xenia watches spies numbers li, li + 1, li + 2, ..., ri (1 ≤ li ≤ ri ≤ n). Of course, if during some step a spy is watched, he can't do anything: neither give the note nor take it from some other spy. Otherwise, Xenia reveals the spies' cunning plot. Nevertheless, if the spy at the current step keeps the note, Xenia sees nothing suspicious even if she watches him.

You've got s and f. Also, you have the steps during which Xenia watches spies and which spies she is going to watch during each step. Find the best way the spies should act in order to pass the note from spy s to spy f as quickly as possible (in the minimum number of steps).

The first line contains four integers n, m, s and f (1 ≤ n, m ≤ 105; 1 ≤ s, f ≤ n; s ≠ f; n ≥ 2). Each of the following m lines contains three integers ti, li, ri (1 ≤ ti ≤ 109, 1 ≤ li ≤ ri ≤ n). It is guaranteed that t1 < t2 < t3 < ... < tm.

Print k characters in a line: the i-th character in the line must represent the spies' actions on step i. If on step i the spy with the note must pass the note to the spy with a lesser number, the i-th character should equal ""L"". If on step i the spy with the note must pass it to the spy with a larger number, the i-th character must equal ""R"". If the spy must keep the note at the",,,"['bruteforce', 'greedy', 'implementation']",1200-1599
859D,,2100,"dp,probabilities,trees","The annual college sports-ball tournament is approaching, which for trademark reasons we'll refer to as Third Month Insanity. There are a total of 2N teams participating in the tournament, numbered from 1 to 2N. The tournament lasts N rounds, with each round eliminating half the teams. The first round consists of 2N - 1 games, numbered starting from 1. In game i, team 2·i - 1 will play against team 2·i. The loser is eliminated and the winner advances to the next round (there are no ties). Each subsequent round has half as many games as the previous round, and in game i the winner of the previous round's game 2·i - 1 will play against the winner of the previous round's game 2·i.

Every year the office has a pool to see who can create the best bracket. A bracket is a set of winner predictions for every game. For games in the first round you may predict either team to win, but for games in later rounds the winner you predict must also be predicted as a winner in the previous round. Note that the bracket is fully constructed before any games are actually played. Correct predictions in the first round are worth 1 point, and correct predictions in each subsequent round are worth twice as many points as the previous, so correct predictions in the final game are worth 2N - 1 points.

For every pair of teams in the league, you have estimated the probability of each team winning if they play against each other. Now you want to construct a bracket with the maximum possible expected score.

Input will begin with a line containing N (2 ≤ N ≤ 6).

2N lines follow, each with 2N integers. The j-th column of the i-th row indicates the percentage chance that team i will defeat team j, unless i = j, in which case the value will be 0. It is guaranteed that the i-th column of the j-th row plus the j-th column of the i-th row will add to exactly 100.

Print the maximum possible expected score over all possible brackets. Your answer must be correct to within an absolute or relative error ",,,"['dp', 'probabilities', 'trees']",2000-2399
687B,,1800,"chineseremaindertheorem,math,numbertheory","Today Pari and Arya are playing a game called Remainders.

Pari chooses two positive integer x and k, and tells Arya k but not x. Arya have to find the value . There are n ancient numbers c1, c2, ..., cn and Pari has to tell Arya if Arya wants. Given k and the ancient values, tell us if Arya has a winning strategy independent of value of x or not. Formally, is it true that Arya can understand the value for any positive integer x?

Note, that means the remainder of x after dividing it by y.

The first line of the input contains two integers n and k (1 ≤ n,  k ≤ 1 000 000) — the number of ancient integers and value k that is chosen by Pari.

The second line contains n integers c1, c2, ..., cn (1 ≤ ci ≤ 1 000 000).

Print ""Yes"" (without quotes) if Arya has a winning strategy independent of value of x, or ""No"" (without quotes) otherwise.

In the first sample, Arya can understand because 5 is one of the ancient numbers.

In the second sample, Arya can't be sure what is. For example 1 and 7 have the same remainders after dividing by 2 and 3, but they differ in remainders after dividing by 7.",,,"['chineseremaindertheorem', 'math', 'numbertheory']",1600-1999
1305A,,800,"bruteforce,constructivealgorithms,greedy,sortings","Kuroni has $$n$ daughters. As gifts for them, he bought $n$ necklaces and $n$ bracelets:

Kuroni wants to give exactly one necklace and exactly one bracelet to each of his daughters. To make sure that all of them look unique, the total brightnesses of the gifts given to each daughter should be pairwise distinct. Formally, if the $i$-th daughter receives a necklace with brightness $x_i$ and a bracelet with brightness $y_i$, then the sums $x_i + y_i$ should be pairwise distinct. Help Kuroni to distribute the gifts.

For example, if the brightnesses are $a = [1, 7, 5]$ and $b = [6, 1, 2]$, then we may distribute the gifts as follows:

Here is an example of an invalid distribution: 

This distribution is invalid, as the total brightnesses of the gifts received by the first and the third daughter are the same. Don't make them this upset!

The input consists of multiple test cases. The first line contains an integer $t$ ($1 \le t \le 100$)  — the number of test cases. The description of the test cases follows.

The first line of each test case contains a single integer $n$ ($1 \le n \le 100$)  — the number of daughters, necklaces and bracelets.

The second line of each test case contains $n$ distinct integers $a_1, a_2, \dots, a_n$ ($1 \le a_i \le 1000$)  — the brightnesses of the necklaces.

The third line of each test case contains $n$ distinct integers $b_1, b_2, \dots, b_n$ ($1 \le b_i \le 1000$)  — the brightnesses of the bracelets.

For each test case, print a line containing $n$ integers $x_1, x_2, \dots, x_n$, representing that the $i$-th daughter receives a necklace with brightness $x_i$. In the next line print $n$ integers $y_1, y_2, \dots, y_n$, representing that the $i$-th daughter receives a bracelet with brightness $y_i$.

The sums $x_1 + y_1, x_2 + y_2, \dots, x_n + y_n$ should all be distinct. The numbers $x_1, \dots, x_n$ should be equal to the numbers $a_1, \dots, a_n$ in some order, and the numbers $y_1, \dots, y_n$ should be equal to the numbers $b_1, ",,,"['bruteforce', 'constructivealgorithms', 'greedy', 'sortings']",800-1199
1398C,,1600,"datastructures,dp,math","You are given an array $$a_1, a_2, \dots , a_n$ consisting of integers from $0$ to $9$. A subarray $a_l, a_{l+1}, a_{l+2}, \dots , a_{r-1}, a_r$ is good if the sum of elements of this subarray is equal to the length of this subarray ($\sum\limits_{i=l}^{r} a_i = r - l + 1$).

For example, if $a = [1, 2, 0]$, then there are $3$ good subarrays: $a_{1 \dots 1} = [1], a_{2 \dots 3} = [2, 0]$ and $a_{1 \dots 3} = [1, 2, 0]$.

Calculate the number of good subarrays of the array $a$.

The first line contains one integer $t$ ($1 \le t \le 1000$) — the number of test cases.

The first line of each test case contains one integer $n$ ($1 \le n \le 10^5$) — the length of the array $a$.

The second line of each test case contains a string consisting of $n$ decimal digits, where the $i$-th digit is equal to the value of $a_i$.

It is guaranteed that the sum of $n$ over all test cases does not exceed $10^5$.

For each test case print one integer — the number of good subarrays of the array $a$.

The first test case is considered in the statement.

In the second test case, there are $6$ good subarrays: $a_{1 \dots 1}$, $a_{2 \dots 2}$, $a_{1 \dots 2}$, $a_{4 \dots 4}$, $a_{5 \dots 5}$ and $a_{4 \dots 5}$. 

In the third test case there is only one good subarray: $a_{2 \dots 6}$$.",,,"['datastructures', 'dp', 'math']",1600-1999
981A,,900,"bruteforce,implementation,strings","A string is a palindrome if it reads the same from the left to the right and from the right to the left. For example, the strings ""kek"", ""abacaba"", ""r"" and ""papicipap"" are palindromes, while the strings ""abb"" and ""iq"" are not.

A substring $$s[l \ldots r]$ ($1 \leq l \leq r \leq |s|$) of a string $s = s_{1}s_{2} \ldots s_{|s|}$ is the string $s_{l}s_{l + 1} \ldots s_{r}$.

Anna does not like palindromes, so she makes her friends call her Ann. She also changes all the words she reads in a similar way. Namely, each word $s$ is changed into its longest substring that is not a palindrome. If all the substrings of $s$ are palindromes, she skips the word at all.

Some time ago Ann read the word $s$. What is the word she changed it into?

The first line contains a non-empty string $s$ with length at most $50$ characters, containing lowercase English letters only.

If there is such a substring in $s$ that is not a palindrome, print the maximum length of such a substring. Otherwise print $0$.

Note that there can be multiple longest substrings that are not palindromes, but their length is unique.

""mew"" is not a palindrome, so the longest substring of it that is not a palindrome, is the string ""mew"" itself. Thus, the answer for the first example is $3$.

The string ""uffuw"" is one of the longest non-palindrome substrings (of length $5$) of the string ""wuffuw"", so the answer for the second example is $5$.

All substrings of the string ""qqqqqqqq"" consist of equal characters so they are palindromes. This way, there are no non-palindrome substrings. Thus, the answer for the third example is $0$$.",,,"['bruteforce', 'implementation', 'strings']",800-1199
250B,,1500,"implementation,strings","An IPv6-address is a 128-bit number. For convenience, this number is recorded in blocks of 16 bits in hexadecimal record, the blocks are separated by colons — 8 blocks in total, each block has four hexadecimal digits. Here is an example of the correct record of a IPv6 address: ""0124:5678:90ab:cdef:0124:5678:90ab:cdef"". We'll call such format of recording an IPv6-address full.

Besides the full record of an IPv6 address there is a short record format. The record of an IPv6 address can be shortened by removing one or more leading zeroes at the beginning of each block. However, each block should contain at least one digit in the short format. For example, the leading zeroes can be removed like that: ""a56f:00d3:0000:0124:0001:f19a:1000:0000""  →  ""a56f:d3:0:0124:01:f19a:1000:00"". There are more ways to shorten zeroes in this IPv6 address.

Some IPv6 addresses contain long sequences of zeroes. Continuous sequences of 16-bit zero blocks can be shortened to ""::"". A sequence can consist of one or several consecutive blocks, with all 16 bits equal to 0. 

You can see examples of zero block shortenings below:

It is not allowed to shorten zero blocks in the address more than once. This means that the short record can't contain the sequence of characters ""::"" more than once. Otherwise, it will sometimes be impossible to determine the number of zero blocks, each represented by a double colon.

The format of the record of the IPv6 address after removing the leading zeroes and shortening the zero blocks is called short.

You've got several short records of IPv6 addresses. Restore their full record.

The first line contains a single integer n — the number of records to restore (1 ≤ n ≤ 100).

Each of the following n lines contains a string — the short IPv6 addresses. Each string only consists of string characters ""0123456789abcdef:"".

It is guaranteed that each short address is obtained by the way that is described in the statement from some full IPv6 address.

For each short IPv6 ",,,"['implementation', 'strings']",1200-1599
285B,,1200,implementation,"Petya and Vasya are playing a game. Petya's got n non-transparent glasses, standing in a row. The glasses' positions are indexed with integers from 1 to n from left to right. Note that the positions are indexed but the glasses are not.

First Petya puts a marble under the glass in position s. Then he performs some (possibly zero) shuffling operations. One shuffling operation means moving the glass from the first position to position p1, the glass from the second position to position p2 and so on. That is, a glass goes from position i to position pi. Consider all glasses are moving simultaneously during one shuffling operation. When the glasses are shuffled, the marble doesn't travel from one glass to another: it moves together with the glass it was initially been put in.

After all shuffling operations Petya shows Vasya that the ball has moved to position t. Vasya's task is to say what minimum number of shuffling operations Petya has performed or determine that Petya has made a mistake and the marble could not have got from position s to position t.

The first line contains three integers: n, s, t (1 ≤ n ≤ 105; 1 ≤ s, t ≤ n) — the number of glasses, the ball's initial and final position. The second line contains n space-separated integers: p1, p2, ..., pn (1 ≤ pi ≤ n) — the shuffling operation parameters. It is guaranteed that all pi's are distinct.

Note that s can equal t.

If the marble can move from position s to position t, then print on a single line a non-negative integer — the minimum number of shuffling operations, needed to get the marble to position t. If it is impossible, print number -1.",,,['implementation'],1200-1599
862D,,2000,"binarysearch,divideandconquer,interactive","Mahmoud and Ehab are in the fourth stage now.

Dr. Evil has a hidden binary string of length n. He guarantees that there is at least one '0' symbol and at least one '1' symbol in it. Now he wants Mahmoud and Ehab to find a position of any '0' symbol and any '1' symbol. In order to do this, Mahmoud and Ehab can ask Dr. Evil up to 15 questions. They tell Dr. Evil some binary string of length n, and Dr. Evil tells the Hamming distance between these two strings. Hamming distance between 2 binary strings of the same length is the number of positions in which they have different symbols. You can find the definition of Hamming distance in the notes section below.

Help Mahmoud and Ehab find these two positions.

You will get Wrong Answer verdict if 

If you exceed the maximum number of queries, You should terminate with 0, In this case you'll get Wrong Answer, If you don't terminate you may receive any verdict because you'll be reading from a closed stream .

The first line of input will contain a single integer n (2 ≤ n ≤ 1000) — the length of the hidden binary string.

To print the final answer, print ""! pos0 pos1"" (without quotes), where pos0 and pos1 are positions of some '0' and some '1' in the string (the string is 1-indexed). Don't forget to flush the output after printing the answer!

To ask a question use the format ""? s"" (without quotes), where s is a query string. Don't forget to flush the output after printing a query!

After each query you can read a single integer from standard input — the Hamming distance between the hidden string and the query string.

To flush the output you can use:- 

Hacking. 

To hack someone just print one binary string with length up to 1000, containing at least one '0' and at least one '1'.

Hamming distance definition: https://en.wikipedia.org/wiki/Hamming_distance

In the first test case the hidden binary string is 101, The first query is 000, so the Hamming distance is 2. In the second query the hidden string is still 101 and que",,,"['binarysearch', 'divideandconquer', 'interactive']",2000-2399
919B,,1100,"binarysearch,bruteforce,dp,implementation,numbertheory","We consider a positive integer perfect, if and only if the sum of its digits is exactly $$10$. Given a positive integer $k$, your task is to find the $k$-th smallest perfect positive integer.

A single line with a positive integer $k$ ($1 \leq k \leq 10\,000$).

A single number, denoting the $k$-th smallest perfect integer.

The first perfect integer is $19$ and the second one is $28$$.",,,"['binarysearch', 'bruteforce', 'dp', 'implementation', 'numbertheory']",800-1199
1195E,,2100,"datastructures,twopointers","Seryozha conducts a course dedicated to building a map of heights of Stepanovo recreation center. He laid a rectangle grid of size $$n \times m$ cells on a map (rows of grid are numbered from $1$ to $n$ from north to south, and columns are numbered from $1$ to $m$ from west to east). After that he measured the average height of each cell above Rybinsk sea level and obtained a matrix of heights of size $n \times m$. The cell $(i, j)$ lies on the intersection of the $i$-th row and the $j$-th column and has height $h_{i, j}$. 

Seryozha is going to look at the result of his work in the browser. The screen of Seryozha's laptop can fit a subrectangle of size $a \times b$ of matrix of heights ($1 \le a \le n$, $1 \le b \le m$). Seryozha tries to decide how the weather can affect the recreation center — for example, if it rains, where all the rainwater will gather. To do so, he is going to find the cell having minimum height among all cells that are shown on the screen of his laptop.

Help Seryozha to calculate the sum of heights of such cells for all possible subrectangles he can see on his screen. In other words, you have to calculate the sum of minimum heights in submatrices of size $a \times b$ with top left corners in $(i, j)$ over all $1 \le i \le n - a + 1$ and $1 \le j \le m - b + 1$.

Consider the sequence $g_i = (g_{i - 1} \cdot x + y) \bmod z$. You are given integers $g_0$, $x$, $y$ and $z$. By miraculous coincidence, $h_{i, j} = g_{(i - 1) \cdot m + j - 1}$ ($(i - 1) \cdot m + j - 1$ is the index).

The first line of the input contains four integers $n$, $m$, $a$ and $b$ ($1 \le n, m \le 3\,000$, $1 \le a \le n$, $1 \le b \le m$) — the number of rows and columns in the matrix Seryozha has, and the number of rows and columns that can be shown on the screen of the laptop, respectively.

The second line of the input contains four integers $g_0$, $x$, $y$ and $z$ ($0 \le g_0, x, y < z \le 10^9$$).

Print a single integer — the answer to the problem.

The matrix fro",,,"['datastructures', 'twopointers']",2000-2399
13A,,1000,"implementation,math","Little Petya likes numbers a lot. He found that number 123 in base 16 consists of two digits: the first is 7 and the second is 11. So the sum of digits of 123 in base 16 is equal to 18.

Now he wonders what is an average value of sum of digits of the number A written in all bases from 2 to A - 1.

Note that all computations should be done in base 10. You should find the result as an irreducible fraction, written in base 10.

Input contains one integer number A (3 ≤ A ≤ 1000).

Output should contain required average value in format «X/Y», where X is the numerator and Y is the denominator.

In the first sample number 5 written in all bases from 2 to 4 looks so: 101, 12, 11. Sums of digits are 2, 3 and 2, respectively.",,,"['implementation', 'math']",800-1199
177B2,,1200,numbertheory,"The Smart Beaver from ABBYY decided to have a day off. But doing nothing the whole day turned out to be too boring, and he decided to play a game with pebbles. Initially, the Beaver has n pebbles. He arranges them in a equal rows, each row has b pebbles (a > 1). Note that the Beaver must use all the pebbles he has, i. e. n = a·b.

Once the Smart Beaver has arranged the pebbles, he takes back any of the resulting rows (that is, b pebbles) and discards all other pebbles. Then he arranges all his pebbles again (possibly choosing other values of a and b) and takes back one row, and so on. The game continues until at some point the Beaver ends up with exactly one pebble. 

The game process can be represented as a finite sequence of integers c1, ..., ck, where: 

The result of the game is the sum of numbers ci. You are given n. Find the maximum possible result of the game.

The single line of the input contains a single integer n — the initial number of pebbles the Smart Beaver has.

The input limitations for getting 30 points are: 

The input limitations for getting 100 points are: 

Print a single number — the maximum possible result of the game.

Consider the first example (c1 = 10). The possible options for the game development are:",,,['numbertheory'],1200-1599
791C,,1500,"constructivealgorithms,greedy","In the army, it isn't easy to form a group of soldiers that will be effective on the battlefield. The communication is crucial and thus no two soldiers should share a name (what would happen if they got an order that Bob is a scouter, if there are two Bobs?).

A group of soldiers is effective if and only if their names are different. For example, a group (John, Bob, Limak) would be effective, while groups (Gary, Bob, Gary) and (Alice, Alice) wouldn't.

You are a spy in the enemy's camp. You noticed n soldiers standing in a row, numbered 1 through n. The general wants to choose a group of k consecutive soldiers. For every k consecutive soldiers, the general wrote down whether they would be an effective group or not.

You managed to steal the general's notes, with n - k + 1 strings s1, s2, ..., sn - k + 1, each either ""YES"" or ""NO"". 

Your task is to find possible names of n soldiers. Names should match the stolen notes. Each name should be a string that consists of between 1 and 10 English letters, inclusive. The first letter should be uppercase, and all other letters should be lowercase. Names don't have to be existing names — it's allowed to print ""Xyzzzdj"" or ""T"" for example.

Find and print any solution. It can be proved that there always exists at least one solution.

The first line of the input contains two integers n and k (2 ≤ k ≤ n ≤ 50) — the number of soldiers and the size of a group respectively.

The second line contains n - k + 1 strings s1, s2, ..., sn - k + 1. The string si is ""YES"" if the group of soldiers i through i + k - 1 is effective, and ""NO"" otherwise.

Find any solution satisfying all given conditions. In one line print n space-separated strings, denoting possible names of soldiers in the order. The first letter of each name should be uppercase, while the other letters should be lowercase. Each name should contain English letters only and has length from 1 to 10.

If there are multiple valid solutions, print any of them.

In the first sample,",,,"['constructivealgorithms', 'greedy']",1200-1599
1354B,,1200,"binarysearch,dp,implementation,twopointers","You are given a string $$s$ such that each its character is either 1, 2, or 3. You have to choose the shortest contiguous substring of $s$ such that it contains each of these three characters at least once.

A contiguous substring of string $s$ is a string that can be obtained from $s$ by removing some (possibly zero) characters from the beginning of $s$ and some (possibly zero) characters from the end of $s$.

The first line contains one integer $t$ ($1 \le t \le 20000$) — the number of test cases.

Each test case consists of one line containing the string $s$ ($1 \le |s| \le 200000$). It is guaranteed that each character of $s$ is either 1, 2, or 3.

The sum of lengths of all strings in all test cases does not exceed $200000$.

For each test case, print one integer — the length of the shortest contiguous substring of $s$ containing all three types of characters at least once. If there is no such substring, print $0$ instead.

Consider the example test:

In the first test case, the substring 123 can be used.

In the second test case, the substring 213 can be used.

In the third test case, the substring 1223 can be used.

In the fourth test case, the substring 3221 can be used.

In the fifth test case, there is no character 3 in $s$.

In the sixth test case, there is no character 1 in $s$$.

In the seventh test case, the substring 3112 can be used.",,,"['binarysearch', 'dp', 'implementation', 'twopointers']",1200-1599
1086B,,1700,"greedy,implementation,trees","You are given a tree (an undirected connected graph without cycles) and an integer $$s$.

Vanya wants to put weights on all edges of the tree so that all weights are non-negative real numbers and their sum is $s$. At the same time, he wants to make the diameter of the tree as small as possible.

Let's define the diameter of a weighed tree as the maximum sum of the weights of the edges lying on the path between two some vertices of the tree. In other words, the diameter of a weighed tree is the length of the longest simple path in the tree, where length of a path is equal to the sum of weights over all edges in the path.

Find the minimum possible diameter that Vanya can get.

The first line contains two integer numbers $n$ and $s$ ($2 \leq n \leq 10^5$, $1 \leq s \leq 10^9$) — the number of vertices in the tree and the sum of edge weights.

Each of the following $n−1$ lines contains two space-separated integer numbers $a_i$ and $b_i$ ($1 \leq a_i, b_i \leq n$, $a_i \neq b_i$) — the indexes of vertices connected by an edge. The edges are undirected.

It is guaranteed that the given edges form a tree.

Print the minimum diameter of the tree that Vanya can get by placing some non-negative real weights on its edges with the sum equal to $s$.

Your answer will be considered correct if its absolute or relative error does not exceed $10^{-6}$.

Formally, let your answer be $a$, and the jury's answer be $b$. Your answer is considered correct if $\frac {|a-b|} {max(1, b)} \leq 10^{-6}$.

In the first example it is necessary to put weights like this:

It is easy to see that the diameter of this tree is $2$$. It can be proved that it is the minimum possible diameter.

In the second example it is necessary to put weights like this:",,,"['greedy', 'implementation', 'trees']",1600-1999
831D,,1800,"binarysearch,bruteforce,dp,greedy","There are n people and k keys on a straight line. Every person wants to get to the office which is located on the line as well. To do that, he needs to reach some point with a key, take the key and then go to the office. Once a key is taken by somebody, it couldn't be taken by anybody else.

You are to determine the minimum time needed for all n people to get to the office with keys. Assume that people move a unit distance per 1 second. If two people reach a key at the same time, only one of them can take the key. A person can pass through a point with a key without taking it.

The first line contains three integers n, k and p (1 ≤ n ≤ 1 000, n ≤ k ≤ 2 000, 1 ≤ p ≤ 109) — the number of people, the number of keys and the office location.

The second line contains n distinct integers a1, a2, ..., an (1 ≤ ai ≤ 109) — positions in which people are located initially. The positions are given in arbitrary order.

The third line contains k distinct integers b1, b2, ..., bk (1 ≤ bj ≤ 109) — positions of the keys. The positions are given in arbitrary order.

Note that there can't be more than one person or more than one key in the same point. A person and a key can be located in the same point.

Print the minimum time (in seconds) needed for all n to reach the office with keys.

In the first example the person located at point 20 should take the key located at point 40 and go with it to the office located at point 50. He spends 30 seconds. The person located at point 100 can take the key located at point 80 and go to the office with it. He spends 50 seconds. Thus, after 50 seconds everybody is in office with keys.",,,"['binarysearch', 'bruteforce', 'dp', 'greedy']",1600-1999
1098A,,1600,"constructivealgorithms,dfsandsimilar,greedy,trees","Mitya has a rooted tree with $$n$ vertices indexed from $1$ to $n$, where the root has index $1$. Each vertex $v$ initially had an integer number $a_v \ge 0$ written on it. For every vertex $v$ Mitya has computed $s_v$: the sum of all values written on the vertices on the path from vertex $v$ to the root, as well as $h_v$ — the depth of vertex $v$, which denotes the number of vertices on the path from vertex $v$ to the root. Clearly, $s_1=a_1$ and $h_1=1$.

Then Mitya erased all numbers $a_v$, and by accident he also erased all values $s_v$ for vertices with even depth (vertices with even $h_v$). Your task is to restore the values $a_v$ for every vertex, or determine that Mitya made a mistake. In case there are multiple ways to restore the values, you're required to find one which minimizes the total sum of values $a_v$ for all vertices in the tree.

The first line contains one integer $n$ — the number of vertices in the tree ($2 \le n \le 10^5$). The following line contains integers $p_2$, $p_3$, ... $p_n$, where $p_i$ stands for the parent of vertex with index $i$ in the tree ($1 \le p_i < i$). The last line contains integer values $s_1$, $s_2$, ..., $s_n$ ($-1 \le s_v \le 10^9$), where erased values are replaced by $-1$.

Output one integer — the minimum total sum of all values $a_v$ in the original tree, or $-1$$ if such tree does not exist.",,,"['constructivealgorithms', 'dfsandsimilar', 'greedy', 'trees']",1600-1999
352D,,1900,math,"Jeff has become friends with Furik. Now these two are going to play one quite amusing game.

At the beginning of the game Jeff takes a piece of paper and writes down a permutation consisting of n numbers: p1, p2, ..., pn. Then the guys take turns to make moves, Jeff moves first. During his move, Jeff chooses two adjacent permutation elements and then the boy swaps them. During his move, Furic tosses a coin and if the coin shows ""heads"" he chooses a random pair of adjacent elements with indexes i and i + 1, for which an inequality pi > pi + 1 holds, and swaps them. But if the coin shows ""tails"", Furik chooses a random pair of adjacent elements with indexes i and i + 1, for which the inequality pi < pi + 1 holds, and swaps them. If the coin shows ""heads"" or ""tails"" and Furik has multiple ways of adjacent pairs to take, then he uniformly takes one of the pairs. If Furik doesn't have any pair to take, he tosses a coin one more time. The game ends when the permutation is sorted in the increasing order.

Jeff wants the game to finish as quickly as possible (that is, he wants both players to make as few moves as possible). Help Jeff find the minimum mathematical expectation of the number of moves in the game if he moves optimally well.

You can consider that the coin shows the heads (or tails) with the probability of 50 percent.

The first line contains integer n (1 ≤ n ≤ 3000). The next line contains n distinct integers p1, p2, ..., pn (1 ≤ pi ≤ n) — the permutation p. The numbers are separated by spaces.

In a single line print a single real value — the answer to the problem. The answer will be considered correct if the absolute or relative error doesn't exceed 10 - 6.

In the first test the sequence is already sorted, so the answer is 0.",,,['math'],1600-1999
1172B,,1900,"combinatorics,dfsandsimilar,dp,trees","Nauuo is a girl who loves drawing circles.

One day she has drawn a circle and wanted to draw a tree on it.

The tree is a connected undirected graph consisting of $$n$ nodes and $n-1$ edges. The nodes are numbered from $1$ to $n$.

Nauuo wants to draw a tree on the circle, the nodes of the tree should be in $n$ distinct points on the circle, and the edges should be straight without crossing each other.

""Without crossing each other"" means that every two edges have no common point or the only common point is an endpoint of both edges.

Nauuo wants to draw the tree using a permutation of $n$ elements. A permutation of $n$ elements is a sequence of integers $p_1,p_2,\ldots,p_n$ in which every integer from $1$ to $n$ appears exactly once.

After a permutation is chosen Nauuo draws the $i$-th node in the $p_i$-th point on the circle, then draws the edges connecting the nodes.

The tree is given, Nauuo wants to know how many permutations are there so that the tree drawn satisfies the rule (the edges are straight without crossing each other). She only wants to know the answer modulo $998244353$, can you help her?

It is obvious that whether a permutation is valid or not does not depend on which $n$ points on the circle are chosen.

The first line contains a single integer $n$ ($2\le n\le 2\cdot 10^5$) — the number of nodes in the tree.

Each of the next $n-1$ lines contains two integers $u$ and $v$ ($1\le u,v\le n$), denoting there is an edge between $u$ and $v$.

It is guaranteed that the given edges form a tree.

The output contains a single integer — the number of permutations suitable to draw the given tree on a circle satisfying the rule, modulo $998244353$.

Example 1

All valid permutations and their spanning trees are as follows.

Here is an example of invalid permutation: the edges $(1,3)$ and $(2,4)$ are crossed.

Example 2

Every permutation leads to a valid tree, so the answer is $4! = 24$$.",,,"['combinatorics', 'dfsandsimilar', 'dp', 'trees']",1600-1999
1520F1,,1600,"binarysearch,interactive","This is an interactive problem.

This is an easy version of the problem. The difference from the hard version is that in the easy version $$t=1$ and the number of queries is limited to $20$.

Polycarp is playing a computer game. In this game, an array consisting of zeros and ones is hidden. Polycarp wins if he guesses the position of the $k$-th zero from the left $t$ times.

Polycarp can make no more than $20$ requests of the following type: 

In this (easy version) of the problem, this paragraph doesn't really make sense since $t=1$ always. To make the game more interesting, each guessed zero turns into one and the game continues on the changed array. More formally, if the position of the $k$-th zero was $x$, then after Polycarp guesses this position, the $x$-th element of the array will be replaced from $0$ to $1$. Of course, this feature affects something only for $t>1$.

Help Polycarp win the game.

First, your program must read two integers $n$ and $t$ ($1 \le n \le 2 \cdot 10^5$, $t=1$).

Then $t$ lines follow, each of which contains one integer $k$ ($1 \le k \le n$). It is guaranteed that at the moment of the request the array contains at least $k$ zeros. In order to get the next value of $k$, you must output the answer for the current value of $k$.

After that, you can make no more than $20$ requests.

Use the following format to output the answer (it is not a request, it doesn't count in $20$): 

Positions in the array are numbered from left to right from $1$ to $n$ inclusive.

After printing $t$ answers, your program should exit immediately.

In this task, the interactor is not adaptive. This means that within the same test, the hidden array and the queries do not change.

In case of an incorrect query, -1 will be displayed. When this value is received, your program must immediately exit normally (for example, by calling exit(0)), otherwise, the testing system may issue an arbitrary verdict.

If the number of requests is exceeded, the verdict wrong answer ",,,"['binarysearch', 'interactive']",1600-1999
1158A,,1500,"binarysearch,constructivealgorithms,greedy,implementation,math,sortings,twopointers","$$n$ boys and $m$ girls came to the party. Each boy presented each girl some integer number of sweets (possibly zero). All boys are numbered with integers from $1$ to $n$ and all girls are numbered with integers from $1$ to $m$. For all $1 \leq i \leq n$ the minimal number of sweets, which $i$-th boy presented to some girl is equal to $b_i$ and for all $1 \leq j \leq m$ the maximal number of sweets, which $j$-th girl received from some boy is equal to $g_j$.

More formally, let $a_{i,j}$ be the number of sweets which the $i$-th boy give to the $j$-th girl. Then $b_i$ is equal exactly to the minimum among values $a_{i,1}, a_{i,2}, \ldots, a_{i,m}$ and $g_j$ is equal exactly to the maximum among values $b_{1,j}, b_{2,j}, \ldots, b_{n,j}$.

You are interested in the minimum total number of sweets that boys could present, so you need to minimize the sum of $a_{i,j}$ for all $(i,j)$ such that $1 \leq i \leq n$ and $1 \leq j \leq m$. You are given the numbers $b_1, \ldots, b_n$ and $g_1, \ldots, g_m$, determine this number. 

The first line contains two integers $n$ and $m$, separated with space — the number of boys and girls, respectively ($2 \leq n, m \leq 100\,000$). The second line contains $n$ integers $b_1, \ldots, b_n$, separated by spaces — $b_i$ is equal to the minimal number of sweets, which $i$-th boy presented to some girl ($0 \leq b_i \leq 10^8$). The third line contains $m$ integers $g_1, \ldots, g_m$, separated by spaces — $g_j$ is equal to the maximal number of sweets, which $j$-th girl received from some boy ($0 \leq g_j \leq 10^8$).

If the described situation is impossible, print $-1$. In another case, print the minimal total number of sweets, which boys could have presented and all conditions could have satisfied.

In the first test, the minimal total number of sweets, which boys could have presented is equal to $12$. This can be possible, for example, if the first boy presented $1$ and $4$ sweets, the second boy presented $3$ and $2$ sweets and the th",,,"['binarysearch', 'constructivealgorithms', 'greedy', 'implementation', 'math', 'sortings', 'twopointers']",1200-1599
546D,,1700,"constructivealgorithms,dp,math,numbertheory","Two soldiers are playing a game. At the beginning first of them chooses a positive integer n and gives it to the second soldier. Then the second one tries to make maximum possible number of rounds. Each round consists of choosing a positive integer x > 1, such that n is divisible by x and replacing n with n / x. When n becomes equal to 1 and there is no more possible valid moves the game is over and the score of the second soldier is equal to the number of rounds he performed.

To make the game more interesting, first soldier chooses n of form a! / b! for some positive integer a and b (a ≥ b). Here by k! we denote the factorial of k that is defined as a product of all positive integers not large than k.

What is the maximum possible score of the second soldier?

First line of input consists of single integer t (1 ≤ t ≤ 1 000 000) denoting number of games soldiers play.

Then follow t lines, each contains pair of integers a and b (1 ≤ b ≤ a ≤ 5 000 000) defining the value of n for a game.

For each game output a maximum score that the second soldier can get.",,,"['constructivealgorithms', 'dp', 'math', 'numbertheory']",1600-1999
159D,,1500,"bruteforce,dp,strings","You are given a non-empty string s consisting of lowercase letters. Find the number of pairs of non-overlapping palindromic substrings of this string.

In a more formal way, you have to find the quantity of tuples (a, b, x, y) such that 1 ≤ a ≤ b < x ≤ y ≤ |s| and substrings s[a... b], s[x... y] are palindromes.

A palindrome is a string that can be read the same way from left to right and from right to left. For example, ""abacaba"", ""z"", ""abba"" are palindromes.

A substring s[i... j] (1 ≤ i ≤ j ≤ |s|) of string s = s1s2... s|s| is a string sisi + 1... sj. For example, substring s[2...4] of string s = ""abacaba"" equals ""bac"".

The first line of input contains a non-empty string s which consists of lowercase letters ('a'...'z'), s contains at most 2000 characters.

Output a single number — the quantity of pairs of non-overlapping palindromic substrings of s.

Please do not use the %lld format specifier to read or write 64-bit integers in С++. It is preferred to use cin, cout streams or the %I64d format specifier.",,,"['bruteforce', 'dp', 'strings']",1200-1599
134C,,2200,"constructivealgorithms,graphs,greedy","There are n players sitting at a round table. All of them have s cards of n colors in total. Besides, initially the first person had cards of only the first color, the second one had cards of only the second color and so on. They can swap the cards by the following rules: 

The aim of all n people is as follows: each of them should give out all the cards he had initially (that is, all cards of his color). Your task is to denote whether such sequence of swaps is possible. If the answer is positive, you should list all the swaps.

The first line contains integers n (1 ≤ n ≤ 200000) and s (1 ≤ s ≤ 200000). The second line contains n numbers, the i-th number stands for how many cards the i-th player has by the moment the game starts. It is possible that a player has no cards initially.

On the first line print ""No"" if such sequence of swaps is impossible. Otherwise, print ""Yes"". If the answer is positive, next print number k — the number of the swaps. Then on k lines describe the swaps by pairs of indices of the swapping players. Print the swaps and the numbers of the swaps in any order.",,,"['constructivealgorithms', 'graphs', 'greedy']",2000-2399
566F,,1500,"dp,math,numbertheory","As you must know, the maximum clique problem in an arbitrary graph is NP-hard. Nevertheless, for some graphs of specific kinds it can be solved effectively.

Just in case, let us remind you that a clique in a non-directed graph is a subset of the vertices of a graph, such that any two vertices of this subset are connected by an edge. In particular, an empty set of vertexes and a set consisting of a single vertex, are cliques.

Let's define a divisibility graph for a set of positive integers A = {a1, a2, ..., an} as follows. The vertices of the given graph are numbers from set A, and two numbers ai and aj (i ≠ j) are connected by an edge if and only if either ai is divisible by aj, or aj is divisible by ai.

You are given a set of non-negative integers A. Determine the size of a maximum clique in a divisibility graph for set A.

The first line contains integer n (1 ≤ n ≤ 106), that sets the size of set A.

The second line contains n distinct positive integers a1, a2, ..., an (1 ≤ ai ≤ 106) — elements of subset A. The numbers in the line follow in the ascending order.

Print a single number — the maximum size of a clique in a divisibility graph for set A.

In the first sample test a clique of size 3 is, for example, a subset of vertexes {3, 6, 18}. A clique of a larger size doesn't exist in this graph.",,,"['dp', 'math', 'numbertheory']",1200-1599
1486B,,1500,"binarysearch,geometry,shortestpaths,sortings","You and your friends live in $$n$ houses. Each house is located on a 2D plane, in a point with integer coordinates. There might be different houses located in the same point. The mayor of the city is asking you for places for the building of the Eastern exhibition. You have to find the number of places (points with integer coordinates), so that the summary distance from all the houses to the exhibition is minimal. The exhibition can be built in the same point as some house. The distance between two points $(x_1, y_1)$ and $(x_2, y_2)$ is $|x_1 - x_2| + |y_1 - y_2|$, where $|x|$ is the absolute value of $x$. 

First line contains a single integer $t$ $(1 \leq t \leq 1000)$ — the number of test cases.

The first line of each test case contains a single integer $n$ $(1 \leq n \leq 1000)$. Next $n$ lines describe the positions of the houses $(x_i, y_i)$ $(0 \leq x_i, y_i \leq 10^9)$.

It's guaranteed that the sum of all $n$ does not exceed $1000$.

For each test case output a single integer - the number of different positions for the exhibition. The exhibition can be built in the same point as some house.

Here are the images for the example test cases. Blue dots stand for the houses, green — possible positions for the exhibition.

First test case.

Second test case. 

Third test case. 

Fourth test case. 

Fifth test case. 

Sixth test case. Here both houses are located at $(0, 0)$$.",,,"['binarysearch', 'geometry', 'shortestpaths', 'sortings']",1200-1599
270E,,2100,"dfsandsimilar,sortings","Emuskald considers himself a master of flow algorithms. Now he has completed his most ingenious program yet — it calculates the maximum flow in an undirected graph. The graph consists of n vertices and m edges. Vertices are numbered from 1 to n. Vertices 1 and n being the source and the sink respectively.

However, his max-flow algorithm seems to have a little flaw — it only finds the flow volume for each edge, but not its direction. Help him find for each edge the direction of the flow through this edges. Note, that the resulting flow should be correct maximum flow.

More formally. You are given an undirected graph. For each it's undirected edge (ai, bi) you are given the flow volume ci. You should direct all edges in such way that the following conditions hold:

The first line of input contains two space-separated integers n and m (2 ≤ n ≤ 2·105, n - 1 ≤ m ≤ 2·105), the number of vertices and edges in the graph. The following m lines contain three space-separated integers ai, bi and ci (1 ≤ ai, bi ≤ n, ai ≠ bi, 1 ≤ ci ≤ 104), which means that there is an undirected edge from ai to bi with flow volume ci.

It is guaranteed that there are no two edges connecting the same vertices; the given graph is connected; a solution always exists.

Output m lines, each containing one integer di, which should be 0 if the direction of the i-th edge is ai → bi (the flow goes from vertex ai to vertex bi) and should be 1 otherwise. The edges are numbered from 1 to m in the order they are given in the input.

If there are several solutions you can print any of them.

In the first test case, 10 flow units pass through path , and 5 flow units pass directly from source to sink: .",,,"['dfsandsimilar', 'sortings']",2000-2399
919D,,1700,"dfsandsimilar,dp,graphs","You are given a graph with $$n$ nodes and $m$ directed edges. One lowercase letter is assigned to each node. We define a path's value as the number of the most frequently occurring letter. For example, if letters on a path are ""abaca"", then the value of that path is $3$. Your task is find a path whose value is the largest.

The first line contains two positive integers $n, m$ ($1 \leq n, m \leq 300\,000$), denoting that the graph has $n$ nodes and $m$ directed edges.

The second line contains a string $s$ with only lowercase English letters. The $i$-th character is the letter assigned to the $i$-th node.

Then $m$ lines follow. Each line contains two integers $x, y$ ($1 \leq x, y \leq n$), describing a directed edge from $x$ to $y$. Note that $x$ can be equal to $y$ and there can be multiple edges between $x$ and $y$. Also the graph can be not connected.

Output a single line with a single integer denoting the largest value. If the value can be arbitrarily large, output -1 instead.

In the first sample, the path with largest value is $1 \to 3 \to 4 \to 5$. The value is $3$ because the letter 'a' appears $3$$ times.",,,"['dfsandsimilar', 'dp', 'graphs']",1600-1999
668F,,2300,dp,"Little Artem is given a graph, constructed as follows: start with some k-clique, then add new vertices one by one, connecting them to k already existing vertices that form a k-clique.

Artem wants to count the number of spanning trees in this graph modulo 109 + 7.

First line of the input contains two integers n and k (1 ≤ n ≤ 10 000, 1 ≤ k ≤ min(n, 5)) — the total size of the graph and the size of the initial clique, respectively.

Next n - k lines describe k + 1-th, k + 2-th, ..., i-th, ..., n-th vertices by listing k distinct vertex indices 1 ≤ aij < i it is connected to. It is guaranteed that those vertices form a k-clique.

Output a single integer — the number of spanning trees in the given graph modulo 109 + 7.",,,['dp'],2000-2399
1347E,,1600,constructivealgorithms,"A permutation of length $$n$ is an array $p=[p_1,p_2,\dots,p_n]$, which contains every integer from $1$ to $n$ (inclusive) and, moreover, each number appears exactly once. For example, $p=[3,1,4,2,5]$ is a permutation of length $5$.

For a given number $n$ ($n \ge 2$), find a permutation $p$ in which absolute difference (that is, the absolute value of difference) of any two neighboring (adjacent) elements is between $2$ and $4$, inclusive. Formally, find such permutation $p$ that $2 \le |p_i - p_{i+1}| \le 4$ for each $i$ ($1 \le i < n$).

Print any such permutation for the given integer $n$ or determine that it does not exist.

The first line contains an integer $t$ ($1 \le t \le 100$) — the number of test cases in the input. Then $t$ test cases follow.

Each test case is described by a single line containing an integer $n$ ($2 \le n \le 1000$).

Print $t$$ lines. Print a permutation that meets the given requirements. If there are several such permutations, then print any of them. If no such permutation exists, print -1.",,,['constructivealgorithms'],1600-1999
1400D,,1900,"bruteforce,combinatorics,datastructures,math,twopointers","You are given an array $$a_1, a_2 \dots a_n$. Calculate the number of tuples $(i, j, k, l)$ such that: 

The first line contains a single integer $t$ ($1 \le t \le 100$) — the number of test cases.

The first line of each test case contains a single integer $n$ ($4 \le n \le 3000$) — the size of the array $a$.

The second line of each test case contains $n$ integers $a_1, a_2, \dots, a_n$ ($1 \le a_i \le n$) — the array $a$.

It's guaranteed that the sum of $n$ in one test doesn't exceed $3000$.

For each test case, print the number of described tuples.

In the first test case, for any four indices $i < j < k < l$ are valid, so the answer is the number of tuples.

In the second test case, there are $2$$ valid tuples:",,,"['bruteforce', 'combinatorics', 'datastructures', 'math', 'twopointers']",1600-1999
1078A,,1900,"geometry,implementation,math,shortestpaths","In this problem we consider a very simplified model of Barcelona city.

Barcelona can be represented as a plane with streets of kind $$x = c$ and $y = c$ for every integer $c$ (that is, the rectangular grid). However, there is a detail which makes Barcelona different from Manhattan. There is an avenue called Avinguda Diagonal which can be represented as a the set of points $(x, y)$ for which $ax + by + c = 0$.

One can walk along streets, including the avenue. You are given two integer points $A$ and $B$ somewhere in Barcelona. Find the minimal possible distance one needs to travel to get to $B$ from $A$.

The first line contains three integers $a$, $b$ and $c$ ($-10^9\leq a, b, c\leq 10^9$, at least one of $a$ and $b$ is not zero) representing the Diagonal Avenue.

The next line contains four integers $x_1$, $y_1$, $x_2$ and $y_2$ ($-10^9\leq x_1, y_1, x_2, y_2\leq 10^9$) denoting the points $A = (x_1, y_1)$ and $B = (x_2, y_2)$.

Find the minimum possible travel distance between $A$ and $B$. Your answer is considered correct if its absolute or relative error does not exceed $10^{-6}$.

Formally, let your answer be $a$, and the jury's answer be $b$. Your answer is accepted if and only if $\frac{|a - b|}{\max{(1, |b|)}} \le 10^{-6}$$.

The first example is shown on the left picture while the second example us shown on the right picture below. The avenue is shown with blue, the origin is shown with the black dot.",,,"['geometry', 'implementation', 'math', 'shortestpaths']",1600-1999
1450D,,1800,"binarysearch,datastructures,greedy,implementation,twopointers","On the competitive programming platform CodeCook, every person has a rating graph described by an array of integers $$a$ of length $n$. You are now updating the infrastructure, so you've created a program to compress these graphs.

The program works as follows. Given an integer parameter $k$, the program takes the minimum of each contiguous subarray of length $k$ in $a$.

More formally, for an array $a$ of length $n$ and an integer $k$, define the $k$-compression array of $a$ as an array $b$ of length $n-k+1$, such that $$$$b_j =\min_{j\le i\le j+k-1}a_i$$$$

For example, the $3$-compression array of $[1, 3, 4, 5, 2]$ is $[\min\{1, 3, 4\}, \min\{3, 4, 5\}, \min\{4, 5, 2\}]=[1, 3, 2].$

A permutation of length $m$ is an array consisting of $m$ distinct integers from $1$ to $m$ in arbitrary order. For example, $[2,3,1,5,4]$ is a permutation, but $[1,2,2]$ is not a permutation ($2$ appears twice in the array) and $[1,3,4]$ is also not a permutation ($m=3$ but there is $4$ in the array).

A $k$-compression array will make CodeCook users happy if it will be a permutation. Given an array $a$, determine for all $1\leq k\leq n$ if CodeCook users will be happy after a $k$-compression of this array or not.

The first line contains a single integer $t$ ($1\leq t\leq 10^4$) — the number of test cases.

The first line of the description of each test case contains a single integer $n$ ($1\leq n\leq 3\cdot 10^5$) — the length of the array.

The second line of the description of each test case contains $n$ integers $a_1,\ldots,a_n$ ($1\leq a_i\leq n$) — the elements of the array.

It is guaranteed, that the sum of $n$ for all test cases does not exceed $3\cdot 10^5$.

For each test case, print a binary string of length $n$. 

The $k$-th character of the string should be $1$ if CodeCook users will be happy after a $k$-compression of the array $a$, and $0$ otherwise. 

In the first test case, $a=[1, 5, 3, 4, 2]$$.",,,"['binarysearch', 'datastructures', 'greedy', 'implementation', 'twopointers']",1600-1999
907C,,1600,"bitmasks,implementation,strings","Valentin participates in a show called ""Shockers"". The rules are quite easy: jury selects one letter which Valentin doesn't know. He should make a small speech, but every time he pronounces a word that contains the selected letter, he receives an electric shock. He can make guesses which letter is selected, but for each incorrect guess he receives an electric shock too. The show ends when Valentin guesses the selected letter correctly.

Valentin can't keep in mind everything, so he could guess the selected letter much later than it can be uniquely determined and get excessive electric shocks. Excessive electric shocks are those which Valentin got after the moment the selected letter can be uniquely determined. You should find out the number of excessive electric shocks.

The first line contains a single integer n (1 ≤ n ≤ 105) — the number of actions Valentin did.

The next n lines contain descriptions of his actions, each line contains description of one action. Each action can be of one of three types: 

All words consist only of lowercase English letters. The total length of all words does not exceed 105.

It is guaranteed that last action is a guess about the selected letter. Also, it is guaranteed that Valentin didn't make correct guesses about the selected letter before the last action. Moreover, it's guaranteed that if Valentin got an electric shock after pronouncing some word, then it contains the selected letter; and also if Valentin didn't get an electric shock after pronouncing some word, then it does not contain the selected letter.

Output a single integer — the number of electric shocks that Valentin could have avoided if he had told the selected letter just after it became uniquely determined.

In the first test case after the first action it becomes clear that the selected letter is one of the following: a, b, c. After the second action we can note that the selected letter is not a. Valentin tells word ""b"" and doesn't get a shock. After that it is cl",,,"['bitmasks', 'implementation', 'strings']",1600-1999
569C,,1600,"binarysearch,bruteforce,math,numbertheory","Rikhail Mubinchik believes that the current definition of prime numbers is obsolete as they are too complex and unpredictable. A palindromic number is another matter. It is aesthetically pleasing, and it has a number of remarkable properties. Help Rikhail to convince the scientific community in this!

Let us remind you that a number is called prime if it is integer larger than one, and is not divisible by any positive integer other than itself and one.

Rikhail calls a number a palindromic if it is integer, positive, and its decimal representation without leading zeros is a palindrome, i.e. reads the same from left to right and right to left.

One problem with prime numbers is that there are too many of them. Let's introduce the following notation: π(n) — the number of primes no larger than n, rub(n) — the number of palindromic numbers no larger than n. Rikhail wants to prove that there are a lot more primes than palindromic ones.

He asked you to solve the following problem: for a given value of the coefficient A find the maximum n, such that π(n) ≤ A·rub(n).

The input consists of two positive integers p, q, the numerator and denominator of the fraction that is the value of A (, ).

If such maximum number exists, then print it. Otherwise, print ""Palindromic tree is better than splay tree"" (without the quotes).",,,"['binarysearch', 'bruteforce', 'math', 'numbertheory']",1600-1999
218A,,1100,"bruteforce,constructivealgorithms,implementation","Little Bolek has found a picture with n mountain peaks painted on it. The n painted peaks are represented by a non-closed polyline, consisting of 2n segments. The segments go through 2n + 1 points with coordinates (1, y1), (2, y2), ..., (2n + 1, y2n + 1), with the i-th segment connecting the point (i, yi) and the point (i + 1, yi + 1). For any even i (2 ≤ i ≤ 2n) the following condition holds: yi - 1 < yi and yi > yi + 1. 

We shall call a vertex of a polyline with an even x coordinate a mountain peak.

Bolek fancied a little mischief. He chose exactly k mountain peaks, rubbed out the segments that went through those peaks and increased each peak's height by one (that is, he increased the y coordinate of the corresponding points). Then he painted the missing segments to get a new picture of mountain peaks. Let us denote the points through which the new polyline passes on Bolek's new picture as (1, r1), (2, r2), ..., (2n + 1, r2n + 1).

Given Bolek's final picture, restore the initial one.

The first line contains two space-separated integers n and k (1 ≤ k ≤ n ≤ 100). The next line contains 2n + 1 space-separated integers r1, r2, ..., r2n + 1 (0 ≤ ri ≤ 100) — the y coordinates of the polyline vertices on Bolek's picture.

It is guaranteed that we can obtain the given picture after performing the described actions on some picture of mountain peaks.

Print 2n + 1 integers y1, y2, ..., y2n + 1 — the y coordinates of the vertices of the polyline on the initial picture. If there are multiple answers, output any one of them.",,,"['bruteforce', 'constructivealgorithms', 'implementation']",800-1199
320B,,1500,"dfsandsimilar,graphs","In this problem at each moment you have a set of intervals. You can move from interval (a, b) from our set to interval (c, d) from our set if and only if c < a < d or c < b < d. Also there is a path from interval I1 from our set to interval I2 from our set if there is a sequence of successive moves starting from I1 so that we can reach I2.

Your program should handle the queries of the following two types:

Answer all the queries. Note, that initially you have an empty set of intervals.

The first line of the input contains integer n denoting the number of queries, (1 ≤ n ≤ 100). Each of the following lines contains a query as described above. All numbers in the input are integers and don't exceed 109 by their absolute value.

It's guaranteed that all queries are correct.

For each query of the second type print ""YES"" or ""NO"" on a separate line depending on the answer.",,,"['dfsandsimilar', 'graphs']",1200-1599
1358C,,1600,math,"During the quarantine, Sicromoft has more free time to create the new functions in ""Celex-2021"". The developers made a new function GAZ-GIZ, which infinitely fills an infinite table to the right and down from the upper left corner as follows:

The developers of the SUM function don't sleep either. Because of the boredom, they teamed up with the developers of the RAND function, so they added the ability to calculate the sum on an arbitrary path from one cell to another, moving down or right. Formally, from the cell $$(x,y)$ in one step you can move to the cell $(x+1, y)$ or $(x, y+1)$. 

After another Dinwows update, Levian started to study ""Celex-2021"" (because he wants to be an accountant!). After filling in the table with the GAZ-GIZ function, he asked you to calculate the quantity of possible different amounts on the path from a given cell $(x_1, y_1)$ to another given cell $(x_2, y_2$), if you can only move one cell down or right.

Formally, consider all the paths from the cell $(x_1, y_1)$ to cell $(x_2, y_2)$ such that each next cell in the path is located either to the down or to the right of the previous one. Calculate the number of different sums of elements for all such paths.

The first line contains one integer $t$ ($1 \le t \le 57179$) — the number of test cases.

Each of the following $t$ lines contains four natural numbers $x_1$, $y_1$, $x_2$, $y_2$ ($1 \le x_1 \le x_2 \le 10^9$, $1 \le y_1 \le y_2 \le 10^9$) — coordinates of the start and the end cells. 

For each test case, in a separate line, print the number of possible different sums on the way from the start cell to the end cell.

In the first test case there are two possible sums: $1+2+5=8$ and $1+3+5=9$$.",,,['math'],1600-1999
1296F,,2100,"constructivealgorithms,dfsandsimilar,greedy,sortings,trees","There are $$n$ railway stations in Berland. They are connected to each other by $n-1$ railway sections. The railway network is connected, i.e. can be represented as an undirected tree.

You have a map of that network, so for each railway section you know which stations it connects.

Each of the $n-1$ sections has some integer value of the scenery beauty. However, these values are not marked on the map and you don't know them. All these values are from $1$ to $10^6$ inclusive.

You asked $m$ passengers some questions: the $j$-th one told you three values:

You are planning to update the map and set some value $f_i$ on each railway section — the scenery beauty. The passengers' answers should be consistent with these values.

Print any valid set of values $f_1, f_2, \dots, f_{n-1}$, which the passengers' answer is consistent with or report that it doesn't exist.

The first line contains a single integer $n$ ($2 \le n \le 5000$) — the number of railway stations in Berland.

The next $n-1$ lines contain descriptions of the railway sections: the $i$-th section description is two integers $x_i$ and $y_i$ ($1 \le x_i, y_i \le n, x_i \ne y_i$), where $x_i$ and $y_i$ are the indices of the stations which are connected by the $i$-th railway section. All the railway sections are bidirected. Each station can be reached from any other station by the railway.

The next line contains a single integer $m$ ($1 \le m \le 5000$) — the number of passengers which were asked questions. Then $m$ lines follow, the $j$-th line contains three integers $a_j$, $b_j$ and $g_j$ ($1 \le a_j, b_j \le n$; $a_j \ne b_j$; $1 \le g_j \le 10^6$) — the departure station, the arrival station and the minimum scenery beauty along his path.

If there is no answer then print a single integer -1.

Otherwise, print $n-1$ integers $f_1, f_2, \dots, f_{n-1}$ ($1 \le f_i \le 10^6$), where $f_i$ is some valid scenery beauty along the $i$$-th railway section.

If there are multiple answers, you can print any of them",,,"['constructivealgorithms', 'dfsandsimilar', 'greedy', 'sortings', 'trees']",2000-2399
319D,,2800,"greedy,hashing,stringsuffixstructures,strings","A substring of a string is a contiguous subsequence of that string. So, string bca is substring of string abcabc, but string cc is not.

A repeating block is a string formed by concatenating some string with itself. So, string abcabc is a repeating block, but strings abcabd, ababab are not.

You've got a sequence of Latin characters (string). At each step you find the shortest substring that is a repeating block, if there exists more than one you must choose the leftmost. As the substring is of form XX (X — some string) you replace this substring with X, in other words you delete one of the X substrings in the substring. You repeat this process until there remains no repeating block in the string. 

How would the final string looks like? Look at the sample explanation to understand the statement more precise.

In the first line of input you're given a string of small Latin characters with length between 1 to 50000, inclusive.

Print the final string after applying changes.

At the first sample the string transforms as follows: abccabc  →  abcabc  →  abc.

At the second sample the string transforms as follows: aaaabaaab  →  aaabaaab  →  aabaaab  →  abaaab  →  abaab  →  abab  →  ab.",,,"['greedy', 'hashing', 'stringsuffixstructures', 'strings']",2800-9999
611E,,2400,"datastructures,greedy,sortings","Do you know the story about the three musketeers? Anyway, you must help them now.

Richelimakieu is a cardinal in the city of Bearis. He found three brave warriors and called them the three musketeers. Athos has strength a, Borthos strength b, and Caramis has strength c.

The year 2015 is almost over and there are still n criminals to be defeated. The i-th criminal has strength ti. It's hard to defeat strong criminals — maybe musketeers will have to fight together to achieve it.

Richelimakieu will coordinate musketeers' actions. In each hour each musketeer can either do nothing or be assigned to one criminal. Two or three musketeers can be assigned to the same criminal and then their strengths are summed up. A criminal can be defeated in exactly one hour (also if two or three musketeers fight him). Richelimakieu can't allow the situation where a criminal has strength bigger than the sum of strengths of musketeers fighting him — a criminal would win then!

In other words, there are three ways to defeat a criminal.

Richelimakieu doesn't want musketeers to fight during the New Year's Eve. Thus, he must coordinate their actions in order to minimize the number of hours till all criminals will be defeated.

Find the minimum number of hours to defeat all criminals. If musketeers can't defeat them all then print ""-1"" (without the quotes) instead.

The first line of the input contains a single integer n (1 ≤ n ≤ 200 000) — the number of criminals.

The second line contains three integers a, b and c (1 ≤ a, b, c ≤ 108) — strengths of musketeers.

The third line contains n integers t1, t2, ..., tn (1 ≤ ti ≤ 108) — strengths of criminals.

Print one line with the answer.

If it's impossible to defeat all criminals, print ""-1"" (without the quotes). Otherwise, print the minimum number of hours the three musketeers will spend on defeating all criminals.

In the first sample Athos has strength 10, Borthos 20, and Caramis 30. They can defeat all criminals in two hours:

In the sec",,,"['datastructures', 'greedy', 'sortings']",2400-2799
558D,,2300,"datastructures,implementation,sortings","Amr bought a new video game ""Guess Your Way Out! II"". The goal of the game is to find an exit from the maze that looks like a perfect binary tree of height h. The player is initially standing at the root of the tree and the exit from the tree is located at some leaf node.

Let's index all the nodes of the tree such that 

The level of a node is defined as 1 for a root, or 1 + level of parent of the node otherwise. The vertices of the level h are called leaves. The exit to the maze is located at some leaf node n, the player doesn't know where the exit is so he has to guess his way out! 

In the new version of the game the player is allowed to ask questions on the format ""Does the ancestor(exit, i) node number belong to the range [L, R]?"". Here ancestor(v, i) is the ancestor of a node v that located in the level i. The game will answer with ""Yes"" or ""No"" only. The game is designed such that it doesn't always answer correctly, and sometimes it cheats to confuse the player!.

Amr asked a lot of questions and got confused by all these answers, so he asked you to help him. Given the questions and its answers, can you identify whether the game is telling contradictory information or not? If the information is not contradictory and the exit node can be determined uniquely, output its number. If the information is not contradictory, but the exit node isn't defined uniquely, output that the number of questions is not sufficient. Otherwise output that the information is contradictory.

The first line contains two integers h, q (1 ≤ h ≤ 50, 0 ≤ q ≤ 105), the height of the tree and the number of questions respectively.

The next q lines will contain four integers each i, L, R, ans (1 ≤ i ≤ h, 2i - 1 ≤ L ≤ R ≤ 2i - 1, ), representing a question as described in the statement with its answer (ans = 1 if the answer is ""Yes"" and ans = 0 if the answer is ""No"").

If the information provided by the game is contradictory output ""Game cheated!"" without the quotes.

Else if you can uniquel",,,"['datastructures', 'implementation', 'sortings']",2000-2399
1277B,,1200,"greedy,numbertheory","There are $$n$ positive integers $a_1, a_2, \dots, a_n$. For the one move you can choose any even value $c$ and divide by two all elements that equal $c$.

For example, if $a=[6,8,12,6,3,12]$ and you choose $c=6$, and $a$ is transformed into $a=[3,8,12,3,3,12]$ after the move.

You need to find the minimal number of moves for transforming $a$ to an array of only odd integers (each element shouldn't be divisible by $2$).

The first line of the input contains one integer $t$ ($1 \le t \le 10^4$) — the number of test cases in the input. Then $t$ test cases follow.

The first line of a test case contains $n$ ($1 \le n \le 2\cdot10^5$) — the number of integers in the sequence $a$. The second line contains positive integers $a_1, a_2, \dots, a_n$ ($1 \le a_i \le 10^9$).

The sum of $n$ for all test cases in the input doesn't exceed $2\cdot10^5$.

For $t$ test cases print the answers in the order of test cases in the input. The answer for the test case is the minimal number of moves needed to make all numbers in the test case odd (i.e. not divisible by $2$).

In the first test case of the example, the optimal sequence of moves can be as follows:

Thus, all numbers became odd after $4$ moves. In $3$$ or fewer moves, you cannot make them all odd.",,,"['greedy', 'numbertheory']",1200-1599
256B,,1800,"binarysearch,bruteforce,math","Mr. Bender has a digital table of size n × n, each cell can be switched on or off. He wants the field to have at least c switched on squares. When this condition is fulfilled, Mr Bender will be happy.

We'll consider the table rows numbered from top to bottom from 1 to n, and the columns — numbered from left to right from 1 to n. Initially there is exactly one switched on cell with coordinates (x, y) (x is the row number, y is the column number), and all other cells are switched off. Then each second we switch on the cells that are off but have the side-adjacent cells that are on.

For a cell with coordinates (x, y) the side-adjacent cells are cells with coordinates (x - 1, y), (x + 1, y), (x, y - 1), (x, y + 1).

In how many seconds will Mr. Bender get happy?

The first line contains four space-separated integers n, x, y, c (1 ≤ n, c ≤ 109; 1 ≤ x, y ≤ n; c ≤ n2).

In a single line print a single integer — the answer to the problem.

Initially the first test has one painted cell, so the answer is 0. In the second test all events will go as is shown on the figure. .",,,"['binarysearch', 'bruteforce', 'math']",1600-1999
645A,,1200,"bruteforce,constructivealgorithms,implementation","Bessie the cow and her best friend Elsie each received a sliding puzzle on Pi Day. Their puzzles consist of a 2 × 2 grid and three tiles labeled 'A', 'B', and 'C'. The three tiles sit on top of the grid, leaving one grid cell empty. To make a move, Bessie or Elsie can slide a tile adjacent to the empty cell into the empty cell as shown below:

In order to determine if they are truly Best Friends For Life (BFFLs), Bessie and Elsie would like to know if there exists a sequence of moves that takes their puzzles to the same configuration (moves can be performed in both puzzles). Two puzzles are considered to be in the same configuration if each tile is on top of the same grid cell in both puzzles. Since the tiles are labeled with letters, rotations and reflections are not allowed.

The first two lines of the input consist of a 2 × 2 grid describing the initial configuration of Bessie's puzzle. The next two lines contain a 2 × 2 grid describing the initial configuration of Elsie's puzzle. The positions of the tiles are labeled 'A', 'B', and 'C', while the empty cell is labeled 'X'. It's guaranteed that both puzzles contain exactly one tile with each letter and exactly one empty position.

Output ""YES""(without quotes) if the puzzles can reach the same configuration (and Bessie and Elsie are truly BFFLs). Otherwise, print ""NO"" (without quotes).

The solution to the first sample is described by the image. All Bessie needs to do is slide her 'A' tile down.

In the second sample, the two puzzles can never be in the same configuration. Perhaps Bessie and Elsie are not meant to be friends after all...",,,"['bruteforce', 'constructivealgorithms', 'implementation']",1200-1599
186C,,1300,"dp,math,matrices,numbertheory","Dwarfs have planted a very interesting plant, which is a triangle directed ""upwards"". This plant has an amusing feature. After one year a triangle plant directed ""upwards"" divides into four triangle plants: three of them will point ""upwards"" and one will point ""downwards"". After another year, each triangle plant divides into four triangle plants: three of them will be directed in the same direction as the parent plant, and one of them will be directed in the opposite direction. Then each year the process repeats. The figure below illustrates this process.

Help the dwarfs find out how many triangle plants that point ""upwards"" will be in n years.

The first line contains a single integer n (0 ≤ n ≤ 1018) — the number of full years when the plant grew.

Please do not use the %lld specifier to read or write 64-bit integers in С++. It is preferred to use cin, cout streams or the %I64d specifier.

Print a single integer — the remainder of dividing the number of plants that will point ""upwards"" in n years by 1000000007 (109 + 7).

The first test sample corresponds to the second triangle on the figure in the statement. The second test sample corresponds to the third one.",,,"['dp', 'math', 'matrices', 'numbertheory']",1200-1599
79B,,1400,"implementation,sortings","Fox Ciel saw a large field while she was on a bus. The field was a n × m rectangle divided into 1 × 1 cells. Some cells were wasteland, and other each cell contained crop plants: either carrots or kiwis or grapes. 

After seeing the field carefully, Ciel found that the crop plants of each cell were planted in following procedure:

The following figure will show you the example of this procedure. Here, a white square represents a cultivated cell, and a black square represents a waste cell.

Now she is wondering how to determine the crop plants in some certain cells. 

In the first line there are four positive integers n, m, k, t (1 ≤ n ≤ 4·104, 1 ≤ m ≤ 4·104, 1 ≤ k ≤ 103, 1 ≤ t ≤ 103), each of which represents the height of the field, the width of the field, the number of waste cells and the number of queries that ask the kind of crop plants in a certain cell.

Following each k lines contains two integers a, b (1 ≤ a ≤ n, 1 ≤ b ≤ m), which denotes a cell (a, b) is waste. It is guaranteed that the same cell will not appear twice in this section.

Following each t lines contains two integers i, j (1 ≤ i ≤ n, 1 ≤ j ≤ m), which is a query that asks you the kind of crop plants of a cell (i, j).

For each query, if the cell is waste, print Waste. Otherwise, print the name of crop plants in the cell: either Carrots or Kiwis or Grapes.

The sample corresponds to the figure in the statement.",,,"['implementation', 'sortings']",1200-1599
886C,,1300,"dsu,greedy,implementation,trees","A very brave explorer Petya once decided to explore Paris catacombs. Since Petya is not really experienced, his exploration is just walking through the catacombs.

Catacombs consist of several rooms and bidirectional passages between some pairs of them. Some passages can connect a room to itself and since the passages are built on different depths they do not intersect each other. Every minute Petya arbitrary chooses a passage from the room he is currently in and then reaches the room on the other end of the passage in exactly one minute. When he enters a room at minute i, he makes a note in his logbook with number ti: 

Initially, Petya was in one of the rooms at minute 0, he didn't write down number t0.

At some point during his wandering Petya got tired, threw out his logbook and went home. Vasya found his logbook and now he is curious: what is the minimum possible number of rooms in Paris catacombs according to Petya's logbook?

The first line contains a single integer n (1 ≤ n ≤ 2·105) — then number of notes in Petya's logbook.

The second line contains n non-negative integers t1, t2, ..., tn (0 ≤ ti < i) — notes in the logbook.

In the only line print a single integer — the minimum possible number of rooms in Paris catacombs.

In the first sample, sequence of rooms Petya visited could be, for example 1 → 1 → 2, 1 → 2 → 1 or 1 → 2 → 3. The minimum possible number of rooms is 2.

In the second sample, the sequence could be 1 → 2 → 3 → 1 → 2 → 1.",,,"['dsu', 'greedy', 'implementation', 'trees']",1200-1599
335A,,1400,"binarysearch,constructivealgorithms,greedy","Piegirl is buying stickers for a project. Stickers come on sheets, and each sheet of stickers contains exactly n stickers. Each sticker has exactly one character printed on it, so a sheet of stickers can be described by a string of length n. Piegirl wants to create a string s using stickers. She may buy as many sheets of stickers as she wants, and may specify any string of length n for the sheets, but all the sheets must be identical, so the string is the same for all sheets. Once she attains the sheets of stickers, she will take some of the stickers from the sheets and arrange (in any order) them to form s. Determine the minimum number of sheets she has to buy, and provide a string describing a possible sheet of stickers she should buy.

The first line contains string s (1 ≤ |s| ≤ 1000), consisting of lowercase English characters only. The second line contains an integer n (1 ≤ n ≤ 1000).

On the first line, print the minimum number of sheets Piegirl has to buy. On the second line, print a string consisting of n lower case English characters. This string should describe a sheet of stickers that Piegirl can buy in order to minimize the number of sheets. If Piegirl cannot possibly form the string s, print instead a single line with the number -1.

In the second example, Piegirl can order 3 sheets of stickers with the characters ""nab"". She can take characters ""nab"" from the first sheet, ""na"" from the second, and ""a"" from the third, and arrange them to from ""banana"".",,,"['binarysearch', 'constructivealgorithms', 'greedy']",1200-1599
225A,,1100,"constructivealgorithms,greedy","A dice is a cube, its faces contain distinct integers from 1 to 6 as black points. The sum of numbers at the opposite dice faces always equals 7. Please note that there are only two dice (these dices are mirror of each other) that satisfy the given constraints (both of them are shown on the picture on the left).

Alice and Bob play dice. Alice has built a tower from n dice. We know that in this tower the adjacent dice contact with faces with distinct numbers. Bob wants to uniquely identify the numbers written on the faces of all dice, from which the tower is built. Unfortunately, Bob is looking at the tower from the face, and so he does not see all the numbers on the faces. Bob sees the number on the top of the tower and the numbers on the two adjacent sides (on the right side of the picture shown what Bob sees).

Help Bob, tell whether it is possible to uniquely identify the numbers on the faces of all the dice in the tower, or not.

The first line contains a single integer n (1 ≤ n ≤ 100) — the number of dice in the tower.

The second line contains an integer x (1 ≤ x ≤ 6) — the number Bob sees at the top of the tower. Next n lines contain two space-separated integers each: the i-th line contains numbers ai, bi (1 ≤ ai, bi ≤ 6; ai ≠ bi) — the numbers Bob sees on the two sidelong faces of the i-th dice in the tower.

Consider the dice in the tower indexed from top to bottom from 1 to n. That is, the topmost dice has index 1 (the dice whose top face Bob can see). It is guaranteed that it is possible to make a dice tower that will look as described in the input.

Print ""YES"" (without the quotes), if it is possible to to uniquely identify the numbers on the faces of all the dice in the tower. If it is impossible, print ""NO"" (without the quotes).",,,"['constructivealgorithms', 'greedy']",800-1199
652B,,1000,sortings,"A student of z-school found a kind of sorting called z-sort. The array a with n elements are z-sorted if two conditions hold:

For example the arrays [1,2,1,2] and [1,1,1,1] are z-sorted while the array [1,2,3,4] isn’t z-sorted.

Can you make the array z-sorted?

The first line contains a single integer n (1 ≤ n ≤ 1000) — the number of elements in the array a.

The second line contains n integers ai (1 ≤ ai ≤ 109) — the elements of the array a.

If it's possible to make the array a z-sorted print n space separated integers ai — the elements after z-sort. Otherwise print the only word ""Impossible"".",,,['sortings'],800-1199
206D1,,1800,,"The Smart Beaver from ABBYY came up with another splendid problem for the ABBYY Cup participants! This time the Beaver invites the contest participants to check out a problem on sorting documents by their subjects. Let's describe the problem:

You've got some training set of documents. For each document you know its subject. The subject in this problem is an integer from 1 to 3. Each of these numbers has a physical meaning. For instance, all documents with subject 3 are about trade.

You can download the training set of documents at the following link: http://download4.abbyy.com/a2/X2RZ2ZWXBG5VYWAL61H76ZQM/train.zip. The archive contains three directories with names ""1"", ""2"", ""3"". Directory named ""1"" contains documents on the 1-st subject, directory ""2"" contains documents on the 2-nd subject, and directory ""3"" contains documents on the 3-rd subject. Each document corresponds to exactly one file from some directory.

All documents have the following format: the first line contains the document identifier, the second line contains the name of the document, all subsequent lines contain the text of the document. The document identifier is used to make installing the problem more convenient and has no useful information for the participants.

You need to write a program that should indicate the subject for a given document. It is guaranteed that all documents given as input to your program correspond to one of the three subjects of the training set.

The first line contains integer id (0 ≤ id ≤ 106) — the document identifier. The second line contains the name of the document. The third and the subsequent lines contain the text of the document. It is guaranteed that the size of any given document will not exceed 10 kilobytes.

The tests for this problem are divided into 10 groups. Documents of groups 1 and 2 are taken from the training set, but their identifiers will not match the identifiers specified in the training set. Groups from the 3-rd to the 10-th are roughly sor",,,[],1600-1999
254B,,1500,"bruteforce,implementation","In 2013, the writers of Berland State University should prepare problems for n Olympiads. We will assume that the Olympiads are numbered with consecutive integers from 1 to n. For each Olympiad we know how many members of the jury must be involved in its preparation, as well as the time required to prepare the problems for her. Namely, the Olympiad number i should be prepared by pi people for ti days, the preparation for the Olympiad should be a continuous period of time and end exactly one day before the Olympiad. On the day of the Olympiad the juries who have prepared it, already do not work on it.

For example, if the Olympiad is held on December 9th and the preparation takes 7 people and 6 days, all seven members of the jury will work on the problems of the Olympiad from December, 3rd to December, 8th (the jury members won't be working on the problems of this Olympiad on December 9th, that is, some of them can start preparing problems for some other Olympiad). And if the Olympiad is held on November 3rd and requires 5 days of training, the members of the jury will work from October 29th to November 2nd.

In order not to overload the jury the following rule was introduced: one member of the jury can not work on the same day on the tasks for different Olympiads. Write a program that determines what the minimum number of people must be part of the jury so that all Olympiads could be prepared in time.

The first line contains integer n — the number of Olympiads in 2013 (1 ≤ n ≤ 100). Each of the following n lines contains four integers mi, di, pi and ti — the month and day of the Olympiad (given without leading zeroes), the needed number of the jury members and the time needed to prepare the i-th Olympiad (1 ≤ mi ≤ 12, di ≥ 1, 1 ≤ pi, ti ≤ 100), di doesn't exceed the number of days in month mi. The Olympiads are given in the arbitrary order. Several Olympiads can take place in one day.

Use the modern (Gregorian) calendar in the solution. Note that all dates are giv",,,"['bruteforce', 'implementation']",1200-1599
875C,,2100,"2-sat,dfsandsimilar,graphs,implementation","You all know that the Library of Bookland is the largest library in the world. There are dozens of thousands of books in the library.

Some long and uninteresting story was removed...

The alphabet of Bookland is so large that its letters are denoted by positive integers. Each letter can be small or large, the large version of a letter x is denoted by x'. BSCII encoding, which is used everywhere in Bookland, is made in that way so that large letters are presented in the order of the numbers they are denoted by, and small letters are presented in the order of the numbers they are denoted by, but all large letters are before all small letters. For example, the following conditions hold: 2 < 3, 2' < 3', 3' < 2.

A word x1, x2, ..., xa is not lexicographically greater than y1, y2, ..., yb if one of the two following conditions holds: 

For example, the word ""3' 7 5"" is before the word ""2 4' 6"" in lexicographical order. It is said that sequence of words is in lexicographical order if each word is not lexicographically greater than the next word in the sequence.

Denis has a sequence of words consisting of small letters only. He wants to change some letters to large (let's call this process a capitalization) in such a way that the sequence of words is in lexicographical order. However, he soon realized that for some reason he can't change a single letter in a single word. He only can choose a letter and change all of its occurrences in all words to large letters. He can perform this operation any number of times with arbitrary letters of Bookland's alphabet.

Help Denis to choose which letters he needs to capitalize (make large) in order to make the sequence of words lexicographically ordered, or determine that it is impossible.

Note that some words can be equal.

The first line contains two integers n and m (2 ≤ n ≤ 100 000, 1 ≤ m ≤ 100 000) — the number of words and the number of letters in Bookland's alphabet, respectively. The letters of Bookland's alphabet are denot",,,"['2-sat', 'dfsandsimilar', 'graphs', 'implementation']",2000-2399
1484D,,1900,"datastructures,dsu,implementation","Arkady has a playlist that initially consists of $$n$ songs, numerated from $1$ to $n$ in the order they appear in the playlist. Arkady starts listening to the songs in the playlist one by one, starting from song $1$. The playlist is cycled, i. e. after listening to the last song, Arkady will continue listening from the beginning.

Each song has a genre $a_i$, which is a positive integer. Let Arkady finish listening to a song with genre $y$, and the genre of the next-to-last listened song be $x$. If $\operatorname{gcd}(x, y) = 1$, he deletes the last listened song (with genre $y$) from the playlist. After that he continues listening normally, skipping the deleted songs, and forgetting about songs he listened to before. In other words, after he deletes a song, he can't delete the next song immediately.

Here $\operatorname{gcd}(x, y)$ denotes the greatest common divisor (GCD) of integers $x$ and $y$.

For example, if the initial songs' genres were $[5, 9, 2, 10, 15]$, then the playlist is converted as follows: [5, 9, 2, 10, 15] $\to$ [5, 9, 2, 10, 15] $\to$ [5, 2, 10, 15] (because $\operatorname{gcd}(5, 9) = 1$) $\to$ [5, 2, 10, 15] $\to$ [5, 2, 10, 15] $\to$ [5, 2, 10, 15] $\to$ [5, 2, 10, 15] $\to$ [5, 2, 10, 15] $\to$ [5, 10, 15] (because $\operatorname{gcd}(5, 2) = 1$) $\to$ [5, 10, 15] $\to$ [5, 10, 15] $\to$ ... The bold numbers represent the two last played songs. Note that after a song is deleted, Arkady forgets that he listened to that and the previous songs.

Given the initial playlist, please determine which songs are eventually deleted and the order these songs are deleted.

Each test contains multiple test cases. The first line contains the number of test cases $t$ ($1 \le t \le 10\,000$). Description of the test cases follows.

The first line of each test case contains a single integer $n$ ($1 \le n \le 10^5$) — the number of songs.

The second line contains $n$ integers $a_1, a_2, \ldots, a_n$ ($1 \le a_i \le 10^9$) — the genres of the songs.

It is gu",,,"['datastructures', 'dsu', 'implementation']",1600-1999
515B,,1300,"bruteforce,dsu,meet-in-the-middle,numbertheory","Drazil has many friends. Some of them are happy and some of them are unhappy. Drazil wants to make all his friends become happy. So he invented the following plan.

There are n boys and m girls among his friends. Let's number them from 0 to n - 1 and 0 to m - 1 separately. In i-th day, Drazil invites -th boy and -th girl to have dinner together (as Drazil is programmer, i starts from 0). If one of those two people is happy, the other one will also become happy. Otherwise, those two people remain in their states. Once a person becomes happy (or if he/she was happy originally), he stays happy forever.

Drazil wants to know whether he can use this plan to make all his friends become happy at some moment.

The first line contains two integer n and m (1 ≤ n, m ≤ 100).

The second line contains integer b (0 ≤ b ≤ n), denoting the number of happy boys among friends of Drazil, and then follow b distinct integers x1, x2, ..., xb (0 ≤ xi < n), denoting the list of indices of happy boys.

The third line conatins integer g (0 ≤ g ≤ m), denoting the number of happy girls among friends of Drazil, and then follow g distinct integers y1, y2, ... , yg (0 ≤ yj < m), denoting the list of indices of happy girls.

It is guaranteed that there is at least one person that is unhappy among his friends.

If Drazil can make all his friends become happy by this plan, print ""Yes"". Otherwise, print ""No"".

By we define the remainder of integer division of i by k.

In first sample case:",,,"['bruteforce', 'dsu', 'meet-in-the-middle', 'numbertheory']",1200-1599
763A,,1600,"dfsandsimilar,dp,dsu,graphs,implementation,trees","Each New Year Timofey and his friends cut down a tree of n vertices and bring it home. After that they paint all the n its vertices, so that the i-th vertex gets color ci.

Now it's time for Timofey birthday, and his mother asked him to remove the tree. Timofey removes the tree in the following way: he takes some vertex in hands, while all the other vertices move down so that the tree becomes rooted at the chosen vertex. After that Timofey brings the tree to a trash can.

Timofey doesn't like it when many colors are mixing together. A subtree annoys him if there are vertices of different color in it. Timofey wants to find a vertex which he should take in hands so that there are no subtrees that annoy him. He doesn't consider the whole tree as a subtree since he can't see the color of the root vertex.

A subtree of some vertex is a subgraph containing that vertex and all its descendants.

Your task is to determine if there is a vertex, taking which in hands Timofey wouldn't be annoyed.

The first line contains single integer n (2 ≤ n ≤ 105) — the number of vertices in the tree.

Each of the next n - 1 lines contains two integers u and v (1 ≤ u, v ≤ n, u ≠ v), denoting there is an edge between vertices u and v. It is guaranteed that the given graph is a tree.

The next line contains n integers c1, c2, ..., cn (1 ≤ ci ≤ 105), denoting the colors of the vertices.

Print ""NO"" in a single line, if Timofey can't take the tree in such a way that it doesn't annoy him.

Otherwise print ""YES"" in the first line. In the second line print the index of the vertex which Timofey should take in hands. If there are multiple answers, print any of them.",,,"['dfsandsimilar', 'dp', 'dsu', 'graphs', 'implementation', 'trees']",1600-1999
509E,,2000,"math,strings","When Sasha was studying in the seventh grade, he started listening to music a lot. In order to evaluate which songs he likes more, he introduced the notion of the song's prettiness. The title of the song is a word consisting of uppercase Latin letters. The prettiness of the song is the prettiness of its title.

Let's define the simple prettiness of a word as the ratio of the number of vowels in the word to the number of all letters in the word.

Let's define the prettiness of a word as the sum of simple prettiness of all the substrings of the word.

More formally, let's define the function vowel(c) which is equal to 1, if c is a vowel, and to 0 otherwise. Let si be the i-th character of string s, and si..j be the substring of word s, staring at the i-th character and ending at the j-th character (sisi + 1... sj, i ≤ j).

Then the simple prettiness of s is defined by the formula:

The prettiness of s equals 

Find the prettiness of the given song title.

We assume that the vowels are I, E, A, O, U, Y.

The input contains a single string s (1 ≤ |s| ≤ 5·105) — the title of the song.

Print the prettiness of the song with the absolute or relative error of at most 10 - 6.

In the first sample all letters are vowels. The simple prettiness of each substring is 1. The word of length 7 has 28 substrings. So, the prettiness of the song equals to 28.",,,"['math', 'strings']",2000-2399
686B,,1100,"constructivealgorithms,implementation,sortings","Little Robber Girl likes to scare animals in her zoo for fun. She decided to arrange the animals in a row in the order of non-decreasing height. However, the animals were so scared that they couldn't stay in the right places.

The robber girl was angry at first, but then she decided to arrange the animals herself. She repeatedly names numbers l and r such that r - l + 1 is even. After that animals that occupy positions between l and r inclusively are rearranged as follows: the animal at position l swaps places with the animal at position l + 1, the animal l + 2 swaps with the animal l + 3, ..., finally, the animal at position r - 1 swaps with the animal r.

Help the robber girl to arrange the animals in the order of non-decreasing height. You should name at most 20 000 segments, since otherwise the robber girl will become bored and will start scaring the animals again.

The first line contains a single integer n (1 ≤ n ≤ 100) — number of animals in the robber girl's zoo.

The second line contains n space-separated integers a1, a2, ..., an (1 ≤ ai ≤ 109), where ai is the height of the animal occupying the i-th place.

Print the sequence of operations that will rearrange the animals by non-decreasing height.

The output should contain several lines, i-th of the lines should contain two space-separated integers li and ri (1 ≤ li < ri ≤ n) — descriptions of segments the robber girl should name. The segments should be described in the order the operations are performed.

The number of operations should not exceed 20 000.

If the animals are arranged correctly from the start, you are allowed to output nothing.

Note that you don't have to minimize the number of operations. Any solution that performs at most 20 000 operations is allowed.",,,"['constructivealgorithms', 'implementation', 'sortings']",800-1199
474D,,1700,dp,"We saw the little game Marmot made for Mole's lunch. Now it's Marmot's dinner time and, as we all know, Marmot eats flowers. At every dinner he eats some red and white flowers. Therefore a dinner can be represented as a sequence of several flowers, some of them white and some of them red.

But, for a dinner to be tasty, there is a rule: Marmot wants to eat white flowers only in groups of size k.

Now Marmot wonders in how many ways he can eat between a and b flowers. As the number of ways could be very large, print it modulo 1000000007 (109 + 7).

Input contains several test cases.

The first line contains two integers t and k (1 ≤ t, k ≤ 105), where t represents the number of test cases.

The next t lines contain two integers ai and bi (1 ≤ ai ≤ bi ≤ 105), describing the i-th test.

Print t lines to the standard output. The i-th line should contain the number of ways in which Marmot can eat between ai and bi flowers at dinner modulo 1000000007 (109 + 7).",,,['dp'],1600-1999
867C,,1900,"greedy,implementation,sortings,ternarysearch","It's another Start[c]up finals, and that means there is pizza to order for the onsite contestants. There are only 2 types of pizza (obviously not, but let's just pretend for the sake of the problem), and all pizzas contain exactly S slices.

It is known that the i-th contestant will eat si slices of pizza, and gain ai happiness for each slice of type 1 pizza they eat, and bi happiness for each slice of type 2 pizza they eat. We can order any number of type 1 and type 2 pizzas, but we want to buy the minimum possible number of pizzas for all of the contestants to be able to eat their required number of slices. Given that restriction, what is the maximum possible total happiness that can be achieved?

The first line of input will contain integers N and S (1 ≤ N ≤ 105, 1 ≤ S ≤ 105), the number of contestants and the number of slices per pizza, respectively. N lines follow.

The i-th such line contains integers si, ai, and bi (1 ≤ si ≤ 105, 1 ≤ ai ≤ 105, 1 ≤ bi ≤ 105), the number of slices the i-th contestant will eat, the happiness they will gain from each type 1 slice they eat, and the happiness they will gain from each type 2 slice they eat, respectively.

Print the maximum total happiness that can be achieved.

In the first example, you only need to buy one pizza. If you buy a type 1 pizza, the total happiness will be 3·5 + 4·6 + 5·9 = 84, and if you buy a type 2 pizza, the total happiness will be 3·7 + 4·7 + 5·5 = 74.",,,"['greedy', 'implementation', 'sortings', 'ternarysearch']",1600-1999
978E,,1400,"combinatorics,math","The busses in Berland are equipped with a video surveillance system. The system records information about changes in the number of passengers in a bus after stops.

If $$x$ is the number of passengers in a bus just before the current bus stop and $y$ is the number of passengers in the bus just after current bus stop, the system records the number $y-x$. So the system records show how number of passengers changed.

The test run was made for single bus and $n$ bus stops. Thus, the system recorded the sequence of integers $a_1, a_2, \dots, a_n$ (exactly one number for each bus stop), where $a_i$ is the record for the bus stop $i$. The bus stops are numbered from $1$ to $n$ in chronological order.

Determine the number of possible ways how many people could be in the bus before the first bus stop, if the bus has a capacity equals to $w$ (that is, at any time in the bus there should be from $0$ to $w$ passengers inclusive).

The first line contains two integers $n$ and $w$ $(1 \le n \le 1\,000, 1 \le w \le 10^{9})$ — the number of bus stops and the capacity of the bus.

The second line contains a sequence $a_1, a_2, \dots, a_n$ $(-10^{6} \le a_i \le 10^{6})$, where $a_i$ equals to the number, which has been recorded by the video system after the $i$-th bus stop.

Print the number of possible ways how many people could be in the bus before the first bus stop, if the bus has a capacity equals to $w$. If the situation is contradictory (i.e. for any initial number of passengers there will be a contradiction), print 0.

In the first example initially in the bus could be $0$, $1$ or $2$ passengers.

In the second example initially in the bus could be $1$, $2$, $3$ or $4$ passengers.

In the third example initially in the bus could be $0$ or $1$$ passenger.",,,"['combinatorics', 'math']",1200-1599
540E,,2100,"binarysearch,datastructures,implementation,sortings,trees","There is an infinite sequence consisting of all positive integers in the increasing order: p = {1, 2, 3, ...}. We performed n swap operations with this sequence. A swap(a, b) is an operation of swapping the elements of the sequence on positions a and b. Your task is to find the number of inversions in the resulting sequence, i.e. the number of such index pairs (i, j), that i < j and pi > pj.

The first line contains a single integer n (1 ≤ n ≤ 105) — the number of swap operations applied to the sequence.

Each of the next n lines contains two integers ai and bi (1 ≤ ai, bi ≤ 109, ai ≠ bi) — the arguments of the swap operation.

Print a single integer — the number of inversions in the resulting sequence.

In the first sample the sequence is being modified as follows: . It has 4 inversions formed by index pairs (1, 4), (2, 3), (2, 4) and (3, 4).",,,"['binarysearch', 'datastructures', 'implementation', 'sortings', 'trees']",2000-2399
793A,,900,"implementation,math","Oleg the bank client checks share prices every day. There are n share prices he is interested in. Today he observed that each second exactly one of these prices decreases by k rubles (note that each second exactly one price changes, but at different seconds different prices can change). Prices can become negative. Oleg found this process interesting, and he asked Igor the financial analyst, what is the minimum time needed for all n prices to become equal, or it is impossible at all? Igor is busy right now, so he asked you to help Oleg. Can you answer this question?

The first line contains two integers n and k (1 ≤ n ≤ 105, 1 ≤ k ≤ 109) — the number of share prices, and the amount of rubles some price decreases each second.

The second line contains n integers a1, a2, ..., an (1 ≤ ai ≤ 109) — the initial prices.

Print the only line containing the minimum number of seconds needed for prices to become equal, of «-1» if it is impossible.

Consider the first example. 

Suppose the third price decreases in the first second and become equal 12 rubles, then the first price decreases and becomes equal 9 rubles, and in the third second the third price decreases again and becomes equal 9 rubles. In this case all prices become equal 9 rubles in 3 seconds.

There could be other possibilities, but this minimizes the time needed for all prices to become equal. Thus the answer is 3.

In the second example we can notice that parity of first and second price is different and never changes within described process. Thus prices never can become equal.

In the third example following scenario can take place: firstly, the second price drops, then the third price, and then fourth price. It happens 999999999 times, and, since in one second only one price can drop, the whole process takes 999999999 * 3 = 2999999997 seconds. We can note that this is the minimum possible time.",,,"['implementation', 'math']",800-1199
804D,,2500,"binarysearch,bruteforce,dfsandsimilar,dp,sortings,trees","Pasha is a good student and one of MoJaK's best friends. He always have a problem to think about. Today they had a talk about the following problem.

We have a forest (acyclic undirected graph) with n vertices and m edges. There are q queries we should answer. In each query two vertices v and u are given. Let V be the set of vertices in the connected component of the graph that contains v, and U be the set of vertices in the connected component of the graph that contains u. Let's add an edge between some vertex and some vertex in and compute the value d of the resulting component. If the resulting component is a tree, the value d is the diameter of the component, and it is equal to -1 otherwise. What is the expected value of d, if we choose vertices a and b from the sets uniformly at random?

Can you help Pasha to solve this problem?

The diameter of the component is the maximum distance among some pair of vertices in the component. The distance between two vertices is the minimum number of edges on some path between the two vertices.

Note that queries don't add edges to the initial forest. 

The first line contains three integers n, m and q(1 ≤ n, m, q ≤ 105) — the number of vertices, the number of edges in the graph and the number of queries.

Each of the next m lines contains two integers ui and vi (1 ≤ ui, vi ≤ n), that means there is an edge between vertices ui and vi.

It is guaranteed that the given graph is a forest.

Each of the next q lines contains two integers ui and vi (1 ≤ ui, vi ≤ n) — the vertices given in the i-th query.

For each query print the expected value of d as described in the problem statement.

Your answer will be considered correct if its absolute or relative error does not exceed 10 - 6. Let's assume that your answer is a, and the jury's answer is b. The checker program will consider your answer correct, if .

In the first example the vertices 1 and 3 are in the same component, so the answer for the first query is -1. For the second qu",,,"['binarysearch', 'bruteforce', 'dfsandsimilar', 'dp', 'sortings', 'trees']",2400-2799
551A,,800,"bruteforce,implementation,sortings","Professor GukiZ likes programming contests. He especially likes to rate his students on the contests he prepares. Now, he has decided to prepare a new contest. 

In total, n students will attend, and before the start, every one of them has some positive integer rating. Students are indexed from 1 to n. Let's denote the rating of i-th student as ai. After the contest ends, every student will end up with some positive integer position. GukiZ expects that his students will take places according to their ratings. 

He thinks that each student will take place equal to . In particular, if student A has rating strictly lower then student B, A will get the strictly better position than B, and if two students have equal ratings, they will share the same position. 

GukiZ would like you to reconstruct the results by following his expectations. Help him and determine the position after the end of the contest for each of his students if everything goes as expected.

The first line contains integer n (1 ≤ n ≤ 2000), number of GukiZ's students. 

The second line contains n numbers a1, a2, ... an (1 ≤ ai ≤ 2000) where ai is the rating of i-th student (1 ≤ i ≤ n).

In a single line, print the position after the end of the contest for each of n students in the same order as they appear in the input.

In the first sample, students 2 and 3 are positioned first (there is no other student with higher rating), and student 1 is positioned third since there are two students with higher rating.

In the second sample, first student is the only one on the contest.

In the third sample, students 2 and 5 share the first position with highest rating, student 4 is next with third position, and students 1 and 3 are the last sharing fourth position.",,,"['bruteforce', 'implementation', 'sortings']",800-1199
769D,,1700,"bitmasks,bruteforce,meet-in-the-middle","Vasya has the sequence consisting of n integers. Vasya consider the pair of integers x and y k-interesting, if their binary representation differs from each other exactly in k bits. For example, if k = 2, the pair of integers x = 5 and y = 3 is k-interesting, because their binary representation x=101 and y=011 differs exactly in two bits.

Vasya wants to know how many pairs of indexes (i, j) are in his sequence so that i < j and the pair of integers ai and aj is k-interesting. Your task is to help Vasya and determine this number.

The first line contains two integers n and k (2 ≤ n ≤ 105, 0 ≤ k ≤ 14) — the number of integers in Vasya's sequence and the number of bits in which integers in k-interesting pair should differ.

The second line contains the sequence a1, a2, ..., an (0 ≤ ai ≤ 104), which Vasya has.

Print the number of pairs (i, j) so that i < j and the pair of integers ai and aj is k-interesting.

In the first test there are 4 k-interesting pairs:

In the second test k = 0. Consequently, integers in any k-interesting pair should be equal to themselves. Thus, for the second test there are 6 k-interesting pairs:",,,"['bitmasks', 'bruteforce', 'meet-in-the-middle']",1600-1999
792A,,1100,"implementation,sortings","There are n cities situated along the main road of Berland. Cities are represented by their coordinates — integer numbers a1, a2, ..., an. All coordinates are pairwise distinct.

It is possible to get from one city to another only by bus. But all buses and roads are very old, so the Minister of Transport decided to build a new bus route. The Minister doesn't want to spend large amounts of money — he wants to choose two cities in such a way that the distance between them is minimal possible. The distance between two cities is equal to the absolute value of the difference between their coordinates.

It is possible that there are multiple pairs of cities with minimal possible distance, so the Minister wants to know the quantity of such pairs. 

Your task is to write a program that will calculate the minimal possible distance between two pairs of cities and the quantity of pairs which have this distance.

The first line contains one integer number n (2 ≤ n ≤ 2·105).

The second line contains n integer numbers a1, a2, ..., an ( - 109 ≤ ai ≤ 109). All numbers ai are pairwise distinct.

Print two integer numbers — the minimal distance and the quantity of pairs with this distance.

In the first example the distance between the first city and the fourth city is |4 - 6| = 2, and it is the only pair with this distance.",,,"['implementation', 'sortings']",800-1199
531A,,1500,,"You are given a quadratic equation with integer coefficients A * X2 + B * X + C = 0. It is guaranteed that A ≠ 0 and that the equation has at least one real root. Output the roots of the equation.

The only line of input contains integers A, B and C ( - 1000 ≤ A, B, C ≤ 1000, A ≠ 0), separated by spaces.

Output the roots of the equation in increasing order. If the equation has a single root of multiplicity 2, output it once. The root is considered to be correct if its absolute or relative error does not exceed 10 - 4.",,,[],1200-1599
1407B,,1300,"bruteforce,greedy,math,numbertheory","Alexander is a well-known programmer. Today he decided to finally go out and play football, but with the first hit he left a dent on the new Rolls-Royce of the wealthy businessman Big Vova. Vladimir has recently opened a store on the popular online marketplace ""Zmey-Gorynych"", and offers Alex a job: if he shows his programming skills by solving a task, he'll work as a cybersecurity specialist. Otherwise, he'll be delivering some doubtful products for the next two years.

You're given $$n$ positive integers $a_1, a_2, \dots, a_n$. Using each of them exactly at once, you're to make such sequence $b_1, b_2, \dots, b_n$ that sequence $c_1, c_2, \dots, c_n$ is lexicographically maximal, where $c_i=GCD(b_1,\dots,b_i)$ - the greatest common divisor of the first $i$ elements of $b$. 

Alexander is really afraid of the conditions of this simple task, so he asks you to solve it.

A sequence $a$ is lexicographically smaller than a sequence $b$ if and only if one of the following holds:

Each test contains multiple test cases. The first line contains the number of test cases $t$ ($1 \le t \le 10^3$). Description of the test cases follows.

The first line of each test case contains a single integer $n$ ($1 \le n \le 10^3$)  — the length of the sequence $a$.

The second line of each test case contains $n$ integers $a_1,\dots,a_n$ ($1 \le a_i \le 10^3$)  — the sequence $a$.

It is guaranteed that the sum of $n$ over all test cases does not exceed $10^3$.

For each test case output the answer in a single line  — the desired sequence $b$. If there are multiple answers, print any.

In the first test case of the example, there are only two possible permutations $b$  — $[2, 5]$ and $[5, 2]$: for the first one $c=[2, 1]$, for the second one $c=[5, 1]$.

In the third test case of the example, number $9$ should be the first in $b$, and $GCD(9, 3)=3$, $GCD(9, 8)=1$, so the second number of $b$ should be $3$.

In the seventh test case of the example, first four numbers pairwise have a commo",,,"['bruteforce', 'greedy', 'math', 'numbertheory']",1200-1599
931E,,1600,"implementation,math,probabilities","Vasya and Kolya play a game with a string, using the following rules. Initially, Kolya creates a string s, consisting of small English letters, and uniformly at random chooses an integer k from a segment [0, len(s) - 1]. He tells Vasya this string s, and then shifts it k letters to the left, i. e. creates a new string t = sk + 1sk + 2... sns1s2... sk. Vasya does not know the integer k nor the string t, but he wants to guess the integer k. To do this, he asks Kolya to tell him the first letter of the new string, and then, after he sees it, open one more letter on some position, which Vasya can choose.

Vasya understands, that he can't guarantee that he will win, but he wants to know the probability of winning, if he plays optimally. He wants you to compute this probability. 

Note that Vasya wants to know the value of k uniquely, it means, that if there are at least two cyclic shifts of s that fit the information Vasya knowns, Vasya loses. Of course, at any moment of the game Vasya wants to maximize the probability of his win.

The only string contains the string s of length l (3 ≤ l ≤ 5000), consisting of small English letters only.

Print the only number — the answer for the problem. You answer is considered correct, if its absolute or relative error does not exceed 10 - 6.

Formally, let your answer be a, and the jury's answer be b. Your answer is considered correct if 

In the first example Vasya can always open the second letter after opening the first letter, and the cyclic shift is always determined uniquely.

In the second example if the first opened letter of t is ""t"" or ""c"", then Vasya can't guess the shift by opening only one other letter. On the other hand, if the first letter is ""i"" or ""a"", then he can open the fourth letter and determine the shift uniquely.",,,"['implementation', 'math', 'probabilities']",1600-1999
311A,,1300,"constructivealgorithms,implementation","Currently Tiny is learning Computational Geometry. When trying to solve a problem called ""The Closest Pair Of Points In The Plane"", he found that a code which gave a wrong time complexity got Accepted instead of Time Limit Exceeded.

The problem is the follows. Given n points in the plane, find a pair of points between which the distance is minimized. Distance between (x1, y1) and (x2, y2) is .

The pseudo code of the unexpected code is as follows:

Here, tot can be regarded as the running time of the code. Due to the fact that a computer can only run a limited number of operations per second, tot should not be more than k in order not to get Time Limit Exceeded.

You are a great hacker. Would you please help Tiny generate a test data and let the code get Time Limit Exceeded?

A single line which contains two space-separated integers n and k (2 ≤ n ≤ 2000, 1 ≤ k ≤ 109).

If there doesn't exist such a data which let the given code get TLE, print ""no solution"" (without quotes); else print n lines, and the i-th line contains two integers xi, yi (|xi|, |yi| ≤ 109) representing the coordinates of the i-th point.

The conditions below must be held:",,,"['constructivealgorithms', 'implementation']",1200-1599
723B,,1100,"expressionparsing,implementation,strings","Modern text editors usually show some information regarding the document being edited. For example, the number of words, the number of pages, or the number of characters.

In this problem you should implement the similar functionality.

You are given a string which only consists of:

It is guaranteed that each opening parenthesis has a succeeding closing parenthesis. Similarly, each closing parentheses has a preceding opening parentheses matching it. For each pair of matching parentheses there are no other parenthesis between them. In other words, each parenthesis in the string belongs to a matching ""opening-closing"" pair, and such pairs can't be nested.

For example, the following string is valid: ""_Hello_Vasya(and_Petya)__bye_(and_OK)"".

Word is a maximal sequence of consecutive letters, i.e. such sequence that the first character to the left and the first character to the right of it is an underscore, a parenthesis, or it just does not exist. For example, the string above consists of seven words: ""Hello"", ""Vasya"", ""and"", ""Petya"", ""bye"", ""and"" and ""OK"". Write a program that finds:

The first line of the input contains a single integer n (1 ≤ n ≤ 255) — the length of the given string. The second line contains the string consisting of only lowercase and uppercase English letters, parentheses and underscore symbols. 

Print two space-separated integers:

In the first sample, the words ""Hello"", ""Vasya"" and ""bye"" are outside any of the parentheses, and the words ""and"", ""Petya"", ""and"" and ""OK"" are inside. Note, that the word ""and"" is given twice and you should count it twice in the answer.",,,"['expressionparsing', 'implementation', 'strings']",800-1199
1136A,,800,implementation,"After lessons Nastya decided to read a book. The book contains $$n$ chapters, going one after another, so that one page of the book belongs to exactly one chapter and each chapter contains at least one page.

Yesterday evening Nastya did not manage to finish reading the book, so she marked the page with number $k$ as the first page which was not read (i.e. she read all pages from the $1$-st to the $(k-1)$-th).

The next day Nastya's friend Igor came and asked her, how many chapters remain to be read by Nastya? Nastya is too busy now, so she asks you to compute the number of chapters she has not completely read yet (i.e. the number of chapters she has not started to read or has finished reading somewhere in the middle).

The first line contains a single integer $n$ ($1 \leq n \leq 100$) — the number of chapters in the book.

There are $n$ lines then. The $i$-th of these lines contains two integers $l_i$, $r_i$ separated by space ($l_1 = 1$, $l_i \leq r_i$) — numbers of the first and the last pages of the $i$-th chapter. It's guaranteed that $l_{i+1} = r_i + 1$ for all $1 \leq i \leq n-1$, and also that every chapter contains at most $100$ pages.

The $(n+2)$-th line contains a single integer $k$ ($1 \leq k \leq r_n$) — the index of the marked page. 

Print a single integer — the number of chapters which has not been completely read so far.

In the first example the book contains $11$ pages and $3$ chapters — $[1;3]$, $[4;7]$ and $[8;11]$. Nastya marked the $2$-nd page, so she finished in the middle of the $1$-st chapter. So, all chapters has not been read so far, so the answer is $3$.

The book in the second example contains $12$ pages and $3$ chapters too, but Nastya finished reading in the middle of the $2$-nd chapter, so that the answer is $2$$.",,,['implementation'],800-1199
1104A,,800,"constructivealgorithms,implementation,math","Vasya has his favourite number $$n$. He wants to split it to some non-zero digits. It means, that he wants to choose some digits $d_1, d_2, \ldots, d_k$, such that $1 \leq d_i \leq 9$ for all $i$ and $d_1 + d_2 + \ldots + d_k = n$.

Vasya likes beauty in everything, so he wants to find any solution with the minimal possible number of different digits among $d_1, d_2, \ldots, d_k$. Help him!

The first line contains a single integer $n$ — the number that Vasya wants to split ($1 \leq n \leq 1000$).

In the first line print one integer $k$ — the number of digits in the partition. Note that $k$ must satisfy the inequality $1 \leq k \leq n$. In the next line print $k$ digits $d_1, d_2, \ldots, d_k$ separated by spaces. All digits must satisfy the inequalities $1 \leq d_i \leq 9$.

You should find a partition of $n$ in which the number of different digits among $d_1, d_2, \ldots, d_k$ will be minimal possible among all partitions of $n$ into non-zero digits. Among such partitions, it is allowed to find any. It is guaranteed that there exists at least one partition of the number $n$ into digits.

In the first test, the number $1$ can be divided into $1$ digit equal to $1$.

In the second test, there are $3$ partitions of the number $4$ into digits in which the number of different digits is $1$. This partitions are $[1, 1, 1, 1]$, $[2, 2]$ and $[4]$. Any of these partitions can be found. And, for example, dividing the number $4$ to the digits $[1, 1, 2]$ isn't an answer, because it has $2$$ different digits, that isn't the minimum possible number.",,,"['constructivealgorithms', 'implementation', 'math']",800-1199
699B,,1400,implementation,"You are given a description of a depot. It is a rectangular checkered field of n × m size. Each cell in a field can be empty (""."") or it can be occupied by a wall (""*""). 

You have one bomb. If you lay the bomb at the cell (x, y), then after triggering it will wipe out all walls in the row x and all walls in the column y.

You are to determine if it is possible to wipe out all walls in the depot by placing and triggering exactly one bomb. The bomb can be laid both in an empty cell or in a cell occupied by a wall.

The first line contains two positive integers n and m (1 ≤ n, m ≤ 1000) — the number of rows and columns in the depot field. 

The next n lines contain m symbols ""."" and ""*"" each — the description of the field. j-th symbol in i-th of them stands for cell (i, j). If the symbol is equal to ""."", then the corresponding cell is empty, otherwise it equals ""*"" and the corresponding cell is occupied by a wall.

If it is impossible to wipe out all walls by placing and triggering exactly one bomb, then print ""NO"" in the first line (without quotes).

Otherwise print ""YES"" (without quotes) in the first line and two integers in the second line — the coordinates of the cell at which the bomb should be laid. If there are multiple answers, print any of them.",,,['implementation'],1200-1599
703B,,1400,"implementation,math","Little Mishka is a great traveller and she visited many countries. After thinking about where to travel this time, she chose XXX — beautiful, but little-known northern country.

Here are some interesting facts about XXX:

Mishka started to gather her things for a trip, but didn't still decide which route to follow and thus she asked you to help her determine summary price of passing each of the roads in XXX. Formally, for every pair of cities a and b (a < b), such that there is a road between a and b you are to find sum of products ca·cb. Will you help her?

The first line of the input contains two integers n and k (3 ≤ n ≤ 100 000, 1 ≤ k ≤ n) — the number of cities in XXX and the number of capital cities among them.

The second line of the input contains n integers c1, c2, ..., cn (1 ≤ ci ≤ 10 000) — beauty values of the cities.

The third line of the input contains k distinct integers id1, id2, ..., idk (1 ≤ idi ≤ n) — indices of capital cities. Indices are given in ascending order.

Print the only integer — summary price of passing each of the roads in XXX.

This image describes first sample case:

It is easy to see that summary price is equal to 17.

This image describes second sample case:

It is easy to see that summary price is equal to 71.",,,"['implementation', 'math']",1200-1599
440B,,1600,"greedy,implementation","Petya has k matches, placed in n matchboxes lying in a line from left to right. We know that k is divisible by n. Petya wants all boxes to have the same number of matches inside. For that, he can move a match from its box to the adjacent one in one move. How many such moves does he need to achieve the desired configuration?

The first line contains integer n (1 ≤ n ≤ 50000). The second line contains n non-negative numbers that do not exceed 109, the i-th written number is the number of matches in the i-th matchbox. It is guaranteed that the total number of matches is divisible by n.

Print the total minimum number of moves.",,,"['greedy', 'implementation']",1600-1999
1089F,,1900,math,"You are given a positive integer $$n$.

Find a sequence of fractions $\frac{a_i}{b_i}$, $i = 1 \ldots k$ (where $a_i$ and $b_i$ are positive integers) for some $k$ such that:

$$$$ \begin{cases} \text{b_i divides n, 1 < b_i < n for i = 1 \ldots k} \\ \text{1 \le a_i < b_i for i = 1 \ldots k} \\ \text{\sum\limits_{i=1}^k \frac{a_i}{b_i} = 1 - \frac{1}{n}} \end{cases} $$$$

The input consists of a single integer $n$ ($2 \le n \le 10^9$).

In the first line print ""YES"" if there exists such a sequence of fractions or ""NO"" otherwise.

If there exists such a sequence, next lines should contain a description of the sequence in the following format.

The second line should contain integer $k$ ($1 \le k \le 100\,000$) — the number of elements in the sequence. It is guaranteed that if such a sequence exists, then there exists a sequence of length at most $100\,000$.

Next $k$ lines should contain fractions of the sequence with two integers $a_i$ and $b_i$ on each line.

In the second example there is a sequence $\frac{1}{2}, \frac{1}{3}$ such that $\frac{1}{2} + \frac{1}{3} = 1 - \frac{1}{6}$$.",,,['math'],1600-1999
144C,,1500,"implementation,strings","A string t is called an anagram of the string s, if it is possible to rearrange letters in t so that it is identical to the string s. For example, the string ""aab"" is an anagram of the string ""aba"" and the string ""aaa"" is not.

The string t is called a substring of the string s if it can be read starting from some position in the string s. For example, the string ""aba"" has six substrings: ""a"", ""b"", ""a"", ""ab"", ""ba"", ""aba"".

You are given a string s, consisting of lowercase Latin letters and characters ""?"". You are also given a string p, consisting of lowercase Latin letters only. Let's assume that a string is good if you can obtain an anagram of the string p from it, replacing the ""?"" characters by Latin letters. Each ""?"" can be replaced by exactly one character of the Latin alphabet. For example, if the string p = «aba», then the string ""a??"" is good, and the string «?bc» is not. 

Your task is to find the number of good substrings of the string s (identical substrings must be counted in the answer several times).

The first line is non-empty string s, consisting of no more than 105 lowercase Latin letters and characters ""?"". The second line is non-empty string p, consisting of no more than 105 lowercase Latin letters. Please note that the length of the string p can exceed the length of the string s.

Print the single number representing the number of good substrings of string s.

Two substrings are considered different in their positions of occurrence are different. Thus, if some string occurs several times, then it should be counted the same number of times.

Consider the first sample test. Here the string s has two good substrings: ""b??"" (after we replace the question marks we get ""baa""), ""???"" (after we replace the question marks we get ""baa"").

Let's consider the second sample test. Here the string s has two good substrings: ""ab?"" (""?"" can be replaced by ""c""), ""b?c"" (""?"" can be replaced by ""a"").",,,"['implementation', 'strings']",1200-1599
1525B,,900,"constructivealgorithms,greedy","You are given a permutation $$a$ consisting of $n$ numbers $1$, $2$, ..., $n$ (a permutation is an array in which each element from $1$ to $n$ occurs exactly once).

You can perform the following operation: choose some subarray (contiguous subsegment) of $a$ and rearrange the elements in it in any way you want. But this operation cannot be applied to the whole array.

For example, if $a = [2, 1, 4, 5, 3]$ and we want to apply the operation to the subarray $a[2, 4]$ (the subarray containing all elements from the $2$-nd to the $4$-th), then after the operation, the array can become $a = [2, 5, 1, 4, 3]$ or, for example, $a = [2, 1, 5, 4, 3]$.

Your task is to calculate the minimum number of operations described above to sort the permutation $a$ in ascending order.

The first line contains a single integer $t$ ($1 \le t \le 2000$) — the number of test cases.

The first line of the test case contains a single integer $n$ ($3 \le n \le 50$) — the number of elements in the permutation.

The second line of the test case contains $n$ distinct integers from $1$ to $n$ — the given permutation $a$.

For each test case, output a single integer — the minimum number of operations described above to sort the array $a$ in ascending order.

In the explanations, $a[i, j]$ defines the subarray of $a$ that starts from the $i$-th element and ends with the $j$-th element.

In the first test case of the example, you can select the subarray $a[2, 3]$ and swap the elements in it.

In the second test case of the example, the permutation is already sorted, so you don't need to apply any operations.

In the third test case of the example, you can select the subarray $a[3, 5]$ and reorder the elements in it so $a$ becomes $[2, 1, 3, 4, 5]$, and then select the subarray $a[1, 2]$ and swap the elements in it, so $a$ becomes $[1, 2, 3, 4, 5]$$.",,,"['constructivealgorithms', 'greedy']",800-1199
1296A,,800,math,"You are given an array $$a$ consisting of $n$ integers.

In one move, you can choose two indices $1 \le i, j \le n$ such that $i \ne j$ and set $a_i := a_j$. You can perform such moves any number of times (possibly, zero). You can choose different indices in different operations. The operation := is the operation of assignment (i.e. you choose $i$ and $j$ and replace $a_i$ with $a_j$).

Your task is to say if it is possible to obtain an array with an odd (not divisible by $2$) sum of elements.

You have to answer $t$ independent test cases.

The first line of the input contains one integer $t$ ($1 \le t \le 2000$) — the number of test cases.

The next $2t$ lines describe test cases. The first line of the test case contains one integer $n$ ($1 \le n \le 2000$) — the number of elements in $a$. The second line of the test case contains $n$ integers $a_1, a_2, \dots, a_n$ ($1 \le a_i \le 2000$), where $a_i$ is the $i$-th element of $a$.

It is guaranteed that the sum of $n$ over all test cases does not exceed $2000$ ($\sum n \le 2000$$).

For each test case, print the answer on it — ""YES"" (without quotes) if it is possible to obtain the array with an odd sum of elements, and ""NO"" otherwise.",,,['math'],800-1199
777B,,1300,"datastructures,dp,greedy,sortings","After the fourth season Sherlock and Moriary have realized the whole foolishness of the battle between them and decided to continue their competitions in peaceful game of Credit Cards.

Rules of this game are simple: each player bring his favourite n-digit credit card. Then both players name the digits written on their cards one by one. If two digits are not equal, then the player, whose digit is smaller gets a flick (knock in the forehead usually made with a forefinger) from the other player. For example, if n = 3, Sherlock's card is 123 and Moriarty's card has number 321, first Sherlock names 1 and Moriarty names 3 so Sherlock gets a flick. Then they both digit 2 so no one gets a flick. Finally, Sherlock names 3, while Moriarty names 1 and gets a flick.

Of course, Sherlock will play honestly naming digits one by one in the order they are given, while Moriary, as a true villain, plans to cheat. He is going to name his digits in some other order (however, he is not going to change the overall number of occurences of each digit). For example, in case above Moriarty could name 1, 2, 3 and get no flicks at all, or he can name 2, 3 and 1 to give Sherlock two flicks.

Your goal is to find out the minimum possible number of flicks Moriarty will get (no one likes flicks) and the maximum possible number of flicks Sherlock can get from Moriarty. Note, that these two goals are different and the optimal result may be obtained by using different strategies.

The first line of the input contains a single integer n (1 ≤ n ≤ 1000) — the number of digits in the cards Sherlock and Moriarty are going to use.

The second line contains n digits — Sherlock's credit card number.

The third line contains n digits — Moriarty's credit card number.

First print the minimum possible number of flicks Moriarty will get. Then print the maximum possible number of flicks that Sherlock can get from Moriarty.

First sample is elaborated in the problem statement. In the second sample, there is no wa",,,"['datastructures', 'dp', 'greedy', 'sortings']",1200-1599
566B,,2600,"constructivealgorithms,greedy","A Large Software Company develops its own social network. Analysts have found that during the holidays, major sporting events and other significant events users begin to enter the network more frequently, resulting in great load increase on the infrastructure.

As part of this task, we assume that the social network is 4n processes running on the n servers. All servers are absolutely identical machines, each of which has a volume of RAM of 1 GB = 1024 MB (1). Each process takes 100 MB of RAM on the server. At the same time, the needs of maintaining the viability of the server takes about 100 more megabytes of RAM. Thus, each server may have up to 9 different processes of social network.

Now each of the n servers is running exactly 4 processes. However, at the moment of peak load it is sometimes necessary to replicate the existing 4n processes by creating 8n new processes instead of the old ones. More formally, there is a set of replication rules, the i-th (1 ≤ i ≤ 4n) of which has the form of ai → (bi, ci), where ai, bi and ci (1 ≤ ai, bi, ci ≤ n) are the numbers of servers. This means that instead of an old process running on server ai, there should appear two new copies of the process running on servers bi and ci. The two new replicated processes can be on the same server (i.e., bi may be equal to ci) or even on the same server where the original process was (i.e. ai may be equal to bi or ci). During the implementation of the rule ai → (bi, ci) first the process from the server ai is destroyed, then appears a process on the server bi, then appears a process on the server ci.

There is a set of 4n rules, destroying all the original 4n processes from n servers, and creating after their application 8n replicated processes, besides, on each of the n servers will be exactly 8 processes. However, the rules can only be applied consecutively, and therefore the amount of RAM of the servers imposes limitations on the procedure for the application of the rules.

According t",,,"['constructivealgorithms', 'greedy']",2400-2799
930C,,1900,"datastructures,dp","Young Teodor enjoys drawing. His favourite hobby is drawing segments with integer borders inside his huge [1;m] segment. One day Teodor noticed that picture he just drawn has one interesting feature: there doesn't exist an integer point, that belongs each of segments in the picture. Having discovered this fact, Teodor decided to share it with Sasha.

Sasha knows that Teodor likes to show off so he never trusts him. Teodor wants to prove that he can be trusted sometimes, so he decided to convince Sasha that there is no such integer point in his picture, which belongs to each segment. However Teodor is lazy person and neither wills to tell Sasha all coordinates of segments' ends nor wills to tell him their amount, so he suggested Sasha to ask him series of questions 'Given the integer point xi, how many segments in Fedya's picture contain that point?', promising to tell correct answers for this questions.

Both boys are very busy studying and don't have much time, so they ask you to find out how many questions can Sasha ask Teodor, that having only answers on his questions, Sasha can't be sure that Teodor isn't lying to him. Note that Sasha doesn't know amount of segments in Teodor's picture. Sure, Sasha is smart person and never asks about same point twice.

First line of input contains two integer numbers: n and m (1 ≤ n, m ≤ 100 000) — amount of segments of Teodor's picture and maximal coordinate of point that Sasha can ask about.

ith of next n lines contains two integer numbers li and ri (1 ≤ li ≤ ri ≤ m) — left and right ends of ith segment in the picture. Note that that left and right ends of segment can be the same point.

It is guaranteed that there is no integer point, that belongs to all segments.

Single line of output should contain one integer number k – size of largest set (xi, cnt(xi)) where all xi are different, 1 ≤ xi ≤ m, and cnt(xi) is amount of segments, containing point with coordinate xi, such that one can't be sure that there doesn't exist poin",,,"['datastructures', 'dp']",1600-1999
1250A,,1400,implementation,"Polycarp recently signed up to a new social network Berstagram. He immediately published $$n$ posts there. He assigned numbers from $1$ to $n$ to all posts and published them one by one. So, just after publishing Polycarp's news feed contained posts from $1$ to $n$ — the highest post had number $1$, the next one had number $2$, ..., the lowest post had number $n$.

After that he wrote down all likes from his friends. Likes were coming consecutively from the $1$-st one till the $m$-th one. You are given a sequence $a_1, a_2, \dots, a_m$ ($1 \le a_j \le n$), where $a_j$ is the post that received the $j$-th like.

News feed in Berstagram works in the following manner. Let's assume the $j$-th like was given to post $a_j$. If this post is not the highest (first) one then it changes its position with the one above. If $a_j$ is the highest post nothing changes. 

For example, if $n=3$, $m=5$ and $a=[3,2,1,3,3]$, then Polycarp's news feed had the following states:

Polycarp wants to know the highest (minimum) and the lowest (maximum) positions for each post. Polycarp considers all moments of time, including the moment ""before all likes"".

The first line contains two integer numbers $n$ and $m$ ($1 \le n \le 10^5$, $1 \le m \le 4 \cdot10^5$) — number of posts and number of likes. 

The second line contains integers $a_1, a_2, \dots, a_m$ ($1 \le a_j \le n$), where $a_j$ is the post that received the $j$-th like.

Print $n$ pairs of integer numbers. The $i$-th line should contain the highest (minimum) and the lowest (maximum) positions of the $i$-th post. You should take into account positions at all moments of time: before all likes, after each like and after all likes. Positions are numbered from $1$ (highest) to $n$$ (lowest).",,,['implementation'],1200-1599
624A,,800,math,"Luke Skywalker got locked up in a rubbish shredder between two presses. R2D2 is already working on his rescue, but Luke needs to stay alive as long as possible. For simplicity we will assume that everything happens on a straight line, the presses are initially at coordinates 0 and L, and they move towards each other with speed v1 and v2, respectively. Luke has width d and is able to choose any position between the presses. Luke dies as soon as the distance between the presses is less than his width. Your task is to determine for how long Luke can stay alive.

The first line of the input contains four integers d, L, v1, v2 (1 ≤ d, L, v1, v2 ≤ 10 000, d < L) — Luke's width, the initial position of the second press and the speed of the first and second presses, respectively.

Print a single real value — the maximum period of time Luke can stay alive for. Your answer will be considered correct if its absolute or relative error does not exceed 10 - 6. 

Namely: let's assume that your answer is a, and the answer of the jury is b. The checker program will consider your answer correct, if .

In the first sample Luke should stay exactly in the middle of the segment, that is at coordinates [2;4], as the presses move with the same speed.

In the second sample he needs to occupy the position . In this case both presses move to his edges at the same time.",,,['math'],800-1199
643F,,2900,"dp,math,meet-in-the-middle","There are n bears in the inn and p places to sleep. Bears will party together for some number of nights (and days).

Bears love drinking juice. They don't like wine but they can't distinguish it from juice by taste or smell.

A bear doesn't sleep unless he drinks wine. A bear must go to sleep a few hours after drinking a wine. He will wake up many days after the party is over.

Radewoosh is the owner of the inn. He wants to put some number of barrels in front of bears. One barrel will contain wine and all other ones will contain juice. Radewoosh will challenge bears to find a barrel with wine.

Each night, the following happens in this exact order:

At the end, if it's sure where wine is and there is at least one awake bear then bears win (unless they have lost before because of the number of places to sleep).

Radewoosh wants to allow bears to win. He considers q scenarios. In the i-th scenario the party will last for i nights. Then, let Ri denote the maximum number of barrels for which bears surely win if they behave optimally. Let's define . Your task is to find , where denotes the exclusive or (also denoted as XOR).

Note that the same barrel may be chosen by many bears and all of them will go to sleep at once.

The only line of the input contains three integers n, p and q (1 ≤ n ≤ 109, 1 ≤ p ≤ 130, 1 ≤ q ≤ 2 000 000) — the number of bears, the number of places to sleep and the number of scenarios, respectively.

Print one integer, equal to .

In the first sample, there are 5 bears and only 1 place to sleep. We have R1 = 6, R2 = 11, R3 = 16 so the answer is . Let's analyze the optimal strategy for scenario with 2 days. There are R2 = 11 barrels and 10 of them contain juice.

In the second sample, there is only one bear. He should choose an empty set of barrels in each night. Otherwise, he would maybe get wine and bears would lose (because there must be at least one awake bear). So, for any number of days we have Ri = 1. The answer is .",,,"['dp', 'math', 'meet-in-the-middle']",2800-9999
113C,,2200,"bruteforce,math,numbertheory","On the math lesson a teacher asked each pupil to come up with his own lucky numbers. As a fan of number theory Peter chose prime numbers. Bob was more original. He said that number t is his lucky number, if it can be represented as: 

Now, the boys decided to find out how many days of the interval [l, r] (l ≤ r) are suitable for pair programming. They decided that the day i (l ≤ i ≤ r) is suitable for pair programming if and only if the number i is lucky for Peter and lucky for Bob at the same time. Help the boys to find the number of such days.

The first line of the input contains integer numbers l, r (1 ≤ l, r ≤ 3·108).

In the only line print the number of days on the segment [l, r], which are lucky for Peter and Bob at the same time.",,,"['bruteforce', 'math', 'numbertheory']",2000-2399
282C,,1500,"constructivealgorithms,implementation,math","The Bitlandians are quite weird people. They do everything differently. They have a different alphabet so they have a different definition for a string.

A Bitlandish string is a string made only of characters ""0"" and ""1"".

BitHaval (the mayor of Bitland) loves to play with Bitlandish strings. He takes some Bitlandish string a, and applies several (possibly zero) operations to it. In one operation the mayor may take any two adjacent characters of a string, define one of them as x and the other one as y. Then he calculates two values p and q: p = x xor y, q = x or y. Then he replaces one of the two taken characters by p and the other one by q.

The xor operation means the bitwise excluding OR operation. The or operation is the bitwise OR operation.

So for example one operation can transform string 11 to string 10 or to string 01. String 1 cannot be transformed into any other string.

You've got two Bitlandish strings a and b. Your task is to check if it is possible for BitHaval to transform string a to string b in several (possibly zero) described operations.

The first line contains Bitlandish string a, the second line contains Bitlandish string b. The strings can have different lengths.

It is guaranteed that the given strings only consist of characters ""0"" and ""1"". The strings are not empty, their length doesn't exceed 106.

Print ""YES"" if a can be transformed into b, otherwise print ""NO"". Please do not print the quotes.",,,"['constructivealgorithms', 'implementation', 'math']",1200-1599
199B,,1900,geometry,"A renowned abstract artist Sasha, drawing inspiration from nowhere, decided to paint a picture entitled ""Special Olympics"". He justly thought that, if the regular Olympic games have five rings, then the Special ones will do with exactly two rings just fine.

Let us remind you that a ring is a region located between two concentric circles with radii r and R (r < R). These radii are called internal and external, respectively. Concentric circles are circles with centers located at the same point.

Soon a white canvas, which can be considered as an infinite Cartesian plane, had two perfect rings, painted with solid black paint. As Sasha is very impulsive, the rings could have different radii and sizes, they intersect and overlap with each other in any way. We know only one thing for sure: the centers of the pair of rings are not the same.

When Sasha got tired and fell into a deep sleep, a girl called Ilona came into the room and wanted to cut a circle for the sake of good memories. To make the circle beautiful, she decided to cut along the contour.

We'll consider a contour to be a continuous closed line through which there is transition from one color to another (see notes for clarification). If the contour takes the form of a circle, then the result will be cutting out a circle, which Iona wants.

But the girl's inquisitive mathematical mind does not rest: how many ways are there to cut a circle out of the canvas?

The input contains two lines. 

Each line has four space-separated integers xi, yi, ri, Ri, that describe the i-th ring; xi and yi are coordinates of the ring's center, ri and Ri are the internal and external radii of the ring correspondingly ( - 100 ≤ xi, yi ≤ 100; 1 ≤ ri < Ri ≤ 100). 

It is guaranteed that the centers of the rings do not coinside.

A single integer — the number of ways to cut out a circle from the canvas.

Figures for test samples are given below. The possible cuts are marked with red dotted line.",,,['geometry'],1600-1999
677B,,1400,"implementation,math","Vanya smashes potato in a vertical food processor. At each moment of time the height of the potato in the processor doesn't exceed h and the processor smashes k centimeters of potato each second. If there are less than k centimeters remaining, than during this second processor smashes all the remaining potato.

Vanya has n pieces of potato, the height of the i-th piece is equal to ai. He puts them in the food processor one by one starting from the piece number 1 and finishing with piece number n. Formally, each second the following happens:

Provided the information about the parameter of the food processor and the size of each potato in a row, compute how long will it take for all the potato to become smashed.

The first line of the input contains integers n, h and k (1 ≤ n ≤ 100 000, 1 ≤ k ≤ h ≤ 109) — the number of pieces of potato, the height of the food processor and the amount of potato being smashed each second, respectively.

The second line contains n integers ai (1 ≤ ai ≤ h) — the heights of the pieces.

Print a single integer — the number of seconds required to smash all the potatoes following the process described in the problem statement.

Consider the first sample. 

In the second sample, Vanya puts the piece of height 5 inside and waits for 2 seconds while it is completely smashed. Then he repeats the same process for 4 other pieces. The total time is equal to 2·5 = 10 seconds.

In the third sample, Vanya simply puts all the potato inside the processor and waits 2 seconds.",,,"['implementation', 'math']",1200-1599
627C,,2200,"datastructures,divideandconquer,greedy","Johnny drives a truck and must deliver a package from his hometown to the district center. His hometown is located at point 0 on a number line, and the district center is located at the point d.

Johnny's truck has a gas tank that holds exactly n liters, and his tank is initially full. As he drives, the truck consumes exactly one liter per unit distance traveled. Moreover, there are m gas stations located at various points along the way to the district center. The i-th station is located at the point xi on the number line and sells an unlimited amount of fuel at a price of pi dollars per liter. Find the minimum cost Johnny must pay for fuel to successfully complete the delivery.

The first line of input contains three space separated integers d, n, and m (1 ≤ n ≤ d ≤ 109, 1 ≤ m ≤ 200 000) — the total distance to the district center, the volume of the gas tank, and the number of gas stations, respectively.

Each of the next m lines contains two integers xi, pi (1 ≤ xi ≤ d - 1, 1 ≤ pi ≤ 106) — the position and cost of gas at the i-th gas station. It is guaranteed that the positions of the gas stations are distinct.

Print a single integer — the minimum cost to complete the delivery. If there is no way to complete the delivery, print -1.

In the first sample, Johnny's truck holds 4 liters. He can drive 3 units to the first gas station, buy 2 liters of gas there (bringing the tank to 3 liters total), drive 3 more units to the third gas station, buy 4 liters there to fill up his tank, and then drive straight to the district center. His total cost is 2·5 + 4·3 = 22 dollars.

In the second sample, there is no way for Johnny to make it to the district center, as his tank cannot hold enough gas to take him from the latest gas station to the district center.",,,"['datastructures', 'divideandconquer', 'greedy']",2000-2399
1359B,,1000,"bruteforce,dp,greedy,implementation,twopointers","You might have remembered Theatre square from the problem 1A. Now it's finally getting repaved.

The square still has a rectangular shape of $$n \times m$ meters. However, the picture is about to get more complicated now. Let $a_{i,j}$ be the $j$-th square in the $i$-th row of the pavement.

You are given the picture of the squares:

The black squares are paved already. You have to pave the white squares. There are two options for pavement tiles:

You should cover all the white squares, no two tiles should overlap and no black squares should be covered by tiles.

What is the smallest total price of the tiles needed to cover all the white squares?

The first line contains a single integer $t$ ($1 \le t \le 500$) — the number of testcases. Then the description of $t$ testcases follow.

The first line of each testcase contains four integers $n$, $m$, $x$ and $y$ ($1 \le n \le 100$; $1 \le m \le 1000$; $1 \le x, y \le 1000$) — the size of the Theatre square, the price of the $1 \times 1$ tile and the price of the $1 \times 2$ tile.

Each of the next $n$ lines contains $m$ characters. The $j$-th character in the $i$-th line is $a_{i,j}$. If $a_{i,j} = $ ""*"", then the $j$-th square in the $i$-th row should be black, and if $a_{i,j} = $ ""."", then the $j$-th square in the $i$-th row should be white.

It's guaranteed that the sum of $n \times m$ over all testcases doesn't exceed $10^5$.

For each testcase print a single integer — the smallest total price of the tiles needed to cover all the white squares in burles.

In the first testcase you are required to use a single $1 \times 1$ tile, even though $1 \times 2$ tile is cheaper. So the total price is $10$ burles.

In the second testcase you can either use two $1 \times 1$ tiles and spend $20$ burles or use a single $1 \times 2$ tile and spend $1$ burle. The second option is cheaper, thus the answer is $1$.

The third testcase shows that you can't rotate $1 \times 2$ tiles. You still have to use two $1 \times 1$ tiles for th",,,"['bruteforce', 'dp', 'greedy', 'implementation', 'twopointers']",800-1199
1212D,,1400,math,"Polycarp likes to play with numbers. He takes some integer number $$x$, writes it down on the board, and then performs with it $n - 1$ operations of the two kinds: 

After each operation, Polycarp writes down the result on the board and replaces $x$ by the result. So there will be $n$ numbers on the board after all.

You are given a sequence of length $n$ — the numbers that Polycarp wrote down. This sequence is given in arbitrary order, i.e. the order of the sequence can mismatch the order of the numbers written on the board.

Your problem is to rearrange (reorder) elements of this sequence in such a way that it can match possible Polycarp's game in the order of the numbers written on the board. I.e. each next number will be exactly two times of the previous number or exactly one third of previous number.

It is guaranteed that the answer exists.

The first line of the input contatins an integer number $n$ ($2 \le n \le 100$) — the number of the elements in the sequence. The second line of the input contains $n$ integer numbers $a_1, a_2, \dots, a_n$ ($1 \le a_i \le 3 \cdot 10^{18}$) — rearranged (reordered) sequence that Polycarp can wrote down on the board.

Print $n$ integer numbers — rearranged (reordered) input sequence that can be the sequence that Polycarp could write down on the board.

It is guaranteed that the answer exists.

In the first example the given sequence can be rearranged in the following way: $[9, 3, 6, 12, 4, 8]$. It can match possible Polycarp's game which started with $x = 9$$.",,,['math'],1200-1599
182C,,2000,"datastructures,greedy","And here goes another problem on arrays. You are given positive integer len and array a which consists of n integers a1, a2, ..., an. Let's introduce two characteristics for the given array.

Your task is to calculate the optimal sum of the given array a. However, before you do the calculations, you are allowed to produce no more than k consecutive operations of the following form with this array: one operation means taking an arbitrary number from array ai and multiply it by -1. In other words, no more than k times you are allowed to take an arbitrary number ai from the array and replace it with  - ai. Each number of the array is allowed to choose an arbitrary number of times.

Your task is to calculate the maximum possible optimal sum of the array after at most k operations described above are completed.

The first line contains two integers n, len (1 ≤ len ≤ n ≤ 105) — the number of elements in the array and the length of the chosen subinterval of the array, correspondingly. 

The second line contains a sequence consisting of n integers a1, a2, ..., an (|ai| ≤ 109) — the original array. 

The third line contains a single integer k (0 ≤ k ≤ n) — the maximum allowed number of operations. 

All numbers in lines are separated by a single space.

In a single line print the maximum possible optimal sum after no more than k acceptable operations are fulfilled. 

Please do not use the %lld specifier to read or write 64-bit integers in С++. It is preferred to use cin, cout streams or the %I64d specifier.",,,"['datastructures', 'greedy']",2000-2399
592B,,1100,math,"Ari the monster always wakes up very early with the first ray of the sun and the first thing she does is feeding her squirrel.

Ari draws a regular convex polygon on the floor and numbers it's vertices 1, 2, ..., n in clockwise order. Then starting from the vertex 1 she draws a ray in the direction of each other vertex. The ray stops when it reaches a vertex or intersects with another ray drawn before. Ari repeats this process for vertex 2, 3, ..., n (in this particular order). And then she puts a walnut in each region inside the polygon.

Ada the squirrel wants to collect all the walnuts, but she is not allowed to step on the lines drawn by Ari. That means Ada have to perform a small jump if she wants to go from one region to another. Ada can jump from one region P to another region Q if and only if P and Q share a side or a corner.

Assuming that Ada starts from outside of the picture, what is the minimum number of jumps she has to perform in order to collect all the walnuts?

The first and only line of the input contains a single integer n (3 ≤ n ≤ 54321) - the number of vertices of the regular polygon drawn by Ari.

Print the minimum number of jumps Ada should make to collect all the walnuts. Note, that she doesn't need to leave the polygon after.

One of the possible solutions for the first sample is shown on the picture above.",,,['math'],800-1199
262B,,1200,greedy,"Roma works in a company that sells TVs. Now he has to prepare a report for the last year.

Roma has got a list of the company's incomes. The list is a sequence that consists of n integers. The total income of the company is the sum of all integers in sequence. Roma decided to perform exactly k changes of signs of several numbers in the sequence. He can also change the sign of a number one, two or more times.

The operation of changing a number's sign is the operation of multiplying this number by -1.

Help Roma perform the changes so as to make the total income of the company (the sum of numbers in the resulting sequence) maximum. Note that Roma should perform exactly k changes.

The first line contains two integers n and k (1 ≤ n, k ≤ 105), showing, how many numbers are in the sequence and how many swaps are to be made.

The second line contains a non-decreasing sequence, consisting of n integers ai (|ai| ≤ 104).

The numbers in the lines are separated by single spaces. Please note that the given sequence is sorted in non-decreasing order.

In the single line print the answer to the problem — the maximum total income that we can obtain after exactly k changes.

In the first sample we can get sequence [1, 1, 1], thus the total income equals 3.

In the second test, the optimal strategy is to get sequence [-1, 1, 1], thus the total income equals 1.",,,['greedy'],1200-1599
872E,,2300,graphs,"You are given n distinct points on a plane with integral coordinates. For each point you can either draw a vertical line through it, draw a horizontal line through it, or do nothing.

You consider several coinciding straight lines as a single one. How many distinct pictures you can get? Print the answer modulo 109 + 7.

The first line contains single integer n (1 ≤ n ≤ 105) — the number of points.

n lines follow. The (i + 1)-th of these lines contains two integers xi, yi ( - 109 ≤ xi, yi ≤ 109) — coordinates of the i-th point.

It is guaranteed that all points are distinct.

Print the number of possible distinct pictures modulo 109 + 7.

In the first example there are two vertical and two horizontal lines passing through the points. You can get pictures with any subset of these lines. For example, you can get the picture containing all four lines in two ways (each segment represents a line containing it).

In the second example you can work with two points independently. The number of pictures is 32 = 9.",,,['graphs'],2000-2399
1180C,,1500,"datastructures,implementation","Recently, on the course of algorithms and data structures, Valeriy learned how to use a deque. He built a deque filled with $$n$ elements. The $i$-th element is $a_i$ ($i$ = $1, 2, \ldots, n$). He gradually takes the first two leftmost elements from the deque (let's call them $A$ and $B$, respectively), and then does the following: if $A > B$, he writes $A$ to the beginning and writes $B$ to the end of the deque, otherwise, he writes to the beginning $B$, and $A$ writes to the end of the deque. We call this sequence of actions an operation.

For example, if deque was $[2, 3, 4, 5, 1]$, on the operation he will write $B=3$ to the beginning and $A=2$ to the end, so he will get $[3, 4, 5, 1, 2]$.

The teacher of the course, seeing Valeriy, who was passionate about his work, approached him and gave him $q$ queries. Each query consists of the singular number $m_j$ $(j = 1, 2, \ldots, q)$. It is required for each query to answer which two elements he will pull out on the $m_j$-th operation.

Note that the queries are independent and for each query the numbers $A$ and $B$ should be printed in the order in which they will be pulled out of the deque.

Deque is a data structure representing a list of elements where insertion of new elements or deletion of existing elements can be made from both sides.

The first line contains two integers $n$ and $q$ ($2 \leq n \leq 10^5$, $0 \leq q \leq 3 \cdot 10^5$) — the number of elements in the deque and the number of queries. The second line contains $n$ integers $a_1$, $a_2$, ..., $a_n$, where $a_i$ $(0 \leq a_i \leq 10^9)$ — the deque element in $i$-th position. The next $q$ lines contain one number each, meaning $m_j$ ($1 \leq m_j \leq 10^{18}$).

For each teacher's query, output two numbers $A$ and $B$ — the numbers that Valeriy pulls out of the deque for the $m_j$-th operation.

So, $2$ we write to the beginning of the deque, and $1$ — to the end.

We get the following status of the deque: $[2, 3, 4, 5, 1]$$.",,,"['datastructures', 'implementation']",1200-1599
931B,,1200,"constructivealgorithms,implementation","The last stage of Football World Cup is played using the play-off system.

There are n teams left in this stage, they are enumerated from 1 to n. Several rounds are held, in each round the remaining teams are sorted in the order of their ids, then the first in this order plays with the second, the third — with the fourth, the fifth — with the sixth, and so on. It is guaranteed that in each round there is even number of teams. The winner of each game advances to the next round, the loser is eliminated from the tournament, there are no draws. In the last round there is the only game with two remaining teams: the round is called the Final, the winner is called the champion, and the tournament is over.

Arkady wants his two favorite teams to play in the Final. Unfortunately, the team ids are already determined, and it may happen that it is impossible for teams to meet in the Final, because they are to meet in some earlier stage, if they are strong enough. Determine, in which round the teams with ids a and b can meet.

The only line contains three integers n, a and b (2 ≤ n ≤ 256, 1 ≤ a, b ≤ n) — the total number of teams, and the ids of the teams that Arkady is interested in. 

It is guaranteed that n is such that in each round an even number of team advance, and that a and b are not equal.

In the only line print ""Final!"" (without quotes), if teams a and b can meet in the Final.

Otherwise, print a single integer — the number of the round in which teams a and b can meet. The round are enumerated from 1.

In the first example teams 1 and 2 meet in the first round.

In the second example teams 2 and 6 can only meet in the third round, which is the Final, if they win all their opponents in earlier rounds.

In the third example the teams with ids 7 and 5 can meet in the second round, if they win their opponents in the first round.",,,"['constructivealgorithms', 'implementation']",1200-1599
653A,,900,"bruteforce,implementation,sortings","Limak is a little polar bear. He has n balls, the i-th ball has size ti.

Limak wants to give one ball to each of his three friends. Giving gifts isn't easy — there are two rules Limak must obey to make friends happy:

For example, Limak can choose balls with sizes 4, 5 and 3, or balls with sizes 90, 91 and 92. But he can't choose balls with sizes 5, 5 and 6 (two friends would get balls of the same size), and he can't choose balls with sizes 30, 31 and 33 (because sizes 30 and 33 differ by more than 2).

Your task is to check whether Limak can choose three balls that satisfy conditions above.

The first line of the input contains one integer n (3 ≤ n ≤ 50) — the number of balls Limak has.

The second line contains n integers t1, t2, ..., tn (1 ≤ ti ≤ 1000) where ti denotes the size of the i-th ball.

Print ""YES"" (without quotes) if Limak can choose three balls of distinct sizes, such that any two of them differ by no more than 2. Otherwise, print ""NO"" (without quotes).

In the first sample, there are 4 balls and Limak is able to choose three of them to satisfy the rules. He must must choose balls with sizes 18, 16 and 17.

In the second sample, there is no way to give gifts to three friends without breaking the rules.

In the third sample, there is even more than one way to choose balls:",,,"['bruteforce', 'implementation', 'sortings']",800-1199
737B,,1700,"constructivealgorithms,greedy,implementation,math","Galya is playing one-dimensional Sea Battle on a 1 × n grid. In this game a ships are placed on the grid. Each of the ships consists of b consecutive cells. No cell can be part of two ships, however, the ships can touch each other.

Galya doesn't know the ships location. She can shoot to some cells and after each shot she is told if that cell was a part of some ship (this case is called ""hit"") or not (this case is called ""miss"").

Galya has already made k shots, all of them were misses.

Your task is to calculate the minimum number of cells such that if Galya shoot at all of them, she would hit at least one ship.

It is guaranteed that there is at least one valid ships placement.

The first line contains four positive integers n, a, b, k (1 ≤ n ≤ 2·105, 1 ≤ a, b ≤ n, 0 ≤ k ≤ n - 1) — the length of the grid, the number of ships on the grid, the length of each ship and the number of shots Galya has already made.

The second line contains a string of length n, consisting of zeros and ones. If the i-th character is one, Galya has already made a shot to this cell. Otherwise, she hasn't. It is guaranteed that there are exactly k ones in this string. 

In the first line print the minimum number of cells such that if Galya shoot at all of them, she would hit at least one ship.

In the second line print the cells Galya should shoot at.

Each cell should be printed exactly once. You can print the cells in arbitrary order. The cells are numbered from 1 to n, starting from the left.

If there are multiple answers, you can print any of them.

There is one ship in the first sample. It can be either to the left or to the right from the shot Galya has already made (the ""1"" character). So, it is necessary to make two shots: one at the left part, and one at the right part.",,,"['constructivealgorithms', 'greedy', 'implementation', 'math']",1600-1999
651C,,1400,"datastructures,geometry,implementation,sortings","Watchmen are in a danger and Doctor Manhattan together with his friend Daniel Dreiberg should warn them as soon as possible. There are n watchmen on a plane, the i-th watchman is located at point (xi, yi).

They need to arrange a plan, but there are some difficulties on their way. As you know, Doctor Manhattan considers the distance between watchmen i and j to be |xi - xj| + |yi - yj|. Daniel, as an ordinary person, calculates the distance using the formula .

The success of the operation relies on the number of pairs (i, j) (1 ≤ i < j ≤ n), such that the distance between watchman i and watchmen j calculated by Doctor Manhattan is equal to the distance between them calculated by Daniel. You were asked to compute the number of such pairs.

The first line of the input contains the single integer n (1 ≤ n ≤ 200 000) — the number of watchmen.

Each of the following n lines contains two integers xi and yi (|xi|, |yi| ≤ 109).

Some positions may coincide.

Print the number of pairs of watchmen such that the distance between them calculated by Doctor Manhattan is equal to the distance calculated by Daniel.

In the first sample, the distance between watchman 1 and watchman 2 is equal to |1 - 7| + |1 - 5| = 10 for Doctor Manhattan and for Daniel. For pairs (1, 1), (1, 5) and (7, 5), (1, 5) Doctor Manhattan and Daniel will calculate the same distances.",,,"['datastructures', 'geometry', 'implementation', 'sortings']",1200-1599
752A,,800,"constructivealgorithms,math","Santa Claus is the first who came to the Christmas Olympiad, and he is going to be the first to take his place at a desk! In the classroom there are n lanes of m desks each, and there are two working places at each of the desks. The lanes are numbered from 1 to n from the left to the right, the desks in a lane are numbered from 1 to m starting from the blackboard. Note that the lanes go perpendicularly to the blackboard, not along it (see picture).

The organizers numbered all the working places from 1 to 2nm. The places are numbered by lanes (i. e. all the places of the first lane go first, then all the places of the second lane, and so on), in a lane the places are numbered starting from the nearest to the blackboard (i. e. from the first desk in the lane), at each desk, the place on the left is numbered before the place on the right.

Santa Clause knows that his place has number k. Help him to determine at which lane at which desk he should sit, and whether his place is on the left or on the right!

The only line contains three integers n, m and k (1 ≤ n, m ≤ 10 000, 1 ≤ k ≤ 2nm) — the number of lanes, the number of desks in each lane and the number of Santa Claus' place.

Print two integers: the number of lane r, the number of desk d, and a character s, which stands for the side of the desk Santa Claus. The character s should be ""L"", if Santa Clause should sit on the left, and ""R"" if his place is on the right.

The first and the second samples are shown on the picture. The green place corresponds to Santa Claus' place in the first example, the blue place corresponds to Santa Claus' place in the second example.

In the third sample there are two lanes with four desks in each, and Santa Claus has the fourth place. Thus, his place is in the first lane at the second desk on the right.",,,"['constructivealgorithms', 'math']",800-1199
265A,,800,implementation,"There is a sequence of colorful stones. The color of each stone is one of red, green, or blue. You are given a string s. The i-th (1-based) character of s represents the color of the i-th stone. If the character is ""R"", ""G"", or ""B"", the color of the corresponding stone is red, green, or blue, respectively.

Initially Squirrel Liss is standing on the first stone. You perform instructions one or more times.

Each instruction is one of the three types: ""RED"", ""GREEN"", or ""BLUE"". After an instruction c, if Liss is standing on a stone whose colors is c, Liss will move one stone forward, else she will not move.

You are given a string t. The number of instructions is equal to the length of t, and the i-th character of t represents the i-th instruction.

Calculate the final position of Liss (the number of the stone she is going to stand on in the end) after performing all the instructions, and print its 1-based position. It is guaranteed that Liss don't move out of the sequence.

The input contains two lines. The first line contains the string s (1 ≤ |s| ≤ 50). The second line contains the string t (1 ≤ |t| ≤ 50). The characters of each string will be one of ""R"", ""G"", or ""B"". It is guaranteed that Liss don't move out of the sequence.

Print the final 1-based position of Liss in a single line.",,,['implementation'],800-1199
1099A,,800,implementation,"Today's morning was exceptionally snowy. Meshanya decided to go outside and noticed a huge snowball rolling down the mountain! Luckily, there are two stones on that mountain.

Initially, snowball is at height $$h$ and it has weight $w$. Each second the following sequence of events happens: snowball's weights increases by $i$, where $i$ — is the current height of snowball, then snowball hits the stone (if it's present at the current height), then snowball moves one meter down. If the snowball reaches height zero, it stops.

There are exactly two stones on the mountain. First stone has weight $u_1$ and is located at height $d_1$, the second one — $u_2$ and $d_2$ respectively. When the snowball hits either of two stones, it loses weight equal to the weight of that stone. If after this snowball has negative weight, then its weight becomes zero, but the snowball continues moving as before.

Find the weight of the snowball when it stops moving, that is, it reaches height 0.

First line contains two integers $w$ and $h$ — initial weight and height of the snowball ($0 \le w \le 100$; $1 \le h \le 100$).

Second line contains two integers $u_1$ and $d_1$ — weight and height of the first stone ($0 \le u_1 \le 100$; $1 \le d_1 \le h$).

Third line contains two integers $u_2$ and $d_2$ — weight and heigth of the second stone ($0 \le u_2 \le 100$; $1 \le d_2 \le h$; $d_1 \ne d_2$$). Notice that stones always have different heights.

Output a single integer — final weight of the snowball after it reaches height 0.

In the first example, initially a snowball of weight 4 is located at a height of 3, there are two stones of weight 1, at a height of 1 and 2, respectively. The following events occur sequentially: 

Thus, at the end the weight of the snowball is equal to 8.",,,['implementation'],800-1199
31A,,1200,implementation,"Professor Vasechkin is studying evolution of worms. Recently he put forward hypotheses that all worms evolve by division. There are n forms of worms. Worms of these forms have lengths a1, a2, ..., an. To prove his theory, professor needs to find 3 different forms that the length of the first form is equal to sum of lengths of the other two forms. Help him to do this.

The first line contains integer n (3 ≤ n ≤ 100) — amount of worm's forms. The second line contains n space-separated integers ai (1 ≤ ai ≤ 1000) — lengths of worms of each form.

Output 3 distinct integers i j k (1 ≤ i, j, k ≤ n) — such indexes of worm's forms that ai = aj + ak. If there is no such triple, output -1. If there are several solutions, output any of them. It possible that aj = ak.",,,['implementation'],1200-1599
419C,,1900,,"Recently a serious bug has been found in the FOS code. The head of the F company wants to find the culprit and punish him. For that, he set up an organizational meeting, the issue is: who's bugged the code? Each of the n coders on the meeting said: 'I know for sure that either x or y did it!'

The head of the company decided to choose two suspects and invite them to his office. Naturally, he should consider the coders' opinions. That's why the head wants to make such a choice that at least p of n coders agreed with it. A coder agrees with the choice of two suspects if at least one of the two people that he named at the meeting was chosen as a suspect. In how many ways can the head of F choose two suspects?

Note that even if some coder was chosen as a suspect, he can agree with the head's choice if he named the other chosen coder at the meeting.

The first line contains integers n and p (3 ≤ n ≤ 3·105; 0 ≤ p ≤ n) — the number of coders in the F company and the minimum number of agreed people.

Each of the next n lines contains two integers xi, yi (1 ≤ xi, yi ≤ n) — the numbers of coders named by the i-th coder. It is guaranteed that xi ≠ i,  yi ≠ i,  xi ≠ yi.

Print a single integer — the number of possible two-suspect sets. Note that the order of the suspects doesn't matter, that is, sets (1, 2) and (2, 1) are considered identical.",,,[],1600-1999
1311B,,1200,"dfsandsimilar,sortings","You are given an array $$a$ of length $n$.

You are also given a set of distinct positions $p_1, p_2, \dots, p_m$, where $1 \le p_i < n$. The position $p_i$ means that you can swap elements $a[p_i]$ and $a[p_i + 1]$. You can apply this operation any number of times for each of the given positions.

Your task is to determine if it is possible to sort the initial array in non-decreasing order ($a_1 \le a_2 \le \dots \le a_n$) using only allowed swaps.

For example, if $a = [3, 2, 1]$ and $p = [1, 2]$, then we can first swap elements $a[2]$ and $a[3]$ (because position $2$ is contained in the given set $p$). We get the array $a = [3, 1, 2]$. Then we swap $a[1]$ and $a[2]$ (position $1$ is also contained in $p$). We get the array $a = [1, 3, 2]$. Finally, we swap $a[2]$ and $a[3]$ again and get the array $a = [1, 2, 3]$, sorted in non-decreasing order.

You can see that if $a = [4, 1, 2, 3]$ and $p = [3, 2]$ then you cannot sort the array.

You have to answer $t$ independent test cases.

The first line of the input contains one integer $t$ ($1 \le t \le 100$) — the number of test cases.

Then $t$ test cases follow. The first line of each test case contains two integers $n$ and $m$ ($1 \le m < n \le 100$) — the number of elements in $a$ and the number of elements in $p$. The second line of the test case contains $n$ integers $a_1, a_2, \dots, a_n$ ($1 \le a_i \le 100$). The third line of the test case contains $m$ integers $p_1, p_2, \dots, p_m$ ($1 \le p_i < n$, all $p_i$ are distinct) — the set of positions described in the problem statement.

For each test case, print the answer — ""YES"" (without quotes) if you can sort the initial array in non-decreasing order ($a_1 \le a_2 \le \dots \le a_n$$) using only allowed swaps. Otherwise, print ""NO"".",,,"['dfsandsimilar', 'sortings']",1200-1599
178D3,,2100,,"The Smart Beaver from ABBYY loves puzzles. One of his favorite puzzles is the magic square. He has recently had an idea to automate the solution of this puzzle. The Beaver decided to offer this challenge to the ABBYY Cup contestants.

The magic square is a matrix of size n × n. The elements of this matrix are integers. The sum of numbers in each row of the matrix is equal to some number s. The sum of numbers in each column of the matrix is also equal to s. In addition, the sum of the elements on the main diagonal is equal to s and the sum of elements on the secondary diagonal is equal to s. Examples of magic squares are given in the following figure:

You are given a set of n2 integers ai. It is required to place these numbers into a square matrix of size n × n so that they form a magic square. Note that each number must occur in the matrix exactly the same number of times as it occurs in the original set.

It is guaranteed that a solution exists!

The first input line contains a single integer n. The next line contains n2 integers ai ( - 108 ≤ ai ≤ 108), separated by single spaces.

The input limitations for getting 20 points are: 

The input limitations for getting 50 points are: 

The input limitations for getting 100 points are: 

The first line of the output should contain a single integer s. In each of the following n lines print n integers, separated by spaces and describing the resulting magic square. In the resulting magic square the sums in the rows, columns and diagonals must be equal to s. If there are multiple solutions, you are allowed to print any of them.",,,[],2000-2399
1206A,,800,"math,sortings","You are given an array $$A$, consisting of $n$ positive integers $a_1, a_2, \dots, a_n$, and an array $B$, consisting of $m$ positive integers $b_1, b_2, \dots, b_m$. 

Choose some element $a$ of $A$ and some element $b$ of $B$ such that $a+b$ doesn't belong to $A$ and doesn't belong to $B$. 

For example, if $A = [2, 1, 7]$ and $B = [1, 3, 4]$, we can choose $1$ from $A$ and $4$ from $B$, as number $5 = 1 + 4$ doesn't belong to $A$ and doesn't belong to $B$. However, we can't choose $2$ from $A$ and $1$ from $B$, as $3 = 2 + 1$ belongs to $B$.

It can be shown that such a pair exists. If there are multiple answers, print any.

Choose and print any such two numbers.

The first line contains one integer $n$ ($1\le n \le 100$) — the number of elements of $A$.

The second line contains $n$ integers $a_1, a_2, \dots, a_n$ ($1 \le a_i \le 200$) — the elements of $A$.

The third line contains one integer $m$ ($1\le m \le 100$) — the number of elements of $B$.

The fourth line contains $m$ different integers $b_1, b_2, \dots, b_m$ ($1 \le b_i \le 200$) — the elements of $B$.

It can be shown that the answer always exists.

Output two numbers $a$ and $b$ such that $a$ belongs to $A$, $b$ belongs to $B$, but $a+b$ doesn't belong to nor $A$ neither $B$.

If there are multiple answers, print any.

In the first example, we can choose $20$ from array $[20]$ and $20$ from array $[10, 20]$. Number $40 = 20 + 20$ doesn't belong to any of those arrays. However, it is possible to choose $10$ from the second array too.

In the second example, we can choose $3$ from array $[3, 2, 2]$ and $1$ from array $[1, 5, 7, 7, 9]$. Number $4 = 3 + 1$ doesn't belong to any of those arrays.

In the third example, we can choose $1$ from array $[1, 3, 5, 7]$ and $1$ from array $[7, 5, 3, 1]$. Number $2 = 1 + 1$$ doesn't belong to any of those arrays.",,,"['math', 'sortings']",800-1199
1282D,,2300,"constructivealgorithms,interactive,strings","This is an interactive problem.

After completing the last level of the enchanted temple, you received a powerful artifact of the 255th level. Do not rush to celebrate, because this artifact has a powerful rune that can be destroyed with a single spell $$s$, which you are going to find. 

We define the spell as some non-empty string consisting only of the letters a and b.

At any time, you can cast an arbitrary non-empty spell $t$, and the rune on the artifact will begin to resist. Resistance of the rune is the edit distance between the strings that specify the casted spell $t$ and the rune-destroying spell $s$.

Edit distance of two strings $s$ and $t$ is a value equal to the minimum number of one-character operations of replacing, inserting and deleting characters in $s$ to get $t$. For example, the distance between ababa and aaa is $2$, the distance between aaa and aba is $1$, the distance between bbaba and abb is $3$. The edit distance is $0$ if and only if the strings are equal.

It is also worth considering that the artifact has a resistance limit  — if you cast more than $n + 2$ spells, where $n$ is the length of spell $s$, the rune will be blocked.

Thus, it takes $n + 2$ or fewer spells to destroy the rune that is on your artifact. Keep in mind that the required destructive spell $s$ must also be counted among these $n + 2$ spells.

Note that the length $n$ of the rune-destroying spell $s$ is not known to you in advance. It is only known that its length $n$ does not exceed $300$.

Interaction is happening through queries.

Each request consists of a single non-empty string $t$  — the spell you want to cast. The length of string $t$ should not exceed $300$. Each string should consist only of the letters a and b.

In response to the query, you will get resistance runes  — the edit distance between the strings that specify the casted spell $t$ and the secret rune-destroying spell $s$. Remember that $s$ contains only the letters a and b.

After breaking the run",,,"['constructivealgorithms', 'interactive', 'strings']",2000-2399
287C,,1400,"constructivealgorithms,greedy,implementation,math","A permutation p of size n is the sequence p1, p2, ..., pn, consisting of n distinct integers, each of them is from 1 to n (1 ≤ pi ≤ n).

A lucky permutation is such permutation p, that any integer i (1 ≤ i ≤ n) meets this condition ppi = n - i + 1.

You have integer n. Find some lucky permutation p of size n.

The first line contains integer n (1 ≤ n ≤ 105) — the required permutation size.

Print ""-1"" (without the quotes) if the lucky permutation p of size n doesn't exist.

Otherwise, print n distinct integers p1, p2, ..., pn (1 ≤ pi ≤ n) after a space — the required permutation.

If there are multiple answers, you can print any of them.",,,"['constructivealgorithms', 'greedy', 'implementation', 'math']",1200-1599
1068A,,1400,math,"Ivan is collecting coins. There are only $$N$ different collectible coins, Ivan has $K$ of them. He will be celebrating his birthday soon, so all his $M$ freinds decided to gift him coins. They all agreed to three terms: 

But his friends don't know which coins have Ivan already got in his collection. They don't want to spend money so they want to buy minimum quantity of coins, that satisfy all terms, irrespective of the Ivan's collection. Help them to find this minimum number of coins or define it's not possible to meet all the terms.

The only line of input contains 4 integers $N$, $M$, $K$, $L$ ($1 \le K \le N \le 10^{18}$; $1 \le M, \,\, L \le 10^{18}$$) — quantity of different coins, number of Ivan's friends, size of Ivan's collection and quantity of coins, that must be new in Ivan's collection.

Print one number — minimal number of coins one friend can gift to satisfy all the conditions. If it is impossible to satisfy all three conditions print ""-1"" (without quotes).

In the first test, one coin from each friend is enough, as he will be presented with 15 different coins and 13 of them will definitely be new.

In the second test, Ivan has 11 friends, but there are only 10 different coins. So all friends can't present him different coins.",,,['math'],1200-1599
246C,,1600,"bruteforce,constructivealgorithms,greedy","General Payne has a battalion of n soldiers. The soldiers' beauty contest is coming up, it will last for k days. Payne decided that his battalion will participate in the pageant. Now he has choose the participants.

All soldiers in the battalion have different beauty that is represented by a positive integer. The value ai represents the beauty of the i-th soldier.

On each of k days Generals has to send a detachment of soldiers to the pageant. The beauty of the detachment is the sum of the beauties of the soldiers, who are part of this detachment. Payne wants to surprise the jury of the beauty pageant, so each of k days the beauty of the sent detachment should be unique. In other words, all k beauties of the sent detachments must be distinct numbers.

Help Payne choose k detachments of different beauties for the pageant. Please note that Payne cannot just forget to send soldiers on one day, that is, the detachment of soldiers he sends to the pageant should never be empty.

The first line contains two integers n, k (1 ≤ n ≤ 50; 1 ≤ k ≤  ) — the number of soldiers and the number of days in the pageant, correspondingly. The second line contains space-separated integers a1, a2, ..., an (1 ≤ ai ≤ 107) — the beauties of the battalion soldiers.

It is guaranteed that Payne's battalion doesn't have two soldiers with the same beauty.

Print k lines: in the i-th line print the description of the detachment that will participate in the pageant on the i-th day. The description consists of integer ci (1 ≤ ci ≤ n) — the number of soldiers in the detachment on the i-th day of the pageant and ci distinct integers p1, i, p2, i, ..., pci, i — the beauties of the soldiers in the detachment on the i-th day of the pageant. The beauties of the soldiers are allowed to print in any order.

Separate numbers on the lines by spaces. It is guaranteed that there is the solution that meets the problem conditions. If there are multiple solutions, print any of them.",,,"['bruteforce', 'constructivealgorithms', 'greedy']",1600-1999
1113B,,1300,"greedy,numbertheory","One day Sasha visited the farmer 2D and his famous magnetic farm. On this farm, the crop grows due to the influence of a special magnetic field. Maintaining of the magnetic field is provided by $$n$ machines, and the power of the $i$-th machine is $a_i$. 

This year 2D decided to cultivate a new culture, but what exactly he didn't say. For the successful growth of the new culture, it is necessary to slightly change the powers of the machines. 2D can at most once choose an arbitrary integer $x$, then choose one machine and reduce the power of its machine by $x$ times, and at the same time increase the power of one another machine by $x$ times (powers of all the machines must stay positive integers). Note that he may not do that if he wants. More formally, 2D can choose two such indices $i$ and $j$, and one integer $x$ such that $x$ is a divisor of $a_i$, and change powers as following: $a_i = \frac{a_i}{x}$, $a_j = a_j \cdot x$

Sasha is very curious, that's why he wants to calculate the minimum total power the farmer can reach. There are too many machines, and Sasha can't cope with computations, help him!

The first line contains one integer $n$ ($2 \le n \le 5 \cdot 10^4$) — the number of machines.

The second line contains $n$ integers $a_1, a_2, \ldots, a_n$ ($1 \le a_i \le 100$) — the powers of the machines.

Print one integer — minimum total power.

In the first example, the farmer can reduce the power of the $4$-th machine by $2$ times, and increase the power of the $1$-st machine by $2$ times, then the powers will be: $[2, 2, 3, 2, 5]$.

In the second example, the farmer can reduce the power of the $3$-rd machine by $2$ times, and increase the power of the $2$-nd machine by $2$$ times. At the same time, the farmer can leave is be as it is and the total power won't change.

In the third example, it is optimal to leave it be as it is.",,,"['greedy', 'numbertheory']",1200-1599
281E,,2200,math,"Momiji has got a rooted tree, consisting of n nodes. The tree nodes are numbered by integers from 1 to n. The root has number 1. Momiji decided to play a game on this tree.

The game consists of several steps. On each step, Momiji chooses one of the remaining tree nodes (let's denote it by v) and removes all the subtree nodes with the root in node v from the tree. Node v gets deleted as well. The game finishes when the tree has no nodes left. In other words, the game finishes after the step that chooses the node number 1.

Each time Momiji chooses a new node uniformly among all the remaining nodes. Your task is to find the expectation of the number of steps in the described game.

The first line contains integer n (1 ≤ n ≤ 105) — the number of nodes in the tree. The next n - 1 lines contain the tree edges. The i-th line contains integers ai, bi (1 ≤ ai, bi ≤ n; ai ≠ bi) — the numbers of the nodes that are connected by the i-th edge.

It is guaranteed that the given graph is a tree.

Print a single real number — the expectation of the number of steps in the described game.

The answer will be considered correct if the absolute or relative error doesn't exceed 10 - 6.

In the first sample, there are two cases. One is directly remove the root and another is remove the root after one step. Thus the expected steps are: 

In the second sample, things get more complex. There are two cases that reduce to the first sample, and one case cleaned at once. Thus the expected steps are:",,,['math'],2000-2399
1409D,,1500,"greedy,math","You are given a positive integer $$n$. In one move, you can increase $n$ by one (i.e. make $n := n + 1$). Your task is to find the minimum number of moves you need to perform in order to make the sum of digits of $n$ be less than or equal to $s$.

You have to answer $t$ independent test cases.

The first line of the input contains one integer $t$ ($1 \le t \le 2 \cdot 10^4$) — the number of test cases. Then $t$ test cases follow.

The only line of the test case contains two integers $n$ and $s$ ($1 \le n \le 10^{18}$; $1 \le s \le 162$).

For each test case, print the answer: the minimum number of moves you need to perform in order to make the sum of digits of $n$ be less than or equal to $s$$.",,,"['greedy', 'math']",1200-1599
12A,,800,implementation,"There is a very secret base in Potatoland where potato mash is made according to a special recipe. The neighbours from Porridgia decided to seize this recipe and to sell it to Pilauland. For this mission they have been preparing special agent Pearlo for many years. When, finally, Pearlo learned all secrets of espionage, he penetrated into the Potatoland territory and reached the secret base.

Now he is standing at the entrance, but to get inside he need to pass combination lock. Minute ago one of the workers entered the password on the terminal and opened the door. The terminal is a square digital keyboard 3 × 3 with digits from 1 to 9.

Pearlo knows that the password consists from distinct digits and is probably symmetric with respect to the central button of the terminal. He has heat sensor which allowed him to detect the digits which the worker pressed. Now he wants to check whether the password entered by the worker is symmetric with respect to the central button of the terminal. This fact can Help Pearlo to reduce the number of different possible password combinations.

Input contains the matrix of three rows of three symbols each. Symbol «X» means that the corresponding button was pressed, and «.» means that is was not pressed. The matrix may contain no «X», also it may contain no «.».

Print YES if the password is symmetric with respect to the central button of the terminal and NO otherwise.

If you are not familiar with the term «central symmetry», you may look into http://en.wikipedia.org/wiki/Central_symmetry",,,['implementation'],800-1199
1400C,,1500,"2-sat,bruteforce,constructivealgorithms,greedy","Consider the following process. You have a binary string (a string where each character is either 0 or 1) $$w$ of length $n$ and an integer $x$. You build a new binary string $s$ consisting of $n$ characters. The $i$-th character of $s$ is chosen as follows:

You are given the integer $x$ and the resulting string $s$. Reconstruct the original string $w$.

The first line contains one integer $t$ ($1 \le t \le 1000$) — the number of test cases.

Each test case consists of two lines. The first line contains the resulting string $s$ ($2 \le |s| \le 10^5$, each character of $s$ is either 0 or 1). The second line contains one integer $x$ ($1 \le x \le |s| - 1$).

The total length of all strings $s$ in the input does not exceed $10^5$$.

For each test case, print the answer on a separate line as follows:",,,"['2-sat', 'bruteforce', 'constructivealgorithms', 'greedy']",1200-1599
1326D1,,1500,"hashing,stringsuffixstructures,strings","This is the easy version of the problem. The difference is the constraint on the sum of lengths of strings and the number of test cases. You can make hacks only if you solve all versions of this task.

You are given a string $$s$, consisting of lowercase English letters. Find the longest string, $t$, which satisfies the following conditions: 

The input consists of multiple test cases. The first line contains a single integer $t$ ($1 \leq t \leq 1000$), the number of test cases. The next $t$ lines each describe a test case.

Each test case is a non-empty string $s$, consisting of lowercase English letters.

It is guaranteed that the sum of lengths of strings over all test cases does not exceed $5000$.

For each test case, print the longest string which satisfies the conditions described above. If there exists multiple possible solutions, print any of them.

In the first test, the string $s = $""a"" satisfies all conditions.

In the second test, the string ""abcdfdcba"" satisfies all conditions, because:

It can be proven that there does not exist a longer string which satisfies the conditions.

In the fourth test, the string ""c"" is correct, because ""c"" $=$ ""c"" $+$ """" and $a$ or $b$$ can be empty. The other possible solution for this test is ""s"".",,,"['hashing', 'stringsuffixstructures', 'strings']",1200-1599
135D,,2500,"bruteforce,dfsandsimilar,implementation","Little Petya very much likes rectangular tables that consist of characters ""0"" and ""1"". Recently he has received one such table as a gift from his mother. The table contained n rows and m columns. The rows are numbered from top to bottom from 1 to n, the columns are numbered from the left to the right from 1 to m. Petya immediately decided to find the longest cool cycle whatever it takes.

A cycle is a sequence of pairwise distinct cells where each two consecutive cells have a common side; besides, the first cell has a common side with the last cell. A cycle is called cool if it fulfills all the following conditions simultaneously: 

To define the notion of ""outside"" formally, let's draw a cycle on a plane. Let each cell of the cycle (i, j) (i is the row number, j is the column number) correspond to the point (i, j) on the coordinate plane. Let a straight line segment join each pair of points that correspond to the cells belonging to the cycle and sharing a side. Thus, we will get a closed polyline that has no self-intersections and self-touches. The polyline divides the plane into two connected parts: the part of an infinite area and the part of a finite area. It is considered that cell (r, c) lies outside of the cycle if it does not belong to the cycle and the corresponding point on the plane with coordinates (r, c) lies in the part with the infinite area.

Help Petya to find the length of the longest cool cycle in the table. The cycle length is defined as the number of cells that belong to the cycle.

The first line contains two integers n and m (1 ≤ n, m ≤ 1000) — the number of rows and columns in the table, respectively. Each of the following n lines contains m characters. Each character can be either ""0"" or ""1"".

Print a single number — the length of the longest cool cycle in the table. If such cycles do not exist, print 0.

In the first example there's only one cycle and it is cool.

In the second sample there's no cycle at all.

In the third sample there are",,,"['bruteforce', 'dfsandsimilar', 'implementation']",2400-2799
1249B1,,1000,"dsu,math","The only difference between easy and hard versions is constraints.

There are $$n$ kids, each of them is reading a unique book. At the end of any day, the $i$-th kid will give his book to the $p_i$-th kid (in case of $i = p_i$ the kid will give his book to himself). It is guaranteed that all values of $p_i$ are distinct integers from $1$ to $n$ (i.e. $p$ is a permutation). The sequence $p$ doesn't change from day to day, it is fixed.

For example, if $n=6$ and $p=[4, 6, 1, 3, 5, 2]$ then at the end of the first day the book of the $1$-st kid will belong to the $4$-th kid, the $2$-nd kid will belong to the $6$-th kid and so on. At the end of the second day the book of the $1$-st kid will belong to the $3$-th kid, the $2$-nd kid will belong to the $2$-th kid and so on.

Your task is to determine the number of the day the book of the $i$-th child is returned back to him for the first time for every $i$ from $1$ to $n$.

Consider the following example: $p = [5, 1, 2, 4, 3]$. The book of the $1$-st kid will be passed to the following kids:

So after the fourth day, the book of the first kid will return to its owner. The book of the fourth kid will return to him for the first time after exactly one day.

You have to answer $q$ independent queries.

The first line of the input contains one integer $q$ ($1 \le q \le 200$) — the number of queries. Then $q$ queries follow.

The first line of the query contains one integer $n$ ($1 \le n \le 200$) — the number of kids in the query. The second line of the query contains $n$ integers $p_1, p_2, \dots, p_n$ ($1 \le p_i \le n$, all $p_i$ are distinct, i.e. $p$ is a permutation), where $p_i$ is the kid which will get the book of the $i$-th kid.

For each query, print the answer on it: $n$ integers $a_1, a_2, \dots, a_n$, where $a_i$ is the number of the day the book of the $i$$-th child is returned back to him for the first time in this query.",,,"['dsu', 'math']",800-1199
648D,,1900,"greedy,sortings","На координатной прямой сидит n собачек, i-я собачка находится в точке xi. Кроме того, на прямой есть m мисок с едой, для каждой известна её координата на прямой uj и время tj, через которое еда в миске остынет и станет невкусной. Это значит, что если собачка прибежит к миске в момент времени, строго больший tj, то еда уже остынет, и собачка кушать её не станет.

Считая, что каждая собачка бежит со скоростью 1, найдите максимальное количество собачек, которые смогут покушать. Считайте, что собачки побегут к тем мискам, на которые вы им укажете. Из одной миски не могут кушать две или более собачки.

Собачки могут обгонять друг друга, то есть, если одна из них остановится покушать, другая может пройти мимо неё, чтобы попасть к другой миске.

В первой строке находится пара целых чисел n и m (1 ≤ n, m ≤ 200 000) — количество собачек и мисок соответственно.

Во второй строке находятся n целых чисел xi ( - 109 ≤ xi ≤ 109) — координата i-й собачки.

В следующих m строках находятся пары целых чисел uj и tj ( - 109 ≤ uj ≤ 109, 1 ≤ tj ≤ 109) — координата j-й миски и время, когда остынет еда в ней, соответственно.

Гарантируется, что никакие две собачки не находятся в одной точке. Никакие две миски также не могут находиться в одной точке.

Выведите одно целое число a — максимальное количество собачек, которые смогут покушать.

В первом примере первая собачка побежит направо к первой миске, третья собачка сразу начнёт есть из второй миски, четвёртая собачка побежит влево к третьей миске, а пятая собачка побежит влево к четвёртой миске.",,,"['greedy', 'sortings']",1600-1999
963D,,2500,"hashing,stringsuffixstructures,strings","You are given a string $$s$. You should answer $n$ queries. The $i$-th query consists of integer $k_i$ and string $m_i$. The answer for this query is the minimum length of such a string $t$ that $t$ is a substring of $s$ and $m_i$ has at least $k_i$ occurrences as a substring in $t$.

A substring of a string is a continuous segment of characters of the string.

It is guaranteed that for any two queries the strings $m_i$ from these queries are different. 

The first line contains string $s$ $(1 \leq \left | s \right | \leq 10^{5})$.

The second line contains an integer $n$ ($1 \leq n \leq 10^5$).

Each of next $n$ lines contains an integer $k_i$ $(1 \leq k_i \leq |s|)$ and a non-empty string $m_i$ — parameters of the query with number $i$, in this order.

All strings in input consists of lowercase English letters. Sum of length of all strings in input doesn't exceed $10^5$. All $m_i$ are distinct.

For each query output the answer for it in a separate line.

If a string $m_{i}$ occurs in $s$ less that $k_{i}$$ times, output -1.",,,"['hashing', 'stringsuffixstructures', 'strings']",2400-2799
834B,,1100,"datastructures,implementation","It's the end of July – the time when a festive evening is held at Jelly Castle! Guests from all over the kingdom gather here to discuss new trends in the world of confectionery. Yet some of the things discussed here are not supposed to be disclosed to the general public: the information can cause discord in the kingdom of Sweetland in case it turns out to reach the wrong hands. So it's a necessity to not let any uninvited guests in.

There are 26 entrances in Jelly Castle, enumerated with uppercase English letters from A to Z. Because of security measures, each guest is known to be assigned an entrance he should enter the castle through. The door of each entrance is opened right before the first guest's arrival and closed right after the arrival of the last guest that should enter the castle through this entrance. No two guests can enter the castle simultaneously.

For an entrance to be protected from possible intrusion, a candy guard should be assigned to it. There are k such guards in the castle, so if there are more than k opened doors, one of them is going to be left unguarded! Notice that a guard can't leave his post until the door he is assigned to is closed.

Slastyona had a suspicion that there could be uninvited guests at the evening. She knows the order in which the invited guests entered the castle, and wants you to help her check whether there was a moment when more than k doors were opened.

Two integers are given in the first string: the number of guests n and the number of guards k (1 ≤ n ≤ 106, 1 ≤ k ≤ 26).

In the second string, n uppercase English letters s1s2... sn are given, where si is the entrance used by the i-th guest.

Output «YES» if at least one door was unguarded during some time, and «NO» otherwise.

You can output each letter in arbitrary case (upper or lower).

In the first sample case, the door A is opened right before the first guest's arrival and closed when the second guest enters the castle. The door B is opened right before the a",,,"['datastructures', 'implementation']",800-1199
1161B,,1900,"hashing,implementation,strings","Inaka has a disc, the circumference of which is $$n$ units. The circumference is equally divided by $n$ points numbered clockwise from $1$ to $n$, such that points $i$ and $i + 1$ ($1 \leq i < n$) are adjacent, and so are points $n$ and $1$.

There are $m$ straight segments on the disc, the endpoints of which are all among the aforementioned $n$ points.

Inaka wants to know if her image is rotationally symmetrical, i.e. if there is an integer $k$ ($1 \leq k < n$), such that if all segments are rotated clockwise around the center of the circle by $k$ units, the new image will be the same as the original one.

The first line contains two space-separated integers $n$ and $m$ ($2 \leq n \leq 100\,000$, $1 \leq m \leq 200\,000$) — the number of points and the number of segments, respectively.

The $i$-th of the following $m$ lines contains two space-separated integers $a_i$ and $b_i$ ($1 \leq a_i, b_i \leq n$, $a_i \neq b_i$) that describe a segment connecting points $a_i$ and $b_i$.

It is guaranteed that no segments coincide.

Output one line — ""Yes"" if the image is rotationally symmetrical, and ""No"" otherwise (both excluding quotation marks).

You can output each letter in any case (upper or lower).

The first two examples are illustrated below. Both images become the same as their respective original ones after a clockwise rotation of $120$$ degrees around the center.",,,"['hashing', 'implementation', 'strings']",1600-1999
48A,,900,"implementation,schedules","Uncle Fyodor, Matroskin the Cat and Sharic the Dog live their simple but happy lives in Prostokvashino. Sometimes they receive parcels from Uncle Fyodor’s parents and sometimes from anonymous benefactors, in which case it is hard to determine to which one of them the package has been sent. A photographic rifle is obviously for Sharic who loves hunting and fish is for Matroskin, but for whom was a new video game console meant? Every one of the three friends claimed that the present is for him and nearly quarreled. Uncle Fyodor had an idea how to solve the problem justly: they should suppose that the console was sent to all three of them and play it in turns. Everybody got relieved but then yet another burning problem popped up — who will play first? This time Matroskin came up with a brilliant solution, suggesting the most fair way to find it out: play rock-paper-scissors together. The rules of the game are very simple. On the count of three every player shows a combination with his hand (or paw). The combination corresponds to one of three things: a rock, scissors or paper. Some of the gestures win over some other ones according to well-known rules: the rock breaks the scissors, the scissors cut the paper, and the paper gets wrapped over the stone. Usually there are two players. Yet there are three friends, that’s why they decided to choose the winner like that: If someone shows the gesture that wins over the other two players, then that player wins. Otherwise, another game round is required. Write a program that will determine the winner by the gestures they have shown.

The first input line contains the name of the gesture that Uncle Fyodor showed, the second line shows which gesture Matroskin showed and the third line shows Sharic’s gesture. 

Print ""F"" (without quotes) if Uncle Fyodor wins. Print ""M"" if Matroskin wins and ""S"" if Sharic wins. If it is impossible to find the winner, print ""?"".",,,"['implementation', 'schedules']",800-1199
436A,,1500,greedy,"The hero of the Cut the Rope game is a little monster named Om Nom. He loves candies. And what a coincidence! He also is the hero of today's problem.

One day, Om Nom visited his friend Evan. Evan has n candies of two types (fruit drops and caramel drops), the i-th candy hangs at the height of hi centimeters above the floor of the house, its mass is mi. Om Nom wants to eat as many candies as possible. At the beginning Om Nom can make at most x centimeter high jumps. When Om Nom eats a candy of mass y, he gets stronger and the height of his jump increases by y centimeters.

What maximum number of candies can Om Nom eat if he never eats two candies of the same type in a row (Om Nom finds it too boring)?

The first line contains two integers, n and x (1 ≤ n, x ≤ 2000) — the number of sweets Evan has and the initial height of Om Nom's jump. 

Each of the following n lines contains three integers ti, hi, mi (0 ≤ ti ≤ 1; 1 ≤ hi, mi ≤ 2000) — the type, height and the mass of the i-th candy. If number ti equals 0, then the current candy is a caramel drop, otherwise it is a fruit drop.

Print a single integer — the maximum number of candies Om Nom can eat.

One of the possible ways to eat 4 candies is to eat them in the order: 1, 5, 3, 2. Let's assume the following scenario:",,,['greedy'],1200-1599
805A,,1000,"greedy,math","Tavak and Seyyed are good friends. Seyyed is very funny and he told Tavak to solve the following problem instead of longest-path.

You are given l and r. For all integers from l to r, inclusive, we wrote down all of their integer divisors except 1. Find the integer that we wrote down the maximum number of times.

Solve the problem to show that it's not a NP problem.

The first line contains two integers l and r (2 ≤ l ≤ r ≤ 109).

Print single integer, the integer that appears maximum number of times in the divisors. 

If there are multiple answers, print any of them.

Definition of a divisor: https://www.mathsisfun.com/definitions/divisor-of-an-integer-.html

The first example: from 19 to 29 these numbers are divisible by 2: {20, 22, 24, 26, 28}.

The second example: from 3 to 6 these numbers are divisible by 3: {3, 6}.",,,"['greedy', 'math']",800-1199
208C,,1900,"dp,graphs,shortestpaths","The Berland road network consists of n cities and of m bidirectional roads. The cities are numbered from 1 to n, where the main capital city has number n, and the culture capital — number 1. The road network is set up so that it is possible to reach any city from any other one by the roads. Moving on each road in any direction takes the same time.

All residents of Berland are very lazy people, and so when they want to get from city v to city u, they always choose one of the shortest paths (no matter which one).

The Berland government wants to make this country's road network safer. For that, it is going to put a police station in one city. The police station has a rather strange property: when a citizen of Berland is driving along the road with a police station at one end of it, the citizen drives more carefully, so all such roads are considered safe. The roads, both ends of which differ from the city with the police station, are dangerous.

Now the government wonders where to put the police station so that the average number of safe roads for all the shortest paths from the cultural capital to the main capital would take the maximum value.

The first input line contains two integers n and m (2 ≤ n ≤ 100, ) — the number of cities and the number of roads in Berland, correspondingly. Next m lines contain pairs of integers vi, ui (1 ≤ vi, ui ≤ n, vi ≠ ui) — the numbers of cities that are connected by the i-th road. The numbers on a line are separated by a space. 

It is guaranteed that each pair of cities is connected with no more than one road and that it is possible to get from any city to any other one along Berland roads.

Print the maximum possible value of the average number of safe roads among all shortest paths from the culture capital to the main one. The answer will be considered valid if its absolute or relative inaccuracy does not exceed 10 - 6.

In the first sample you can put a police station in one of the capitals, then each path will have exactly one ",,,"['dp', 'graphs', 'shortestpaths']",1600-1999
832E,,2600,matrices,"Vasya has a set of 4n strings of equal length, consisting of lowercase English letters ""a"", ""b"", ""c"", ""d"" and ""e"". Moreover, the set is split into n groups of 4 equal strings each. Vasya also has one special string a of the same length, consisting of letters ""a"" only.

Vasya wants to obtain from string a some fixed string b, in order to do this, he can use the strings from his set in any order. When he uses some string x, each of the letters in string a replaces with the next letter in alphabet as many times as the alphabet position, counting from zero, of the corresponding letter in string x. Within this process the next letter in alphabet after ""e"" is ""a"".

For example, if some letter in a equals ""b"", and the letter on the same position in x equals ""c"", then the letter in a becomes equal ""d"", because ""c"" is the second alphabet letter, counting from zero. If some letter in a equals ""e"", and on the same position in x is ""d"", then the letter in a becomes ""c"". For example, if the string a equals ""abcde"", and string x equals ""baddc"", then a becomes ""bbabb"".

A used string disappears, but Vasya can use equal strings several times.

Vasya wants to know for q given strings b, how many ways there are to obtain from the string a string b using the given set of 4n strings? Two ways are different if the number of strings used from some group of 4 strings is different. Help Vasya compute the answers for these questions modulo 109 + 7.

The first line contains two integers n and m (1 ≤ n, m ≤ 500) — the number of groups of four strings in the set, and the length of all strings.

Each of the next n lines contains a string s of length m, consisting of lowercase English letters ""a"", ""b"", ""c"", ""d"" and ""e"". This means that there is a group of four strings equal to s.

The next line contains single integer q (1 ≤ q ≤ 300) — the number of strings b Vasya is interested in.

Each of the next q strings contains a string b of length m, consisting of lowercase English letters ""a"", ""b"", ""c""",,,['matrices'],2400-2799
1151F,,2300,"combinatorics,dp,matrices,probabilities","A girl named Sonya is studying in the scientific lyceum of the Kingdom of Kremland. The teacher of computer science (Sonya's favorite subject!) invented a task for her.

Given an array $$a$ of length $n$, consisting only of the numbers $0$ and $1$, and the number $k$. Exactly $k$ times the following happens: 

Sonya's task is to find the probability that after all the operations are completed, the $a$ array will be sorted in non-decreasing order. She turned to you for help. Help Sonya solve this problem.

It can be shown that the desired probability is either $0$ or it can be represented as $\dfrac{P}{Q}$, where $P$ and $Q$ are coprime integers and $Q \not\equiv 0~\pmod {10^9+7}$.

The first line contains two integers $n$ and $k$ ($2 \leq n \leq 100, 1 \leq k \leq 10^9$) — the length of the array $a$ and the number of operations.

The second line contains $n$ integers $a_1, a_2, \ldots, a_n$ ($0 \le a_i \le 1$) — the description of the array $a$.

If the desired probability is $0$, print $0$, otherwise print the value $P \cdot Q^{-1}$ $\pmod {10^9+7}$, where $P$ and $Q$ are defined above.

In the first example, all possible variants of the final array $a$, after applying exactly two operations: $(0, 1, 0)$, $(0, 0, 1)$, $(1, 0, 0)$, $(1, 0, 0)$, $(0, 1, 0)$, $(0, 0, 1)$, $(0, 0, 1)$, $(1, 0, 0)$, $(0, 1, 0)$. Therefore, the answer is $\dfrac{3}{9}=\dfrac{1}{3}$.

In the second example, the array will not be sorted in non-decreasing order after one operation, therefore the answer is $0$$.",,,"['combinatorics', 'dp', 'matrices', 'probabilities']",2000-2399
1215C,,1500,"constructivealgorithms,greedy","Monocarp has got two strings $$s$ and $t$ having equal length. Both strings consist of lowercase Latin letters ""a"" and ""b"". 

Monocarp wants to make these two strings $s$ and $t$ equal to each other. He can do the following operation any number of times: choose an index $pos_1$ in the string $s$, choose an index $pos_2$ in the string $t$, and swap $s_{pos_1}$ with $t_{pos_2}$.

You have to determine the minimum number of operations Monocarp has to perform to make $s$ and $t$ equal, and print any optimal sequence of operations — or say that it is impossible to make these strings equal.

The first line contains one integer $n$ $(1 \le n \le 2 \cdot 10^{5})$ — the length of $s$ and $t$.

The second line contains one string $s$ consisting of $n$ characters ""a"" and ""b"". 

The third line contains one string $t$ consisting of $n$ characters ""a"" and ""b"". 

If it is impossible to make these strings equal, print $-1$.

Otherwise, in the first line print $k$ — the minimum number of operations required to make the strings equal. In each of the next $k$ lines print two integers — the index in the string $s$ and the index in the string $t$ that should be used in the corresponding swap operation. 

In the first example two operations are enough. For example, you can swap the third letter in $s$ with the third letter in $t$. Then $s = $ ""abbb"", $t = $ ""aaab"". Then swap the third letter in $s$ and the second letter in $t$. Then both $s$ and $t$$ are equal to ""abab"".

In the second example it's impossible to make two strings equal.",,,"['constructivealgorithms', 'greedy']",1200-1599
1254B1,,1800,"constructivealgorithms,greedy,math,numbertheory,ternarysearch,twopointers","This is the easier version of the problem. In this version, $$1 \le n \le 10^5$ and $0 \le a_i \le 1$. You can hack this problem only if you solve and lock both problems.

Christmas is coming, and our protagonist, Bob, is preparing a spectacular present for his long-time best friend Alice. This year, he decides to prepare $n$ boxes of chocolate, numbered from $1$ to $n$. Initially, the $i$-th box contains $a_i$ chocolate pieces.

Since Bob is a typical nice guy, he will not send Alice $n$ empty boxes. In other words, at least one of $a_1, a_2, \ldots, a_n$ is positive. Since Alice dislikes coprime sets, she will be happy only if there exists some integer $k > 1$ such that the number of pieces in each box is divisible by $k$. Note that Alice won't mind if there exists some empty boxes. 

Charlie, Alice's boyfriend, also is Bob's second best friend, so he decides to help Bob by rearranging the chocolate pieces. In one second, Charlie can pick up a piece in box $i$ and put it into either box $i-1$ or box $i+1$ (if such boxes exist). Of course, he wants to help his friend as quickly as possible. Therefore, he asks you to calculate the minimum number of seconds he would need to make Alice happy.

The first line contains a single integer $n$ ($1 \le n \le 10^5$) — the number of chocolate boxes.

The second line contains $n$ integers $a_1, a_2, \ldots, a_n$ ($0 \le a_i \le 1$) — the number of chocolate pieces in the $i$-th box.

It is guaranteed that at least one of $a_1, a_2, \ldots, a_n$ is positive.

If there is no way for Charlie to make Alice happy, print $-1$.

Otherwise, print a single integer $x$$ — the minimum number of seconds for Charlie to help Bob make Alice happy.",,,"['constructivealgorithms', 'greedy', 'math', 'numbertheory', 'ternarysearch', 'twopointers']",1600-1999
1398E,,2200,"binarysearch,datastructures,greedy,implementation,math,sortings","Polycarp plays a computer game (yet again). In this game, he fights monsters using magic spells.

There are two types of spells: fire spell of power $$x$ deals $x$ damage to the monster, and lightning spell of power $y$ deals $y$ damage to the monster and doubles the damage of the next spell Polycarp casts. Each spell can be cast only once per battle, but Polycarp can cast them in any order.

For example, suppose that Polycarp knows three spells: a fire spell of power $5$, a lightning spell of power $1$, and a lightning spell of power $8$. There are $6$ ways to choose the order in which he casts the spells:

Initially, Polycarp knows $0$ spells. His spell set changes $n$ times, each time he either learns a new spell or forgets an already known one. After each change, calculate the maximum possible damage Polycarp may deal using the spells he knows.

The first line contains one integer $n$ ($1 \le n \le 2 \cdot 10^5$) — the number of changes to the spell set.

Each of the next $n$ lines contains two integers $tp$ and $d$ ($0 \le tp_i \le 1$; $-10^9 \le d \le 10^9$; $d_i \neq 0$) — the description of the change. If $tp_i$ if equal to $0$, then Polycarp learns (or forgets) a fire spell, otherwise he learns (or forgets) a lightning spell.

If $d_i > 0$, then Polycarp learns a spell of power $d_i$. Otherwise, Polycarp forgets a spell with power $-d_i$$, and it is guaranteed that he knew that spell before the change.

It is guaranteed that the powers of all spells Polycarp knows after each change are different (Polycarp never knows two spells with the same power).

After each change, print the maximum damage Polycarp can deal with his current set of spells.",,,"['binarysearch', 'datastructures', 'greedy', 'implementation', 'math', 'sortings']",2000-2399
242E,,2000,"bitmasks,datastructures","You've got an array a, consisting of n integers a1, a2, ..., an. You are allowed to perform two operations on this array:

Expression means applying bitwise xor operation to numbers x and y. The given operation exists in all modern programming languages, for example in language C++ and Java it is marked as ""^"", in Pascal — as ""xor"".

You've got a list of m operations of the indicated type. Your task is to perform all given operations, for each sum query you should print the result you get.

The first line contains integer n (1 ≤ n ≤ 105) — the size of the array. The second line contains space-separated integers a1, a2, ..., an (0 ≤ ai ≤ 106) — the original array.

The third line contains integer m (1 ≤ m ≤ 5·104) — the number of operations with the array. The i-th of the following m lines first contains an integer ti (1 ≤ ti ≤ 2) — the type of the i-th query. If ti = 1, then this is the query of the sum, if ti = 2, then this is the query to change array elements. If the i-th operation is of type 1, then next follow two integers li, ri (1 ≤ li ≤ ri ≤ n). If the i-th operation is of type 2, then next follow three integers li, ri, xi (1 ≤ li ≤ ri ≤ n, 1 ≤ xi ≤ 106). The numbers on the lines are separated by single spaces.

For each query of type 1 print in a single line the sum of numbers on the given segment. Print the answers to the queries in the order in which the queries go in the input.

Please, do not use the %lld specifier to read or write 64-bit integers in С++. It is preferred to use the cin, cout streams, or the %I64d specifier.",,,"['bitmasks', 'datastructures']",2000-2399
1516C,,1700,"bitmasks,constructivealgorithms,dp,math","Baby Ehab was toying around with arrays. He has an array $$a$ of length $n$. He defines an array to be good if there's no way to partition it into $2$ subsequences such that the sum of the elements in the first is equal to the sum of the elements in the second. Now he wants to remove the minimum number of elements in $a$ so that it becomes a good array. Can you help him?

A sequence $b$ is a subsequence of an array $a$ if $b$ can be obtained from $a$ by deleting some (possibly zero or all) elements. A partitioning of an array is a way to divide it into $2$ subsequences such that every element belongs to exactly one subsequence, so you must use all the elements, and you can't share any elements.

The first line contains an integer $n$ ($2 \le n \le 100$) — the length of the array $a$.

The second line contains $n$ integers $a_1$, $a_2$, $\ldots$, $a_{n}$ ($1 \le a_i \le 2000$) — the elements of the array $a$.

The first line should contain the minimum number of elements you need to remove.

The second line should contain the indices of the elements you're removing, separated by spaces.

We can show that an answer always exists. If there are multiple solutions, you can print any.

In the first example, you can partition the array into $[6,9]$ and $[3,12]$, so you must remove at least $1$ element. Removing $3$$ is sufficient.

In the second example, the array is already good, so you don't need to remove any elements.",,,"['bitmasks', 'constructivealgorithms', 'dp', 'math']",1600-1999
496C,,1500,"bruteforce,constructivealgorithms,implementation","You are given an n × m rectangular table consisting of lower case English letters. In one operation you can completely remove one column from the table. The remaining parts are combined forming a new table. For example, after removing the second column from the table

 

we obtain the table:

 

A table is called good if its rows are ordered from top to bottom lexicographically, i.e. each row is lexicographically no larger than the following one. Determine the minimum number of operations of removing a column needed to make a given table good.

The first line contains two integers  — n and m (1 ≤ n, m ≤ 100).

Next n lines contain m small English letters each — the characters of the table.

Print a single number — the minimum number of columns that you need to remove in order to make the table good.

In the first sample the table is already good.

In the second sample you may remove the first and third column.

In the third sample you have to remove all the columns (note that the table where all rows are empty is considered good by definition).

Let strings s and t have equal length. Then, s is lexicographically larger than t if they are not equal and the character following the largest common prefix of s and t (the prefix may be empty) in s is alphabetically larger than the corresponding character of t.",,,"['bruteforce', 'constructivealgorithms', 'implementation']",1200-1599
1195C,,1400,dp,"Finally, a basketball court has been opened in SIS, so Demid has decided to hold a basketball exercise session. $$2 \cdot n$ students have come to Demid's exercise session, and he lined up them into two rows of the same size (there are exactly $n$ people in each row). Students are numbered from $1$ to $n$ in each row in order from left to right.

Now Demid wants to choose a team to play basketball. He will choose players from left to right, and the index of each chosen player (excluding the first one taken) will be strictly greater than the index of the previously chosen player. To avoid giving preference to one of the rows, Demid chooses students in such a way that no consecutive chosen students belong to the same row. The first student can be chosen among all $2n$ students (there are no additional constraints), and a team can consist of any number of students. 

Demid thinks, that in order to compose a perfect team, he should choose students in such a way, that the total height of all chosen students is maximum possible. Help Demid to find the maximum possible total height of players in a team he can choose.

The first line of the input contains a single integer $n$ ($1 \le n \le 10^5$) — the number of students in each row.

The second line of the input contains $n$ integers $h_{1, 1}, h_{1, 2}, \ldots, h_{1, n}$ ($1 \le h_{1, i} \le 10^9$), where $h_{1, i}$ is the height of the $i$-th student in the first row.

The third line of the input contains $n$ integers $h_{2, 1}, h_{2, 2}, \ldots, h_{2, n}$ ($1 \le h_{2, i} \le 10^9$), where $h_{2, i}$ is the height of the $i$$-th student in the second row.

Print a single integer — the maximum possible total height of players in a team Demid can choose.

In the first example Demid can choose the following team as follows: 

In the second example Demid can choose the following team as follows:",,,['dp'],1200-1599
646B,,1500,strings,"В Берляндском государственном университете локальная сеть между серверами не всегда работает без ошибок. При передаче двух одинаковых сообщений подряд возможна ошибка, в результате которой эти два сообщения сливаются в одно. При таком слиянии конец первого сообщения совмещается с началом второго. Конечно, совмещение может происходить только по одинаковым символам. Длина совмещения должна быть положительным числом, меньшим длины текста сообщения. 

Например, при передаче двух сообщений «abrakadabra» подряд возможно, что оно будет передано с ошибкой описанного вида, и тогда будет получено сообщение вида «abrakadabrabrakadabra» или «abrakadabrakadabra» (в первом случае совмещение произошло по одному символу, а во втором — по четырем).

По полученному сообщению t определите, возможно ли, что это результат ошибки описанного вида работы локальной сети, и если возможно, определите возможное значение s. 

Не следует считать ошибкой ситуацию полного наложения друга на друга двух сообщений. К примеру, если получено сообщение «abcd», следует считать, что в нём ошибки нет. Аналогично, простое дописывание одного сообщения вслед за другим не является признаком ошибки. Например, если получено сообщение «abcabc», следует считать, что в нём ошибки нет.

В единственной строке выходных данных следует непустая строка t, состоящая из строчных букв латинского алфавита. Длина строки t не превосходит 100 символов.

Если сообщение t не может содержать ошибки, выведите «NO» (без кавычек) в единственную строку выходных данных.

В противном случае в первой строке выведите «YES» (без кавычек), а в следующей строке выведите строку s — возможное сообщение, которое могло привести к ошибке. Если возможных ответов несколько, разрешается вывести любой из них.

Во втором примере подходящим ответом также является строка acacaca.",,,['strings'],1200-1599
460C,,1700,"binarysearch,datastructures,greedy","Little beaver is a beginner programmer, so informatics is his favorite subject. Soon his informatics teacher is going to have a birthday and the beaver has decided to prepare a present for her. He planted n flowers in a row on his windowsill and started waiting for them to grow. However, after some time the beaver noticed that the flowers stopped growing. The beaver thinks it is bad manners to present little flowers. So he decided to come up with some solutions. 

There are m days left to the birthday. The height of the i-th flower (assume that the flowers in the row are numbered from 1 to n from left to right) is equal to ai at the moment. At each of the remaining m days the beaver can take a special watering and water w contiguous flowers (he can do that only once at a day). At that each watered flower grows by one height unit on that day. The beaver wants the height of the smallest flower be as large as possible in the end. What maximum height of the smallest flower can he get?

The first line contains space-separated integers n, m and w (1 ≤ w ≤ n ≤ 105; 1 ≤ m ≤ 105). The second line contains space-separated integers a1, a2, ..., an (1 ≤ ai ≤ 109).

Print a single integer — the maximum final height of the smallest flower.

In the first sample beaver can water the last 3 flowers at the first day. On the next day he may not to water flowers at all. In the end he will get the following heights: [2, 2, 2, 3, 2, 2]. The smallest flower has height equal to 2. It's impossible to get height 3 in this test.",,,"['binarysearch', 'datastructures', 'greedy']",1600-1999
153C,,2200,,"Caesar cipher is one of the simplest encryption techniques. To transform the original message into encrypted one using key k, one has to replace each letter with a letter which is k positions later in the alphabet (if this takes the position beyond Z, the rest of it is counted from the start of the alphabet). In a more formal way, if letters of the alphabet are enumerated starting with 0, the result of encryption for character x will be (26 is the number of letters in the Latin alphabet).

You are given the original message and the encryption key k. Output the resulting cipher.

The first line of input contains the original message — a sequence uppercase Latin letters («A»-«Z»). The length of the message is from 1 to 10, inclusive.

The second line contains an integer k (0 ≤ k ≤ 25).

Output the result of encryption.",,,[],2000-2399
304C,,1300,constructivealgorithms,"Bike is interested in permutations. A permutation of length n is an integer sequence such that each integer from 0 to (n - 1) appears exactly once in it. For example, [0, 2, 1] is a permutation of length 3 while both [0, 2, 2] and [1, 2, 3] is not.

A permutation triple of permutations of length n (a, b, c) is called a Lucky Permutation Triple if and only if . The sign ai denotes the i-th element of permutation a. The modular equality described above denotes that the remainders after dividing ai + bi by n and dividing ci by n are equal.

Now, he has an integer n and wants to find a Lucky Permutation Triple. Could you please help him?

The first line contains a single integer n (1 ≤ n ≤ 105).

If no Lucky Permutation Triple of length n exists print -1.

Otherwise, you need to print three lines. Each line contains n space-seperated integers. The first line must contain permutation a, the second line — permutation b, the third — permutation c.

If there are multiple solutions, print any of them.

In Sample 1, the permutation triple ([1, 4, 3, 2, 0], [1, 0, 2, 4, 3], [2, 4, 0, 1, 3]) is Lucky Permutation Triple, as following holds:

In Sample 2, you can easily notice that no lucky permutation triple exists.",,,['constructivealgorithms'],1200-1599
722F,,2800,"chineseremaindertheorem,datastructures,implementation,numbertheory,twopointers","You are given n sequences. Each sequence consists of positive integers, not exceeding m. All integers in one sequence are distinct, but the same integer may appear in multiple sequences. The length of the i-th sequence is ki.

Each second integers in each of the sequences are shifted by one to the left, i.e. integers at positions i > 1 go to positions i - 1, while the first integers becomes the last.

Each second we take the first integer of each sequence and write it down to a new array. Then, for each value x from 1 to m we compute the longest segment of the array consisting of element x only.

The above operation is performed for 10100 seconds. For each integer from 1 to m find out the longest segment found at this time.

The first line of the input contains two integers n and m (1 ≤ n, m ≤ 100 000) — the number of sequences and the maximum integer that can appear in the sequences. 

Then follow n lines providing the sequences. Each of them starts with an integer ki (1 ≤ ki ≤ 40) — the number of integers in the sequence, proceeded by ki positive integers — elements of the sequence. It's guaranteed that all integers in each sequence are pairwise distinct and do not exceed m.

The total length of all sequences doesn't exceed 200 000.

Print m integers, the i-th of them should be equal to the length of the longest segment of the array with all its values equal to i during the first 10100 seconds.",,,"['chineseremaindertheorem', 'datastructures', 'implementation', 'numbertheory', 'twopointers']",2800-9999
1359F,,2900,"binarysearch,bruteforce,datastructures,geometry,math","You know, it's hard to conduct a show with lots of participants and spectators at the same place nowadays. Still, you are not giving up on your dream to make a car crash showcase! You decided to replace the real cars with remote controlled ones, call the event ""Remote Control Kaboom Show"" and stream everything online.

For the preparation you arranged an arena — an infinite 2D-field. You also bought $$n$ remote controlled cars and set them up on the arena. Unfortunately, the cars you bought can only go forward without turning left, right or around. So you additionally put the cars in the direction you want them to go.

To be formal, for each car $i$ ($1 \le i \le n$) you chose its initial position ($x_i, y_i$) and a direction vector ($dx_i, dy_i$). Moreover, each car has a constant speed $s_i$ units per second. So after car $i$ is launched, it stars moving from ($x_i, y_i$) in the direction ($dx_i, dy_i$) with constant speed $s_i$.

The goal of the show is to create a car collision as fast as possible! You noted that launching every car at the beginning of the show often fails to produce any collisions at all. Thus, you plan to launch the $i$-th car at some moment $t_i$. You haven't chosen $t_i$, that's yet to be decided. Note that it's not necessary for $t_i$ to be integer and $t_i$ is allowed to be equal to $t_j$ for any $i, j$.

The show starts at time $0$. The show ends when two cars $i$ and $j$ ($i \ne j$) collide (i. e. come to the same coordinate at the same time). The duration of the show is the time between the start and the end.

What's the fastest crash you can arrange by choosing all $t_i$? If it's possible to arrange a crash then print the shortest possible duration of the show. Otherwise, report that it's impossible.

The first line contains a single integer $n$ ($1 \le n \le 25000$) — the number of cars.

Each of the next $n$ lines contains five integers $x_i$, $y_i$, $dx_i$, $dy_i$, $s_i$ ($-10^3 \le x_i, y_i \le 10^3$; $1 \le |dx_i| \le 10^3$; $1 \l",,,"['binarysearch', 'bruteforce', 'datastructures', 'geometry', 'math']",2800-9999
440C,,1800,"bruteforce,dfsandsimilar,divideandconquer","Prof. Vasechkin wants to represent positive integer n as a sum of addends, where each addends is an integer number containing only 1s. For example, he can represent 121 as 121=111+11+–1. Help him to find the least number of digits 1 in such sum.

The first line of the input contains integer n (1 ≤ n < 1015).

Print expected minimal number of digits 1.",,,"['bruteforce', 'dfsandsimilar', 'divideandconquer']",1600-1999
149B,,1600,implementation,"Having stayed home alone, Petya decided to watch forbidden films on the Net in secret. ""What ungentlemanly behavior!"" — you can say that, of course, but don't be too harsh on the kid. In his country films about the Martians and other extraterrestrial civilizations are forbidden. It was very unfair to Petya as he adored adventure stories that featured lasers and robots. 

Today Petya is watching a shocking blockbuster about the Martians called ""R2:D2"". What can ""R2:D2"" possibly mean? It might be the Martian time represented in the Martian numeral system. Petya knows that time on Mars is counted just like on the Earth (that is, there are 24 hours and each hour has 60 minutes). The time is written as ""a:b"", where the string a stands for the number of hours (from 0 to 23 inclusive), and string b stands for the number of minutes (from 0 to 59 inclusive). The only thing Petya doesn't know is in what numeral system the Martian time is written.

Your task is to print the radixes of all numeral system which can contain the time ""a:b"".

The first line contains a single string as ""a:b"" (without the quotes). There a is a non-empty string, consisting of numbers and uppercase Latin letters. String a shows the number of hours. String b is a non-empty string that consists of numbers and uppercase Latin letters. String b shows the number of minutes. The lengths of strings a and b are from 1 to 5 characters, inclusive. Please note that strings a and b can have leading zeroes that do not influence the result in any way (for example, string ""008:1"" in decimal notation denotes correctly written time).

We consider characters 0, 1, ..., 9 as denoting the corresponding digits of the number's representation in some numeral system, and characters A, B, ..., Z correspond to numbers 10, 11, ..., 35.

Print the radixes of the numeral systems that can represent the time ""a:b"" in the increasing order. Separate the numbers with spaces or line breaks. If there is no numeral system that can represe",,,['implementation'],1600-1999
897B,,1300,bruteforce,"— I experienced so many great things.

— You gave me memories like dreams... But I have to leave now...

— One last request, can you...

— Help me solve a Codeforces problem?

— ......

— What?

Chtholly has been thinking about a problem for days:

If a number is palindrome and length of its decimal representation without leading zeros is even, we call it a zcy number. A number is palindrome means when written in decimal representation, it contains no leading zeros and reads the same forwards and backwards. For example 12321 and 1221 are palindromes and 123 and 12451 are not. Moreover, 1221 is zcy number and 12321 is not.

Given integers k and p, calculate the sum of the k smallest zcy numbers and output this sum modulo p.

Unfortunately, Willem isn't good at solving this kind of problems, so he asks you for help!

The first line contains two integers k and p (1 ≤ k ≤ 105, 1 ≤ p ≤ 109).

Output single integer — answer to the problem.

In the first example, the smallest zcy number is 11, and the second smallest zcy number is 22.

In the second example, .",,,['bruteforce'],1200-1599
1200C,,1400,"math,numbertheory","Amugae is in a very large round corridor. The corridor consists of two areas. The inner area is equally divided by $$n$ sectors, and the outer area is equally divided by $m$ sectors. A wall exists between each pair of sectors of same area (inner or outer), but there is no wall between the inner area and the outer area. A wall always exists at the 12 o'clock position.

The inner area's sectors are denoted as $(1,1), (1,2), \dots, (1,n)$ in clockwise direction. The outer area's sectors are denoted as $(2,1), (2,2), \dots, (2,m)$ in the same manner. For a clear understanding, see the example image above.

Amugae wants to know if he can move from one sector to another sector. He has $q$ questions.

For each question, check if he can move between two given sectors.

The first line contains three integers $n$, $m$ and $q$ ($1 \le n, m \le 10^{18}$, $1 \le q \le 10^4$) — the number of sectors in the inner area, the number of sectors in the outer area and the number of questions.

Each of the next $q$ lines contains four integers $s_x$, $s_y$, $e_x$, $e_y$ ($1 \le s_x, e_x \le 2$; if $s_x = 1$, then $1 \le s_y \le n$, otherwise $1 \le s_y \le m$; constraints on $e_y$ are similar). Amague wants to know if it is possible to move from sector $(s_x, s_y)$ to sector $(e_x, e_y)$.

For each question, print ""YES"" if Amugae can move from $(s_x, s_y)$ to $(e_x, e_y)$$, and ""NO"" otherwise.

You can print each letter in any case (upper or lower).

Example is shown on the picture in the statement.",,,"['math', 'numbertheory']",1200-1599
1381A1,,1300,"constructivealgorithms,datastructures,strings","This is the easy version of the problem. The difference between the versions is the constraint on $$n$ and the required number of operations. You can make hacks only if all versions of the problem are solved.

There are two binary strings $a$ and $b$ of length $n$ (a binary string is a string consisting of symbols $0$ and $1$). In an operation, you select a prefix of $a$, and simultaneously invert the bits in the prefix ($0$ changes to $1$ and $1$ changes to $0$) and reverse the order of the bits in the prefix.

For example, if $a=001011$ and you select the prefix of length $3$, it becomes $011011$. Then if you select the entire string, it becomes $001001$.

Your task is to transform the string $a$ into $b$ in at most $3n$ operations. It can be proved that it is always possible.

The first line contains a single integer $t$ ($1\le t\le 1000$)  — the number of test cases. Next $3t$ lines contain descriptions of test cases.

The first line of each test case contains a single integer $n$ ($1\le n\le 1000$)  — the length of the binary strings.

The next two lines contain two binary strings $a$ and $b$ of length $n$.

It is guaranteed that the sum of $n$ across all test cases does not exceed $1000$.

For each test case, output an integer $k$ ($0\le k\le 3n$), followed by $k$ integers $p_1,\ldots,p_k$ ($1\le p_i\le n$). Here $k$ is the number of operations you use and $p_i$ is the length of the prefix you flip in the $i$-th operation.

In the first test case, we have $01\to 11\to 00\to 10$.

In the second test case, we have $01011\to 00101\to 11101\to 01000\to 10100\to 00100\to 11100$.

In the third test case, the strings are already the same. Another solution is to flip the prefix of length $2$, which will leave $a$$ unchanged.",,,"['constructivealgorithms', 'datastructures', 'strings']",1200-1599
1265A,,1000,"constructivealgorithms,greedy","A string is called beautiful if no two consecutive characters are equal. For example, ""ababcb"", ""a"" and ""abab"" are beautiful strings, while ""aaaaaa"", ""abaa"" and ""bb"" are not.

Ahcl wants to construct a beautiful string. He has a string $$s$, consisting of only characters 'a', 'b', 'c' and '?'. Ahcl needs to replace each character '?' with one of the three characters 'a', 'b' or 'c', such that the resulting string is beautiful. Please help him!

More formally, after replacing all characters '?', the condition $s_i \neq s_{i+1}$ should be satisfied for all $1 \leq i \leq |s| - 1$, where $|s|$ is the length of the string $s$.

The first line contains positive integer $t$ ($1 \leq t \leq 1000$) — the number of test cases. Next $t$ lines contain the descriptions of test cases.

Each line contains a non-empty string $s$ consisting of only characters 'a', 'b', 'c' and '?'. 

It is guaranteed that in each test case a string $s$ has at least one character '?'. The sum of lengths of strings $s$ in all test cases does not exceed $10^5$.

For each test case given in the input print the answer in the following format:

In the first test case, all possible correct answers are ""ababcb"", ""abcacb"", ""abcbcb"", ""acabcb"" and ""acbacb"". The two answers ""abcbab"" and ""abaabc"" are incorrect, because you can replace only '?' characters and the resulting string must be beautiful.

In the second test case, it is impossible to create a beautiful string, because the $4$-th and $5$$-th characters will be always equal.

In the third test case, the only answer is ""acbac"".",,,"['constructivealgorithms', 'greedy']",800-1199
289C,,1300,"constructivealgorithms,implementation","Little penguin Polo adores strings. But most of all he adores strings of length n.

One day he wanted to find a string that meets the following conditions:

Help him find such string or state that such string doesn't exist.

String x = x1x2... xp is lexicographically less than string y = y1y2... yq, if either p < q and x1 = y1, x2 = y2, ... , xp = yp, or there is such number r (r < p, r < q), that x1 = y1, x2 = y2, ... , xr = yr and xr + 1 < yr + 1. The characters of the strings are compared by their ASCII codes.

A single line contains two positive integers n and k (1 ≤ n ≤ 106, 1 ≤ k ≤ 26) — the string's length and the number of distinct letters.

In a single line print the required string. If there isn't such string, print ""-1"" (without the quotes).",,,"['constructivealgorithms', 'implementation']",1200-1599
576C,,2100,"constructivealgorithms,divideandconquer,geometry,greedy,sortings","On a plane are n points (xi, yi) with integer coordinates between 0 and 106. The distance between the two points with numbers a and b is said to be the following value: (the distance calculated by such formula is called Manhattan distance).

We call a hamiltonian path to be some permutation pi of numbers from 1 to n. We say that the length of this path is value .

Find some hamiltonian path with a length of no more than 25 × 108. Note that you do not have to minimize the path length.

The first line contains integer n (1 ≤ n ≤ 106).

The i + 1-th line contains the coordinates of the i-th point: xi and yi (0 ≤ xi, yi ≤ 106).

It is guaranteed that no two points coincide.

Print the permutation of numbers pi from 1 to n — the sought Hamiltonian path. The permutation must meet the inequality .

If there are multiple possible answers, print any of them.

It is guaranteed that the answer exists.

In the sample test the total distance is:

(|5 - 3| + |0 - 4|) + (|3 - 0| + |4 - 7|) + (|0 - 8| + |7 - 10|) + (|8 - 9| + |10 - 12|) = 2 + 4 + 3 + 3 + 8 + 3 + 1 + 2 = 26",,,"['constructivealgorithms', 'divideandconquer', 'geometry', 'greedy', 'sortings']",2000-2399
1462E1,,1500,"binarysearch,combinatorics,math,sortings,twopointers","This is the easy version of this problem. The only difference between easy and hard versions is the constraints on $$k$ and $m$ (in this version $k=2$ and $m=3$). Also, in this version of the problem, you DON'T NEED to output the answer by modulo.

You are given a sequence $a$ of length $n$ consisting of integers from $1$ to $n$. The sequence may contain duplicates (i.e. some elements can be equal).

Find the number of tuples of $m = 3$ elements such that the maximum number in the tuple differs from the minimum by no more than $k = 2$. Formally, you need to find the number of triples of indices $i < j < z$ such that

$$$$\max(a_i, a_j, a_z) - \min(a_i, a_j, a_z) \le 2.$$$$

For example, if $n=4$ and $a=[1,2,4,3]$, then there are two such triples ($i=1, j=2, z=4$ and $i=2, j=3, z=4$). If $n=4$ and $a=[1,1,1,1]$, then all four possible triples are suitable.

The first line contains a single integer $t$ ($1 \le t \le 2 \cdot 10^5$) — the number of test cases. Then $t$ test cases follow.

The first line of each test case contains an integer $n$ ($1 \le n \le 2 \cdot 10^5$) — the length of the sequence $a$.

The next line contains $n$ integers $a_1, a_2,\ldots, a_n$ ($1 \le a_i \le n$) — the sequence $a$.

It is guaranteed that the sum of $n$ for all test cases does not exceed $2 \cdot 10^5$.

Output $t$ answers to the given test cases. Each answer is the required number of triples of elements, such that the maximum value in the triple differs from the minimum by no more than $2$$. Note that in difference to the hard version of the problem, you don't need to output the answer by modulo. You must output the exact value of the answer.",,,"['binarysearch', 'combinatorics', 'math', 'sortings', 'twopointers']",1200-1599
746C,,1600,"constructivealgorithms,implementation,math","The tram in Berland goes along a straight line from the point 0 to the point s and back, passing 1 meter per t1 seconds in both directions. It means that the tram is always in the state of uniform rectilinear motion, instantly turning around at points x = 0 and x = s.

Igor is at the point x1. He should reach the point x2. Igor passes 1 meter per t2 seconds. 

Your task is to determine the minimum time Igor needs to get from the point x1 to the point x2, if it is known where the tram is and in what direction it goes at the moment Igor comes to the point x1.

Igor can enter the tram unlimited number of times at any moment when his and the tram's positions coincide. It is not obligatory that points in which Igor enter and exit the tram are integers. Assume that any boarding and unboarding happens instantly. Igor can move arbitrary along the line (but not faster than 1 meter per t2 seconds). He can also stand at some point for some time.

The first line contains three integers s, x1 and x2 (2 ≤ s ≤ 1000, 0 ≤ x1, x2 ≤ s, x1 ≠ x2) — the maximum coordinate of the point to which the tram goes, the point Igor is at, and the point he should come to.

The second line contains two integers t1 and t2 (1 ≤ t1, t2 ≤ 1000) — the time in seconds in which the tram passes 1 meter and the time in seconds in which Igor passes 1 meter.

The third line contains two integers p and d (1 ≤ p ≤ s - 1, d is either 1 or ) — the position of the tram in the moment Igor came to the point x1 and the direction of the tram at this moment. If , the tram goes in the direction from the point s to the point 0. If d = 1, the tram goes in the direction from the point 0 to the point s.

Print the minimum time in seconds which Igor needs to get from the point x1 to the point x2.

In the first example it is profitable for Igor to go by foot and not to wait the tram. Thus, he has to pass 2 meters and it takes 8 seconds in total, because he passes 1 meter per 4 seconds. 

In the second example Igor can, for ex",,,"['constructivealgorithms', 'implementation', 'math']",1600-1999
774D,,1500,"constructivealgorithms,sortings","Vasya has a sequence of cubes and exactly one integer is written on each cube. Vasya exhibited all his cubes in a row. So the sequence of numbers written on the cubes in the order from the left to the right equals to a1, a2, ..., an.

While Vasya was walking, his little brother Stepan played with Vasya's cubes and changed their order, so now the sequence of numbers written on the cubes became equal to b1, b2, ..., bn. 

Stepan said that he swapped only cubes which where on the positions between l and r, inclusive, and did not remove or add any other cubes (i. e. he said that he reordered cubes between positions l and r, inclusive, in some way).

Your task is to determine if it is possible that Stepan said the truth, or it is guaranteed that Stepan deceived his brother.

The first line contains three integers n, l, r (1 ≤ n ≤ 105, 1 ≤ l ≤ r ≤ n) — the number of Vasya's cubes and the positions told by Stepan.

The second line contains the sequence a1, a2, ..., an (1 ≤ ai ≤ n) — the sequence of integers written on cubes in the Vasya's order.

The third line contains the sequence b1, b2, ..., bn (1 ≤ bi ≤ n) — the sequence of integers written on cubes after Stepan rearranged their order.

It is guaranteed that Stepan did not remove or add other cubes, he only rearranged Vasya's cubes.

Print ""LIE"" (without quotes) if it is guaranteed that Stepan deceived his brother. In the other case, print ""TRUTH"" (without quotes).

In the first example there is a situation when Stepan said the truth. Initially the sequence of integers on the cubes was equal to [3, 4, 2, 3, 1]. Stepan could at first swap cubes on positions 2 and 3 (after that the sequence of integers on cubes became equal to [3, 2, 4, 3, 1]), and then swap cubes in positions 3 and 4 (after that the sequence of integers on cubes became equal to [3, 2, 3, 4, 1]).

In the second example it is not possible that Stepan said truth because he said that he swapped cubes only between positions 1 and 2, but we can see that it i",,,"['constructivealgorithms', 'sortings']",1200-1599
72G,,1000,dp,"King Cambyses loves Fibonacci numbers. He has several armies. Today he wants to make a new army for himself and he wants the number of men in this army to be the n-th Fibonacci number.

Given n you should find n-th Fibonacci number. The set of Fibonacci numbers start with f0 = f1 = 1 and for each i ≥ 2, fi = fi - 1 + fi - 2.

Input contains a single integer n (1 ≤ n ≤ 20).

Write a single integer. The n-th Fibonacci number.",,,['dp'],800-1199
950A,,800,"implementation,math","You are at a water bowling training. There are l people who play with their left hand, r people, who play with their right hand, and a ambidexters, who can play with left or right hand.

The coach decided to form a team of even number of players, exactly half of the players should play with their right hand, and exactly half of the players should play with their left hand. One player should use only on of his hands.

Ambidexters play as well with their right hand as with their left hand. In the team, an ambidexter can play with their left hand, or with their right hand.

Please find the maximum possible size of the team, where equal number of players use their left and right hands, respectively.

The only line contains three integers l, r and a (0 ≤ l, r, a ≤ 100) — the number of left-handers, the number of right-handers and the number of ambidexters at the training. 

Print a single even integer — the maximum number of players in the team. It is possible that the team can only have zero number of players.

In the first example you can form a team of 6 players. You should take the only left-hander and two ambidexters to play with left hand, and three right-handers to play with right hand. The only person left can't be taken into the team.

In the second example you can form a team of 14 people. You have to take all five left-handers, all five right-handers, two ambidexters to play with left hand and two ambidexters to play with right hand.",,,"['implementation', 'math']",800-1199
296D,,1700,"dp,graphs","Greg has a weighed directed graph, consisting of n vertices. In this graph any pair of distinct vertices has an edge between them in both directions. Greg loves playing with the graph and now he has invented a new game:

Help Greg, print the value of the required sum before each step.

The first line contains integer n (1 ≤ n ≤ 500) — the number of vertices in the graph.

Next n lines contain n integers each — the graph adjacency matrix: the j-th number in the i-th line aij (1 ≤ aij ≤ 105, aii = 0) represents the weight of the edge that goes from vertex i to vertex j.

The next line contains n distinct integers: x1, x2, ..., xn (1 ≤ xi ≤ n) — the vertices that Greg deletes.

Print n integers — the i-th number equals the required sum before the i-th step.

Please, do not use the %lld specifier to read or write 64-bit integers in C++. It is preferred to use the cin, cout streams of the %I64d specifier.",,,"['dp', 'graphs']",1600-1999
755A,,800,"bruteforce,graphs,math,numbertheory","PolandBall is a young, clever Ball. He is interested in prime numbers. He has stated a following hypothesis: ""There exists such a positive integer n that for each positive integer m number n·m + 1 is a prime number"".

Unfortunately, PolandBall is not experienced yet and doesn't know that his hypothesis is incorrect. Could you prove it wrong? Write a program that finds a counterexample for any n.

The only number in the input is n (1 ≤ n ≤ 1000) — number from the PolandBall's hypothesis. 

Output such m that n·m + 1 is not a prime number. Your answer will be considered correct if you output any suitable m such that 1 ≤ m ≤ 103. It is guaranteed the the answer exists.

A prime number (or a prime) is a natural number greater than 1 that has no positive divisors other than 1 and itself.

For the first sample testcase, 3·1 + 1 = 4. We can output 1.

In the second sample testcase, 4·1 + 1 = 5. We cannot output 1 because 5 is prime. However, m = 2 is okay since 4·2 + 1 = 9, which is not a prime number.",,,"['bruteforce', 'graphs', 'math', 'numbertheory']",800-1199
1280C,,2000,"dfsandsimilar,graphs,greedy,trees","Welcome! Everything is fine.

You have arrived in The Medium Place, the place between The Good Place and The Bad Place. You are assigned a task that will either make people happier or torture them for eternity.

You have a list of $$k$ pairs of people who have arrived in a new inhabited neighborhood. You need to assign each of the $2k$ people into one of the $2k$ houses. Each person will be the resident of exactly one house, and each house will have exactly one resident.

Of course, in the neighborhood, it is possible to visit friends. There are $2k - 1$ roads, each of which connects two houses. It takes some time to traverse a road. We will specify the amount of time it takes in the input. The neighborhood is designed in such a way that from anyone's house, there is exactly one sequence of distinct roads you can take to any other house. In other words, the graph with the houses as vertices and the roads as edges is a tree.

The truth is, these $k$ pairs of people are actually soulmates. We index them from $1$ to $k$. We denote by $f(i)$ the amount of time it takes for the $i$-th pair of soulmates to go to each other's houses.

As we have said before, you will need to assign each of the $2k$ people into one of the $2k$ houses. You have two missions, one from the entities in The Good Place and one from the entities of The Bad Place. Here they are:

What are the values of $G$ and $B$?

The first line of input contains a single integer $t$ ($1 \le t \le 500$) denoting the number of test cases. The next lines contain descriptions of the test cases.

The first line of each test case contains a single integer $k$ denoting the number of pairs of people ($1 \le k \le 10^5$). The next $2k - 1$ lines describe the roads; the $i$-th of them contains three space-separated integers $a_i, b_i, t_i$ which means that the $i$-th road connects the $a_i$-th and $b_i$-th houses with a road that takes $t_i$ units of time to traverse ($1 \le a_i, b_i \le 2k$, $a_i \neq b_i$, $1 \le t_i \l",,,"['dfsandsimilar', 'graphs', 'greedy', 'trees']",2000-2399
616F,,2700,"stringsuffixstructures,strings","You are given n strings ti. Each string has cost ci.

Let's define the function of string , where ps, i is the number of occurrences of s in ti, |s| is the length of the string s. Find the maximal value of function f(s) over all strings.

Note that the string s is not necessarily some string from t.

The first line contains the only integer n (1 ≤ n ≤ 105) — the number of strings in t.

Each of the next n lines contains contains a non-empty string ti. ti contains only lowercase English letters.

It is guaranteed that the sum of lengths of all strings in t is not greater than 5·105.

The last line contains n integers ci ( - 107 ≤ ci ≤ 107) — the cost of the i-th string.

Print the only integer a — the maximal value of the function f(s) over all strings s. Note one more time that the string s is not necessarily from t.",,,"['stringsuffixstructures', 'strings']",2400-2799
462A,,1000,"bruteforce,implementation","Toastman came up with a very easy task. He gives it to Appleman, but Appleman doesn't know how to solve it. Can you help him?

Given a n × n checkerboard. Each cell of the board has either character 'x', or character 'o'. Is it true that each cell of the board has even number of adjacent cells with 'o'? Two cells of the board are adjacent if they share a side.

The first line contains an integer n (1 ≤ n ≤ 100). Then n lines follow containing the description of the checkerboard. Each of them contains n characters (either 'x' or 'o') without spaces.

Print ""YES"" or ""NO"" (without the quotes) depending on the answer to the problem.",,,"['bruteforce', 'implementation']",800-1199
1104D,,2000,"binarysearch,interactive,math","This is an interactive problem.

Vasya and Petya are going to play the following game: Petya has some positive integer number $$a$. After that Vasya should guess this number using the following questions. He can say a pair of non-negative integer numbers $(x, y)$. Petya will answer him: 

We define $(x \bmod a)$ as a remainder of division $x$ by $a$.

Vasya should guess the number $a$ using no more, than 60 questions.

It's guaranteed that Petya has a number, that satisfies the inequality $1 \leq a \leq 10^9$.

Help Vasya playing this game and write a program, that will guess the number $a$.

Your program should play several games.

Before the start of any game your program should read the string: 

After reading the string ""start"" (without quotes) the new game starts. 

At the beginning, your program should ask several questions about pairs of non-negative integer numbers $(x, y)$. You can only ask the numbers, that satisfy the inequalities $0 \leq x, y \leq 2 \cdot 10^9$. To ask a question print ""? x y"" (without quotes). As the answer, you should read one symbol: 

After your program asked several questions your program should print the answer in form ""! a"" (without quotes). You should print the number $a$ satisfying the inequalities $1 \leq a \leq 10^9$. It's guaranteed that Petya's number $a$ satisfied this condition. After that, the current game will finish.

We recall that your program can't ask more than $60$ questions during one game.

If your program doesn't terminate after reading ""mistake"" (without quotes), ""end"" (without quotes) or ""e"" (without quotes), it can get any verdict, because it will continue reading from closed input. Also, if your program prints answer or question in the incorrect format it can get any verdict, too. Be careful.

Don't forget to flush the output after printing questions and answers.

To flush the output, you can use: 

It's guaranteed that you should play at least $1$ and no more than $100$ games.

Hacks:

In hacks, you can use",,,"['binarysearch', 'interactive', 'math']",2000-2399
1199A,,1000,implementation,"For years, the Day of city N was held in the most rainy day of summer. New mayor decided to break this tradition and select a not-so-rainy day for the celebration. The mayor knows the weather forecast for the $$n$ days of summer. On the $i$-th day, $a_i$ millimeters of rain will fall. All values $a_i$ are distinct.

The mayor knows that citizens will watch the weather $x$ days before the celebration and $y$ days after. Because of that, he says that a day $d$ is not-so-rainy if $a_d$ is smaller than rain amounts at each of $x$ days before day $d$ and and each of $y$ days after day $d$. In other words, $a_d < a_j$ should hold for all $d - x \le j < d$ and $d < j \le d + y$. Citizens only watch the weather during summer, so we only consider such $j$ that $1 \le j \le n$.

Help mayor find the earliest not-so-rainy day of summer.

The first line contains three integers $n$, $x$ and $y$ ($1 \le n \le 100\,000$, $0 \le x, y \le 7$) — the number of days in summer, the number of days citizens watch the weather before the celebration and the number of days they do that after.

The second line contains $n$ distinct integers $a_1$, $a_2$, ..., $a_n$ ($1 \le a_i \le 10^9$), where $a_i$ denotes the rain amount on the $i$-th day.

Print a single integer — the index of the earliest not-so-rainy day of summer. We can show that the answer always exists.

In the first example days $3$ and $8$ are not-so-rainy. The $3$-rd day is earlier.

In the second example day $3$ is not not-so-rainy, because $3 + y = 6$ and $a_3 > a_6$. Thus, day $8$ is the answer. Note that $8 + y = 11$, but we don't consider day $11$$, because it is not summer.",,,['implementation'],800-1199
87A,,1500,"implementation,math","Vasya the programmer lives in the middle of the Programming subway branch. He has two girlfriends: Dasha and Masha, who live at the different ends of the branch, each one is unaware of the other one's existence.

When Vasya has some free time, he goes to one of his girlfriends. He descends into the subway at some time, waits the first train to come and rides on it to the end of the branch to the corresponding girl. However, the trains run with different frequencies: a train goes to Dasha's direction every a minutes, but a train goes to Masha's direction every b minutes. If two trains approach at the same time, Vasya goes toward the direction with the lower frequency of going trains, that is, to the girl, to whose directions the trains go less frequently (see the note to the third sample).

We know that the trains begin to go simultaneously before Vasya appears. That is the train schedule is such that there exists a moment of time when the two trains arrive simultaneously.

Help Vasya count to which girlfriend he will go more often.

The first line contains two integers a and b (a ≠ b, 1 ≤ a, b ≤ 106).

Print ""Dasha"" if Vasya will go to Dasha more frequently, ""Masha"" if he will go to Masha more frequently, or ""Equal"" if he will go to both girlfriends with the same frequency.

Let's take a look at the third sample. Let the trains start to go at the zero moment of time. It is clear that the moments of the trains' arrival will be periodic with period 6. That's why it is enough to show that if Vasya descends to the subway at a moment of time inside the interval (0, 6], he will go to both girls equally often. 

If he descends to the subway at a moment of time from 0 to 2, he leaves for Dasha on the train that arrives by the second minute.

If he descends to the subway at a moment of time from 2 to 3, he leaves for Masha on the train that arrives by the third minute.

If he descends to the subway at a moment of time from 3 to 4, he leaves for Dasha on the train that arrive",,,"['implementation', 'math']",1200-1599
629B,,1100,bruteforce,"Famil Door wants to celebrate his birthday with his friends from Far Far Away. He has n friends and each of them can come to the party in a specific range of days of the year from ai to bi. Of course, Famil Door wants to have as many friends celebrating together with him as possible.

Far cars are as weird as Far Far Away citizens, so they can only carry two people of opposite gender, that is exactly one male and one female. However, Far is so far from here that no other transportation may be used to get to the party.

Famil Door should select some day of the year and invite some of his friends, such that they all are available at this moment and the number of male friends invited is equal to the number of female friends invited. Find the maximum number of friends that may present at the party.

The first line of the input contains a single integer n (1 ≤ n ≤ 5000) — then number of Famil Door's friends.

Then follow n lines, that describe the friends. Each line starts with a capital letter 'F' for female friends and with a capital letter 'M' for male friends. Then follow two integers ai and bi (1 ≤ ai ≤ bi ≤ 366), providing that the i-th friend can come to the party from day ai to day bi inclusive.

Print the maximum number of people that may come to Famil Door's party.

In the first sample, friends 3 and 4 can come on any day in range [117, 128].

In the second sample, friends with indices 3, 4, 5 and 6 can come on day 140.",,,['bruteforce'],800-1199
290B,,1500,implementation,"The input contains two integers a1, a2 (0 ≤ ai ≤ 32), separated by a single space.

Output a single integer.",,,['implementation'],1200-1599
180B,,2300,"math,numbertheory","Vasya studies divisibility rules at school. Here are some of them:

Vasya got interested by the fact that some divisibility rules resemble each other. In fact, to check a number's divisibility by 2, 4, 5, 8 and 10 it is enough to check fulfiling some condition for one or several last digits. Vasya calls such rules the 2-type rules.

If checking divisibility means finding a sum of digits and checking whether the sum is divisible by the given number, then Vasya calls this rule the 3-type rule (because it works for numbers 3 and 9).

If we need to find the difference between the sum of digits on odd and even positions and check whether the difference is divisible by the given divisor, this rule is called the 11-type rule (it works for number 11).

In some cases we should divide the divisor into several factors and check whether rules of different types (2-type, 3-type or 11-type) work there. For example, for number 6 we check 2-type and 3-type rules, for number 66 we check all three types. Such mixed divisibility rules are called 6-type rules. 

And finally, there are some numbers for which no rule works: neither 2-type, nor 3-type, nor 11-type, nor 6-type. The least such number is number 7, so we'll say that in such cases the mysterious 7-type rule works, the one that Vasya hasn't discovered yet. 

Vasya's dream is finding divisibility rules for all possible numbers. He isn't going to stop on the decimal numbers only. As there are quite many numbers, ha can't do it all by himself. Vasya asked you to write a program that determines the divisibility rule type in the b-based notation for the given divisor d.

The first input line contains two integers b and d (2 ≤ b, d ≤ 100) — the notation system base and the divisor. Both numbers are given in the decimal notation.

On the first output line print the type of the rule in the b-based notation system, where the divisor is d: ""2-type"", ""3-type"", ""11-type"", ""6-type"" or ""7-type"". If there are several such types, print the one",,,"['math', 'numbertheory']",2000-2399
322B,,1600,"combinatorics,math","Fox Ciel has some flowers: r red flowers, g green flowers and b blue flowers. She wants to use these flowers to make several bouquets. There are 4 types of bouquets:

Help Fox Ciel to find the maximal number of bouquets she can make.

The first line contains three integers r, g and b (0 ≤ r, g, b ≤ 109) — the number of red, green and blue flowers.

Print the maximal number of bouquets Fox Ciel can make.

In test case 1, we can make 1 red bouquet, 2 green bouquets and 3 blue bouquets.

In test case 2, we can make 1 red, 1 green, 1 blue and 1 mixing bouquet.",,,"['combinatorics', 'math']",1600-1999
1236A,,800,"bruteforce,greedy,math","Alice is playing with some stones.

Now there are three numbered heaps of stones. The first of them contains $$a$ stones, the second of them contains $b$ stones and the third of them contains $c$ stones.

Each time she can do one of two operations:

She wants to get the maximum number of stones, but she doesn't know what to do. Initially, she has $0$ stones. Can you help her?

The first line contains one integer $t$ ($1 \leq t \leq 100$)  — the number of test cases. Next $t$ lines describe test cases in the following format:

Line contains three non-negative integers $a$, $b$ and $c$, separated by spaces ($0 \leq a,b,c \leq 100$) — the number of stones in the first, the second and the third heap, respectively.

In hacks it is allowed to use only one test case in the input, so $t = 1$ should be satisfied.

Print $t$ lines, the answers to the test cases in the same order as in the input. The answer to the test case is the integer  — the maximum possible number of stones that Alice can take after making some operations. 

For the first test case in the first test, Alice can take two stones from the second heap and four stones from the third heap, making the second operation two times. Then she can take one stone from the first heap and two stones from the second heap, making the first operation one time. The summary number of stones, that Alice will take is $9$. It is impossible to make some operations to take more than $9$ stones, so the answer is $9$$.",,,"['bruteforce', 'greedy', 'math']",800-1199
161B,,1700,"constructivealgorithms,greedy,sortings","One day Polycarpus stopped by a supermarket on his way home. It turns out that the supermarket is having a special offer for stools. The offer is as follows: if a customer's shopping cart contains at least one stool, the customer gets a 50% discount on the cheapest item in the cart (that is, it becomes two times cheaper). If there are several items with the same minimum price, the discount is available for only one of them!

Polycarpus has k carts, and he wants to buy up all stools and pencils from the supermarket. Help him distribute the stools and the pencils among the shopping carts, so that the items' total price (including the discounts) is the least possible.

Polycarpus must use all k carts to purchase the items, no shopping cart can remain empty. Each shopping cart can contain an arbitrary number of stools and/or pencils.

The first input line contains two integers n and k (1 ≤ k ≤ n ≤ 103) — the number of items in the supermarket and the number of carts, correspondingly. Next n lines describe the items as ""ci ti"" (without the quotes), where ci (1 ≤ ci ≤ 109) is an integer denoting the price of the i-th item, ti (1 ≤ ti ≤ 2) is an integer representing the type of item i (1 for a stool and 2 for a pencil). The numbers in the lines are separated by single spaces.

In the first line print a single real number with exactly one decimal place — the minimum total price of the items, including the discounts.

In the following k lines print the descriptions of the items in the carts. In the i-th line print the description of the i-th cart as ""t b1 b2 ... bt"" (without the quotes), where t is the number of items in the i-th cart, and the sequence b1, b2, ..., bt (1 ≤ bj ≤ n) gives the indices of items to put in this cart in the optimal distribution. All indices of items in all carts should be pairwise different, each item must belong to exactly one cart. You can print the items in carts and the carts themselves in any order. The items are numbered from 1 to n in the or",,,"['constructivealgorithms', 'greedy', 'sortings']",1600-1999
735E,,2500,"dp,trees","Ostap already settled down in Rio de Janiero suburb and started to grow a tree in his garden. Recall that a tree is a connected undirected acyclic graph. 

Ostap's tree now has n vertices. He wants to paint some vertices of the tree black such that from any vertex u there is at least one black vertex v at distance no more than k. Distance between two vertices of the tree is the minimum possible number of edges of the path between them.

As this number of ways to paint the tree can be large, Ostap wants you to compute it modulo 109 + 7. Two ways to paint the tree are considered different if there exists a vertex that is painted black in one way and is not painted in the other one.

The first line of the input contains two integers n and k (1 ≤ n ≤ 100, 0 ≤ k ≤ min(20, n - 1)) — the number of vertices in Ostap's tree and the maximum allowed distance to the nearest black vertex. Don't miss the unusual constraint for k.

Each of the next n - 1 lines contain two integers ui and vi (1 ≤ ui, vi ≤ n) — indices of vertices, connected by the i-th edge. It's guaranteed that given graph is a tree.

Print one integer — the remainder of division of the number of ways to paint the tree by 1 000 000 007 (109 + 7).

In the first sample, Ostap has to paint both vertices black.

In the second sample, it is enough to paint only one of two vertices, thus the answer is 3: Ostap can paint only vertex 1, only vertex 2, vertices 1 and 2 both.

In the third sample, the valid ways to paint vertices are: {1, 3}, {1, 4}, {2, 3}, {2, 4}, {1, 2, 3}, {1, 2, 4}, {1, 3, 4}, {2, 3, 4}, {1, 2, 3, 4}.",,,"['dp', 'trees']",2400-2799
937A,,800,"implementation,sortings","The recent All-Berland Olympiad in Informatics featured n participants with each scoring a certain amount of points.

As the head of the programming committee, you are to determine the set of participants to be awarded with diplomas with respect to the following criteria: 

Determine the number of ways to choose a subset of participants that will receive the diplomas.

The first line contains a single integer n (1 ≤ n ≤ 100) — the number of participants.

The next line contains a sequence of n integers a1, a2, ..., an (0 ≤ ai ≤ 600) — participants' scores.

It's guaranteed that at least one participant has non-zero score.

Print a single integer — the desired number of ways.

There are three ways to choose a subset in sample case one.

The only option in sample case two is to award everyone.

Note that in sample case three participants with zero scores cannot get anything.",,,"['implementation', 'sortings']",800-1199
339D,,1700,"datastructures,trees","Xenia the beginner programmer has a sequence a, consisting of 2n non-negative integers: a1, a2, ..., a2n. Xenia is currently studying bit operations. To better understand how they work, Xenia decided to calculate some value v for a.

Namely, it takes several iterations to calculate value v. At the first iteration, Xenia writes a new sequence a1 or a2, a3 or a4, ..., a2n - 1 or a2n, consisting of 2n - 1 elements. In other words, she writes down the bit-wise OR of adjacent elements of sequence a. At the second iteration, Xenia writes the bitwise exclusive OR of adjacent elements of the sequence obtained after the first iteration. At the third iteration Xenia writes the bitwise OR of the adjacent elements of the sequence obtained after the second iteration. And so on; the operations of bitwise exclusive OR and bitwise OR alternate. In the end, she obtains a sequence consisting of one element, and that element is v.

Let's consider an example. Suppose that sequence a = (1, 2, 3, 4). Then let's write down all the transformations (1, 2, 3, 4)  →  (1 or 2 = 3, 3 or 4 = 7)  →  (3 xor 7 = 4). The result is v = 4.

You are given Xenia's initial sequence. But to calculate value v for a given sequence would be too easy, so you are given additional m queries. Each query is a pair of integers p, b. Query p, b means that you need to perform the assignment ap = b. After each query, you need to print the new value v for the new sequence a.

The first line contains two integers n and m (1 ≤ n ≤ 17, 1 ≤ m ≤ 105). The next line contains 2n integers a1, a2, ..., a2n (0 ≤ ai < 230). Each of the next m lines contains queries. The i-th line contains integers pi, bi (1 ≤ pi ≤ 2n, 0 ≤ bi < 230) — the i-th query.

Print m integers — the i-th integer denotes value v for sequence a after the i-th query.

For more information on the bit operations, you can follow this link: http://en.wikipedia.org/wiki/Bitwise_operation",,,"['datastructures', 'trees']",1600-1999
257B,,1300,"games,greedy,implementation","Petya and Vasya decided to play a little. They found n red cubes and m blue cubes. The game goes like that: the players take turns to choose a cube of some color (red or blue) and put it in a line from left to right (overall the line will have n + m cubes). Petya moves first. Petya's task is to get as many pairs of neighbouring cubes of the same color as possible. Vasya's task is to get as many pairs of neighbouring cubes of different colors as possible. 

The number of Petya's points in the game is the number of pairs of neighboring cubes of the same color in the line, the number of Vasya's points in the game is the number of neighbouring cubes of the different color in the line. Your task is to calculate the score at the end of the game (Petya's and Vasya's points, correspondingly), if both boys are playing optimally well. To ""play optimally well"" first of all means to maximize the number of one's points, and second — to minimize the number of the opponent's points.

The only line contains two space-separated integers n and m (1 ≤ n, m ≤ 105) — the number of red and blue cubes, correspondingly.

On a single line print two space-separated integers — the number of Petya's and Vasya's points correspondingly provided that both players play optimally well.

In the first test sample the optimal strategy for Petya is to put the blue cube in the line. After that there will be only red cubes left, so by the end of the game the line of cubes from left to right will look as [blue, red, red, red]. So, Petya gets 2 points and Vasya gets 1 point. 

If Petya would choose the red cube during his first move, then, provided that both boys play optimally well, Petya would get 1 point and Vasya would get 2 points.",,,"['games', 'greedy', 'implementation']",1200-1599
1445C,,1500,"math,numbertheory","Oleg's favorite subjects are History and Math, and his favorite branch of mathematics is division.

To improve his division skills, Oleg came up with $$t$ pairs of integers $p_i$ and $q_i$ and for each pair decided to find the greatest integer $x_i$, such that: 

The first line contains an integer $t$ ($1 \le t \le 50$) — the number of pairs.

Each of the following $t$ lines contains two integers $p_i$ and $q_i$ ($1 \le p_i \le 10^{18}$; $2 \le q_i \le 10^{9}$) — the $i$-th pair of integers.

Print $t$ integers: the $i$-th integer is the largest $x_i$ such that $p_i$ is divisible by $x_i$, but $x_i$ is not divisible by $q_i$.

One can show that there is always at least one value of $x_i$ satisfying the divisibility conditions for the given constraints.

For the first pair, where $p_1 = 10$ and $q_1 = 4$, the answer is $x_1 = 10$, since it is the greatest divisor of $10$ and $10$ is not divisible by $4$.

For the second pair, where $p_2 = 12$ and $q_2 = 6$$, note that",,,"['math', 'numbertheory']",1200-1599
1266A,,1000,"chineseremaindertheorem,math","Bob is a competitive programmer. He wants to become red, and for that he needs a strict training regime. He went to the annual meeting of grandmasters and asked $$n$ of them how much effort they needed to reach red.

""Oh, I just spent $x_i$ hours solving problems"", said the $i$-th of them. 

Bob wants to train his math skills, so for each answer he wrote down the number of minutes ($60 \cdot x_i$), thanked the grandmasters and went home. Bob could write numbers with leading zeroes — for example, if some grandmaster answered that he had spent $2$ hours, Bob could write $000120$ instead of $120$.

Alice wanted to tease Bob and so she took the numbers Bob wrote down, and for each of them she did one of the following independently: 

This way, Alice generated $n$ numbers, denoted $y_1$, ..., $y_n$.

For each of the numbers, help Bob determine whether $y_i$ can be a permutation of a number divisible by $60$ (possibly with leading zeroes).

The first line contains a single integer $n$ ($1 \leq n \leq 418$) — the number of grandmasters Bob asked.

Then $n$ lines follow, the $i$-th of which contains a single integer $y_i$ — the number that Alice wrote down.

Each of these numbers has between $2$ and $100$ digits '0' through '9'. They can contain leading zeroes.

Output $n$ lines.

For each $i$, output the following. If it is possible to rearrange the digits of $y_i$ such that the resulting number is divisible by $60$, output ""red"" (quotes for clarity). Otherwise, output ""cyan"".

In the first example, there is one rearrangement that yields a number divisible by $60$, and that is $360$.

In the second example, there are two solutions. One is $060$ and the second is $600$.

In the third example, there are $6$ possible rearrangments: $025$, $052$, $205$, $250$, $502$, $520$. None of these numbers is divisible by $60$.

In the fourth example, there are $3$ rearrangements: $228$, $282$, $822$.

In the fifth example, none of the $24$ rearrangements result in a number divisible by ",,,"['chineseremaindertheorem', 'math']",800-1199
373C,,1600,"greedy,sortings,twopointers","There are n kangaroos with pockets. Each kangaroo has a size (integer number). A kangaroo can go into another kangaroo's pocket if and only if the size of kangaroo who hold the kangaroo is at least twice as large as the size of kangaroo who is held.

Each kangaroo can hold at most one kangaroo, and the kangaroo who is held by another kangaroo cannot hold any kangaroos.

The kangaroo who is held by another kangaroo cannot be visible from outside. Please, find a plan of holding kangaroos with the minimal number of kangaroos who is visible.

The first line contains a single integer — n (1 ≤ n ≤ 5·105). Each of the next n lines contains an integer si — the size of the i-th kangaroo (1 ≤ si ≤ 105).

Output a single integer — the optimal number of visible kangaroos.",,,"['greedy', 'sortings', 'twopointers']",1600-1999
822B,,1000,"bruteforce,implementation,strings","Erelong Leha was bored by calculating of the greatest common divisor of two factorials. Therefore he decided to solve some crosswords. It's well known that it is a very interesting occupation though it can be very difficult from time to time. In the course of solving one of the crosswords, Leha had to solve a simple task. You are able to do it too, aren't you?

Leha has two strings s and t. The hacker wants to change the string s at such way, that it can be found in t as a substring. All the changes should be the following: Leha chooses one position in the string s and replaces the symbol in this position with the question mark ""?"". The hacker is sure that the question mark in comparison can play the role of an arbitrary symbol. For example, if he gets string s=""ab?b"" as a result, it will appear in t=""aabrbb"" as a substring.

Guaranteed that the length of the string s doesn't exceed the length of the string t. Help the hacker to replace in s as few symbols as possible so that the result of the replacements can be found in t as a substring. The symbol ""?"" should be considered equal to any other symbol.

The first line contains two integers n and m (1 ≤ n ≤ m ≤ 1000) — the length of the string s and the length of the string t correspondingly.

The second line contains n lowercase English letters — string s.

The third line contains m lowercase English letters — string t.

In the first line print single integer k — the minimal number of symbols that need to be replaced.

In the second line print k distinct integers denoting the positions of symbols in the string s which need to be replaced. Print the positions in any order. If there are several solutions print any of them. The numbering of the positions begins from one.",,,"['bruteforce', 'implementation', 'strings']",800-1199
948B,,1700,"bruteforce,math,numbertheory","Alice and Bob begin their day with a quick game. They first choose a starting number X0 ≥ 3 and try to reach one million by the process described below. 

Alice goes first and then they take alternating turns. In the i-th turn, the player whose turn it is selects a prime number smaller than the current number, and announces the smallest multiple of this prime number that is not smaller than the current number.

Formally, he or she selects a prime p < Xi - 1 and then finds the minimum Xi ≥ Xi - 1 such that p divides Xi. Note that if the selected prime p already divides Xi - 1, then the number does not change.

Eve has witnessed the state of the game after two turns. Given X2, help her determine what is the smallest possible starting number X0. Note that the players don't necessarily play optimally. You should consider all possible game evolutions.

The input contains a single integer X2 (4 ≤ X2 ≤ 106). It is guaranteed that the integer X2 is composite, that is, is not prime.

Output a single integer — the minimum possible X0.

In the first test, the smallest possible starting number is X0 = 6. One possible course of the game is as follows: 

In the second case, let X0 = 15.",,,"['bruteforce', 'math', 'numbertheory']",1600-1999
55A,,1200,"implementation,math","A flea is sitting at one of the n hassocks, arranged in a circle, at the moment. After minute number k the flea jumps through k - 1 hassoсks (clockwise). For example, after the first minute the flea jumps to the neighboring hassock. You should answer: will the flea visit all the hassocks or not. We assume that flea has infinitely much time for this jumping.

The only line contains single integer: 1 ≤ n ≤ 1000 — number of hassocks.

Output ""YES"" if all the hassocks will be visited and ""NO"" otherwise.",,,"['implementation', 'math']",1200-1599
1332C,,1500,"dfsandsimilar,dsu,greedy,implementation,strings","Word $$s$ of length $n$ is called $k$-complete if 

For example, ""abaaba"" is a $3$-complete word, while ""abccba"" is not.

Bob is given a word $s$ of length $n$ consisting of only lowercase Latin letters and an integer $k$, such that $n$ is divisible by $k$. He wants to convert $s$ to any $k$-complete word.

To do this Bob can choose some $i$ ($1 \le i \le n$) and replace the letter at position $i$ with some other lowercase Latin letter.

So now Bob wants to know the minimum number of letters he has to replace to convert $s$ to any $k$-complete word.

Note that Bob can do zero changes if the word $s$ is already $k$-complete.

You are required to answer $t$ test cases independently.

The first line contains a single integer $t$ ($1 \le t\le 10^5$) — the number of test cases.

The first line of each test case contains two integers $n$ and $k$ ($1 \le k < n \le 2 \cdot 10^5$, $n$ is divisible by $k$).

The second line of each test case contains a word $s$ of length $n$.

It is guaranteed that word $s$ only contains lowercase Latin letters. And it is guaranteed that the sum of $n$ over all test cases will not exceed $2 \cdot 10^5$.

For each test case, output one integer, representing the minimum number of characters he has to replace to convert $s$ to any $k$-complete word.

In the first test case, one optimal solution is aaaaaa.

In the second test case, the given word itself is $k$$-complete.",,,"['dfsandsimilar', 'dsu', 'greedy', 'implementation', 'strings']",1200-1599
959D,,1900,"constructivealgorithms,greedy,math,numbertheory","Mahmoud has an array a consisting of n integers. He asked Ehab to find another array b of the same length such that:

Ehab wants to choose a special array so he wants the lexicographically minimal array between all the variants. Can you find it?

An array x is lexicographically greater than an array y if there exists an index i such than xi > yi and xj = yj for all 1 ≤ j < i. An array x is equal to an array y if xi = yi for all 1 ≤ i ≤ n.

The first line contains an integer n (1 ≤ n ≤ 105), the number of elements in a and b.

The second line contains n integers a1, a2, ..., an (2 ≤ ai ≤ 105), the elements of a.

Output n space-separated integers, the i-th of them representing bi.

Note that in the second sample, the array is already pairwise coprime so we printed it.",,,"['constructivealgorithms', 'greedy', 'math', 'numbertheory']",1600-1999
1284F,,3200,"datastructures,graphmatchings,graphs,math,trees","Donghyun's new social network service (SNS) contains $$n$ users numbered $1, 2, \ldots, n$. Internally, their network is a tree graph, so there are $n-1$ direct connections between each user. Each user can reach every other users by using some sequence of direct connections. From now on, we will denote this primary network as $T_1$.

To prevent a possible server breakdown, Donghyun created a backup network $T_2$, which also connects the same $n$ users via a tree graph. If a system breaks down, exactly one edge $e \in T_1$ becomes unusable. In this case, Donghyun will protect the edge $e$ by picking another edge $f \in T_2$, and add it to the existing network. This new edge should make the network be connected again. 

Donghyun wants to assign a replacement edge $f \in T_2$ for as many edges $e \in T_1$ as possible. However, since the backup network $T_2$ is fragile, $f \in T_2$ can be assigned as the replacement edge for at most one edge in $T_1$. With this restriction, Donghyun wants to protect as many edges in $T_1$ as possible.

Formally, let $E(T)$ be an edge set of the tree $T$. We consider a bipartite graph with two parts $E(T_1)$ and $E(T_2)$. For $e \in E(T_1), f \in E(T_2)$, there is an edge connecting $\{e, f\}$ if and only if graph $T_1 - \{e\} + \{f\}$ is a tree. You should find a maximum matching in this bipartite graph.

The first line contains an integer $n$ ($2 \le n \le 250\,000$), the number of users. 

In the next $n-1$ lines, two integers $a_i$, $b_i$ ($1 \le a_i, b_i \le n$) are given. Those two numbers denote the indices of the vertices connected by the corresponding edge in $T_1$.

In the next $n-1$ lines, two integers $c_i$, $d_i$ ($1 \le c_i, d_i \le n$) are given. Those two numbers denote the indices of the vertices connected by the corresponding edge in $T_2$. 

It is guaranteed that both edge sets form a tree of size $n$.

In the first line, print the number $m$ ($0 \leq m < n$), the maximum number of edges that can be protected.

In the ",,,"['datastructures', 'graphmatchings', 'graphs', 'math', 'trees']",2800-9999
727C,,1400,"constructivealgorithms,interactive,math","This is an interactive problem. You should use flush operation after each printed line. For example, in C++ you should use fflush(stdout), in Java you should use System.out.flush(), and in Pascal — flush(output).

In this problem you should guess an array a which is unknown for you. The only information you have initially is the length n of the array a.

The only allowed action is to ask the sum of two elements by their indices. Formally, you can print two indices i and j (the indices should be distinct). Then your program should read the response: the single integer equals to ai + aj.

It is easy to prove that it is always possible to guess the array using at most n requests.

Write a program that will guess the array a by making at most n requests.

In each test your program should guess a single array.

The input starts with a line containing integer n (3 ≤ n ≤ 5000) — the length of the array. Your program should read it at first.

After that your program should print to the standard output the requests about the sum of two elements or inform that the array is guessed.

The response on a request is a single integer equal to ai + aj, printed on a separate line.

Your program can do at most n requests. Note that the final line «! a1 a2 ... an» is not counted as a request.

Do not forget about flush operation after each printed line.

After you program prints the guessed array, it should terminate normally.

The format of a test to make a hack is:",,,"['constructivealgorithms', 'interactive', 'math']",1200-1599
1105D,,1900,"dfsandsimilar,graphs,implementation,shortestpaths","Kilani is playing a game with his friends. This game can be represented as a grid of size $$n \times m$, where each cell is either empty or blocked, and every player has one or more castles in some cells (there are no two castles in one cell).

The game is played in rounds. In each round players expand turn by turn: firstly, the first player expands, then the second player expands and so on. The expansion happens as follows: for each castle the player owns now, he tries to expand into the empty cells nearby. The player $i$ can expand from a cell with his castle to the empty cell if it's possible to reach it in at most $s_i$ (where $s_i$ is player's expansion speed) moves to the left, up, right or down without going through blocked cells or cells occupied by some other player's castle. The player examines the set of cells he can expand to and builds a castle in each of them at once. The turned is passed to the next player after that. 

The game ends when no player can make a move. You are given the game field and speed of the expansion for each player. Kilani wants to know for each player how many cells he will control (have a castle their) after the game ends.

The first line contains three integers $n$, $m$ and $p$ ($1 \le n, m \le 1000$, $1 \le p \le 9$) — the size of the grid and the number of players.

The second line contains $p$ integers $s_i$ ($1 \le s \le 10^9$) — the speed of the expansion for every player.

The following $n$ lines describe the game grid. Each of them consists of $m$ symbols, where '.' denotes an empty cell, '#' denotes a blocked cell and digit $x$ ($1 \le x \le p$) denotes the castle owned by player $x$.

It is guaranteed, that each player has at least one castle on the grid.

Print $p$$ integers — the number of cells controlled by each player after the game ends.

The picture below show the game before it started, the game after the first round and game after the second round in the first example:

In the second example, the first player ",,,"['dfsandsimilar', 'graphs', 'implementation', 'shortestpaths']",1600-1999
334E,,2700,,"Gerald has a friend, Pollard. Pollard is interested in lucky tickets (ticket is a sequence of digits). At first he thought that a ticket is lucky if between some its digits we can add arithmetic signs and brackets so that the result obtained by the arithmetic expression was number 100. But he quickly analyzed all such tickets and moved on to a more general question. Now he explores k-lucky tickets.

Pollard sais that a ticket is k-lucky if we can add arithmetic operation signs between its digits to the left or right of them (i.e., ""+"", ""-"", "" × "") and brackets so as to obtain the correct arithmetic expression whose value would equal k. For example, ticket ""224201016"" is 1000-lucky as ( - 2 - (2 + 4)) × (2 + 0) + 1016 = 1000.

Pollard was so carried away by the lucky tickets that he signed up for a seminar on lucky tickets and, as far as Gerald knows, Pollard will attend it daily at 7 pm in some famous institute and will commute to it in the same tram for m days. In this tram tickets have eight digits. And Gerald wants to make a surprise for Pollard: each day Pollard will receive a tram k-lucky ticket. The conductor has already agreed to give Pollard certain tickets during all these m days and he only wants Gerald to tell him what kind of tickets to give out. In this regard, help Gerald pick exactly m distinct k-lucky tickets.

The single line contains two integers k and m (0 ≤ k ≤ 104, 1 ≤ m ≤ 3·105).

Print m lines. Each line must contain exactly 8 digits — the k-winning ticket. The tickets may begin with 0, all tickets must be distinct. If there are more than m distinct k-lucky tickets, print any m of them. It is guaranteed that at least m distinct k-lucky tickets exist. The tickets can be printed in any order.",,,[],2400-2799
1286B,,1800,"constructivealgorithms,datastructures,dfsandsimilar,graphs,greedy,trees","Evlampiy was gifted a rooted tree. The vertices of the tree are numbered from $$1$ to $n$. Each of its vertices also has an integer $a_i$ written on it. For each vertex $i$, Evlampiy calculated $c_i$ — the number of vertices $j$ in the subtree of vertex $i$, such that $a_j < a_i$. 

After the new year, Evlampiy could not remember what his gift was! He remembers the tree and the values of $c_i$, but he completely forgot which integers $a_i$ were written on the vertices.

Help him to restore initial integers!

The first line contains an integer $n$ $(1 \leq n \leq 2000)$ — the number of vertices in the tree.

The next $n$ lines contain descriptions of vertices: the $i$-th line contains two integers $p_i$ and $c_i$ ($0 \leq p_i \leq n$; $0 \leq c_i \leq n-1$), where $p_i$ is the parent of vertex $i$ or $0$ if vertex $i$ is root, and $c_i$ is the number of vertices $j$ in the subtree of vertex $i$, such that $a_j < a_i$.

It is guaranteed that the values of $p_i$ describe a rooted tree with $n$ vertices.

If a solution exists, in the first line print ""YES"", and in the second line output $n$ integers $a_i$ $(1 \leq a_i \leq {10}^{9})$. If there are several solutions, output any of them. One can prove that if there is a solution, then there is also a solution in which all $a_i$ are between $1$ and $10^9$$.

If there are no solutions, print ""NO"".",,,"['constructivealgorithms', 'datastructures', 'dfsandsimilar', 'graphs', 'greedy', 'trees']",1600-1999
574C,,1300,"math,numbertheory","Limak is an old brown bear. He often plays poker with his friends. Today they went to a casino. There are n players (including Limak himself) and right now all of them have bids on the table. i-th of them has bid with size ai dollars.

Each player can double his bid any number of times and triple his bid any number of times. The casino has a great jackpot for making all bids equal. Is it possible that Limak and his friends will win a jackpot?

First line of input contains an integer n (2 ≤ n ≤ 105), the number of players.

The second line contains n integer numbers a1, a2, ..., an (1 ≤ ai ≤ 109) — the bids of players.

Print ""Yes"" (without the quotes) if players can make their bids become equal, or ""No"" otherwise.

In the first sample test first and third players should double their bids twice, second player should double his bid once and fourth player should both double and triple his bid.

It can be shown that in the second sample test there is no way to make all bids equal.",,,"['math', 'numbertheory']",1200-1599
1453A,,800,implementation,"Gildong's town has a train system that has $$100$ trains that travel from the bottom end to the top end and $100$ trains that travel from the left end to the right end. The trains starting from each side are numbered from $1$ to $100$, respectively, and all trains have the same speed. Let's take a look at the picture below.

The train system can be represented as coordinates on a 2D plane. The $i$-th train starting at the bottom end is initially at $(i,0)$ and will be at $(i,T)$ after $T$ minutes, and the $i$-th train starting at the left end is initially at $(0,i)$ and will be at $(T,i)$ after $T$ minutes. All trains arrive at their destinations after $101$ minutes.

However, Gildong found that some trains scheduled to depart at a specific time, simultaneously, are very dangerous. At this time, $n$ trains are scheduled to depart from the bottom end and $m$ trains are scheduled to depart from the left end. If two trains are both at $(x,y)$ at the same time for some $x$ and $y$, they will crash into each other. Therefore, he is asking you to find the minimum number of trains that should be cancelled to prevent all such crashes.

Each test contains one or more test cases. The first line contains the number of test cases $t$ ($1 \le t \le 100$).

Each test case contains three lines. The first line of each test case consists of two integers $n$ and $m$ ($1 \le n, m \le 100$) — the number of trains scheduled to depart from the bottom end, and the number of trains scheduled to depart from the left end, respectively.

The second line of each test case contains $n$ integers. Each integer is a train number that is scheduled to start from the bottom end. The numbers are given in strictly increasing order, and are between $1$ and $100$, inclusive.

The third line of each test case contains $m$ integers. Each integer is a train number that is scheduled to start from the left end. The numbers are given in strictly increasing order, and are between $1$ and $100$, inclusive.

For ",,,['implementation'],800-1199
784D,,1900,implementation,"The only line of the input contains a string of digits. The length of the string is between 1 and 10, inclusive.

Output ""Yes"" or ""No"".",,,['implementation'],1600-1999
1504A,,800,"constructivealgorithms,strings","A palindrome is a string that reads the same backward as forward. For example, the strings ""z"", ""aaa"", ""aba"", and ""abccba"" are palindromes, but ""codeforces"" and ""ab"" are not. You hate palindromes because they give you déjà vu.

There is a string $$s$. You must insert exactly one character 'a' somewhere in $s$. If it is possible to create a string that is not a palindrome, you should find one example. Otherwise, you should report that it is impossible.

For example, suppose $s=$ ""cbabc"". By inserting an 'a', you can create ""acbabc"", ""cababc"", ""cbaabc"", ""cbabac"", or ""cbabca"". However ""cbaabc"" is a palindrome, so you must output one of the other options.

The first line contains a single integer $t$ ($1\le t\le 10^4$) — the number of test cases.

The only line of each test case contains a string $s$ consisting of lowercase English letters.

The total length of all strings does not exceed $3\cdot 10^5$.

For each test case, if there is no solution, output ""NO"".

Otherwise, output ""YES"" followed by your constructed string of length $|s|+1$$ on the next line. If there are multiple solutions, you may print any.

You can print each letter of ""YES"" and ""NO"" in any case (upper or lower).

The first test case is described in the statement.

In the second test case, we can make either ""aab"" or ""aba"". But ""aba"" is a palindrome, so ""aab"" is the only correct answer.

In the third test case, ""zaza"" and ""zzaa"" are correct answers, but not ""azza"".

In the fourth test case, ""baa"" is the only correct answer.

In the fifth test case, we can only make ""aa"", which is a palindrome. So the answer is ""NO"".

In the sixth test case, ""anutforajaroftuna"" is a palindrome, but inserting 'a' elsewhere is valid.",,,"['constructivealgorithms', 'strings']",800-1199
1227E,,2200,"binarysearch,graphs,graphs,shortestpaths","The Berland Forest can be represented as an infinite cell plane. Every cell contains a tree. That is, contained before the recent events.

A destructive fire raged through the Forest, and several trees were damaged by it. Precisely speaking, you have a $$n \times m$ rectangle map which represents the damaged part of the Forest. The damaged trees were marked as ""X"" while the remaining ones were marked as ""."". You are sure that all burnt trees are shown on the map. All the trees outside the map are undamaged.

The firemen quickly extinguished the fire, and now they are investigating the cause of it. The main version is that there was an arson: at some moment of time (let's consider it as $0$) some trees were set on fire. At the beginning of minute $0$, only the trees that were set on fire initially were burning. At the end of each minute, the fire spread from every burning tree to each of $8$ neighboring trees. At the beginning of minute $T$, the fire was extinguished.

The firemen want to find the arsonists as quickly as possible. The problem is, they know neither the value of $T$ (how long the fire has been raging) nor the coordinates of the trees that were initially set on fire. They want you to find the maximum value of $T$ (to know how far could the arsonists escape) and a possible set of trees that could be initially set on fire.

Note that you'd like to maximize value $T$ but the set of trees can be arbitrary.

The first line contains two integer $n$ and $m$ ($1 \le n, m \le 10^6$, $1 \le n \cdot m \le 10^6$) — the sizes of the map.

Next $n$ lines contain the map. The $i$-th line corresponds to the $i$-th row of the map and contains $m$-character string. The $j$-th character of the $i$-th string is ""X"" if the corresponding tree is burnt and ""."" otherwise.

It's guaranteed that the map contains at least one ""X"".

In the first line print the single integer $T$ — the maximum time the Forest was on fire. In the next $n$ lines print the certificate: the map ($n \ti",,,"['binarysearch', 'graphs', 'graphs', 'shortestpaths']",2000-2399
1269B,,1500,"bruteforce,sortings","You are given a positive integer $$m$ and two integer sequence: $a=[a_1, a_2, \ldots, a_n]$ and $b=[b_1, b_2, \ldots, b_n]$. Both of these sequence have a length $n$.

Permutation is a sequence of $n$ different positive integers from $1$ to $n$. For example, these sequences are permutations: $[1]$, $[1,2]$, $[2,1]$, $[6,7,3,4,1,2,5]$. These are not: $[0]$, $[1,1]$, $[2,3]$.

You need to find the non-negative integer $x$, and increase all elements of $a_i$ by $x$, modulo $m$ (i.e. you want to change $a_i$ to $(a_i + x) \bmod m$), so it would be possible to rearrange elements of $a$ to make it equal $b$, among them you need to find the smallest possible $x$.

In other words, you need to find the smallest non-negative integer $x$, for which it is possible to find some permutation $p=[p_1, p_2, \ldots, p_n]$, such that for all $1 \leq i \leq n$, $(a_i + x) \bmod m = b_{p_i}$, where $y \bmod m$ — remainder of division of $y$ by $m$.

For example, if $m=3$, $a = [0, 0, 2, 1], b = [2, 0, 1, 1]$, you can choose $x=1$, and $a$ will be equal to $[1, 1, 0, 2]$ and you can rearrange it to make it equal $[2, 0, 1, 1]$, which is equal to $b$.

The first line contains two integers $n,m$ ($1 \leq n \leq 2000, 1 \leq m \leq 10^9$): number of elemens in arrays and $m$.

The second line contains $n$ integers $a_1, a_2, \ldots, a_n$ ($0 \leq a_i < m$).

The third line contains $n$ integers $b_1, b_2, \ldots, b_n$ ($0 \leq b_i < m$).

It is guaranteed that there exists some non-negative integer $x$, such that it would be possible to find some permutation $p_1, p_2, \ldots, p_n$ such that $(a_i + x) \bmod m = b_{p_i}$.

Print one integer, the smallest non-negative integer $x$, such that it would be possible to find some permutation $p_1, p_2, \ldots, p_n$ such that $(a_i + x) \bmod m = b_{p_i}$ for all $1 \leq i \leq n$$.",,,"['bruteforce', 'sortings']",1200-1599
420D,,2200,datastructures,"The employees of the F company have lots of ways to entertain themselves. Today they invited a famous magician who shows a trick with plastic cups and a marble.

The point is to trick the spectator's attention. Initially, the spectator stands in front of a line of n plastic cups. Then the magician places a small marble under one cup and shuffles the cups. Then the spectator should guess which cup hides the marble.

But the head coder of the F company isn't easy to trick. When he saw the performance, he noticed several important facts:

When the head coder came home after work he wanted to re-do the trick. Unfortunately, he didn't remember the starting or the final position of the cups. He only remembered which operations the magician performed. Help the coder: given the operations in the order they were made find at least one initial permutation of the cups that can go through the described operations in the given order. Otherwise, state that such permutation doesn't exist.

The first line contains integers n and m (1 ≤ n, m ≤ 106). Each of the next m lines contains a couple of integers. The i-th line contains integers xi, yi (1 ≤ xi, yi ≤ n) — the description of the i-th operation of the magician. Note that the operations are given in the order in which the magician made them and the coder wants to make them in the same order.

If the described permutation doesn't exist (the programmer remembered wrong operations), print -1. Otherwise, print n distinct integers, each from 1 to n: the i-th number should represent the mark on the cup that initially is in the row in position i.

If there are multiple correct answers, you should print the lexicographically minimum one.",,,['datastructures'],2000-2399
188E,,1400,implementation,"HQ9+ is a joke programming language which has only four one-character instructions:

Instructions ""H"" and ""Q"" are case-sensitive and must be uppercase. The characters of the program which are not instructions are ignored.

You are given a program written in HQ9+. You have to figure out whether executing this program will produce any output.

The input will consist of a single line p which will give a program in HQ9+. String p will contain between 1 and 100 characters, inclusive. ASCII-code of each character of p will be between 33 (exclamation mark) and 126 (tilde), inclusive.

Output ""YES"", if executing the program will produce any output, and ""NO"" otherwise (quotes for clarity only).

In the first case the program contains only one instruction — ""H"", which prints ""Hello, World!"".

In the second case none of the program characters are language instructions.",,,['implementation'],1200-1599
1299E,,3400,"interactive,math","This problem is interactive.

We have hidden a permutation $$p_1, p_2, \dots, p_n$ of numbers from $1$ to $n$ from you, where $n$ is even. You can try to guess it using the following queries:

$?$ $k$ $a_1$ $a_2$ $\dots$ $a_k$.

In response, you will learn if the average of elements with indexes $a_1, a_2, \dots, a_k$ is an integer. In other words, you will receive $1$ if $\frac{p_{a_1} + p_{a_2} + \dots + p_{a_k}}{k}$ is integer, and $0$ otherwise. 

You have to guess the permutation. You can ask not more than $18n$ queries.

Note that permutations $[p_1, p_2, \dots, p_k]$ and $[n + 1 - p_1, n + 1 - p_2, \dots, n + 1 - p_k]$ are indistinguishable. Therefore, you are guaranteed that $p_1 \le \frac{n}{2}$.

Note that the permutation $p$ is fixed before the start of the interaction and doesn't depend on your queries. In other words, interactor is not adaptive.

Note that you don't have to minimize the number of queries.

The first line contains a single integer $n$ ($2 \le n \le 800$, $n$ is even).

You begin the interaction by reading $n$.

To ask a question about elements on positions $a_1, a_2, \dots, a_k$, in a separate line output

$?$ $k$ $a_1$ $a_2$ ... $a_k$

Numbers in the query have to satisfy $1 \le a_i \le n$, and all $a_i$ have to be different. Don't forget to 'flush', to get the answer.

In response, you will receive $1$ if $\frac{p_{a_1} + p_{a_2} + \dots + p_{a_k}}{k}$ is integer, and $0$ otherwise. 

In case your query is invalid or you asked more than $18n$ queries, the program will print $-1$ and will finish interaction. You will receive a Wrong answer verdict. Make sure to exit immediately to avoid getting other verdicts.

When you determine permutation, output 

$!$ $p_1$ $p_2$ ... $p_n$

After printing a query do not forget to output end of line and flush the output. Otherwise, you will get Idleness limit exceeded. To do this, use:

Hack format

For the hacks use the following format:

The first line has to contain a single integer $n$ ($2 \le n ",,,"['interactive', 'math']",2800-9999
1276A,,1400,"dp,greedy","You are given a non-empty string $$s=s_1s_2\dots s_n$, which consists only of lowercase Latin letters. Polycarp does not like a string if it contains at least one string ""one"" or at least one string ""two"" (or both at the same time) as a substring. In other words, Polycarp does not like the string $s$ if there is an integer $j$ ($1 \le j \le n-2$), that $s_{j}s_{j+1}s_{j+2}=$""one"" or $s_{j}s_{j+1}s_{j+2}=$""two"".

For example:

Polycarp wants to select a certain set of indices (positions) and remove all letters on these positions. All removals are made at the same time.

For example, if the string looks like $s=$""onetwone"", then if Polycarp selects two indices $3$ and $6$, then ""onetwone"" will be selected and the result is ""ontwne"".

What is the minimum number of indices (positions) that Polycarp needs to select to make the string liked? What should these positions be?

The first line of the input contains an integer $t$ ($1 \le t \le 10^4$) — the number of test cases in the input. Next, the test cases are given.

Each test case consists of one non-empty string $s$. Its length does not exceed $1.5\cdot10^5$. The string $s$ consists only of lowercase Latin letters.

It is guaranteed that the sum of lengths of all lines for all input data in the test does not exceed $1.5\cdot10^6$.

Print an answer for each test case in the input in order of their appearance.

The first line of each answer should contain $r$ ($0 \le r \le |s|$) — the required minimum number of positions to be removed, where $|s|$ is the length of the given line. The second line of each answer should contain $r$ different integers — the indices themselves for removal in any order. Indices are numbered from left to right from $1$ to the length of the string. If $r=0$$, then the second line can be skipped (or you can print empty). If there are several answers, print any of them.

In the first example, answers are:

In the second example, answers are:",,,"['dp', 'greedy']",1200-1599
159A,,1400,"greedy,implementation","Polycarpus has a hobby — he develops an unusual social network. His work is almost completed, and there is only one more module to implement — the module which determines friends. Oh yes, in this social network one won't have to add friends manually! Pairs of friends are deduced in the following way. Let's assume that user A sent user B a message at time t1, and user B sent user A a message at time t2. If 0 < t2 - t1 ≤ d, then user B's message was an answer to user A's one. Users A and B are considered to be friends if A answered at least one B's message or B answered at least one A's message.

You are given the log of messages in chronological order and a number d. Find all pairs of users who will be considered to be friends.

The first line of the input contains two integers n and d (1 ≤ n, d ≤ 1000). The next n lines contain the messages log. The i-th line contains one line of the log formatted as ""Ai Bi ti"" (without the quotes), which means that user Ai sent a message to user Bi at time ti (1 ≤ i ≤ n). Ai and Bi are non-empty strings at most 20 characters long, consisting of lowercase letters ('a' ... 'z'), and ti is an integer (0 ≤ ti ≤ 10000). It is guaranteed that the lines are given in non-decreasing order of ti's and that no user sent a message to himself. The elements in the lines are separated by single spaces.

In the first line print integer k — the number of pairs of friends. In the next k lines print pairs of friends as ""Ai Bi"" (without the quotes). You can print users in pairs and the pairs themselves in any order. Each pair must be printed exactly once.

In the first sample test case Vasya and Petya are friends because their messages' sending times are one second apart. Anya and Ivan are not, because their messages' sending times differ by more than one second.",,,"['greedy', 'implementation']",1200-1599
1358B,,1000,"greedy,sortings","Maria is the most active old lady in her house. She was tired of sitting at home. She decided to organize a ceremony against the coronavirus.

She has $$n$ friends who are also grannies (Maria is not included in this number). The $i$-th granny is ready to attend the ceremony, provided that at the time of her appearance in the courtyard there will be at least $a_i$ other grannies there. Note that grannies can come into the courtyard at the same time. Formally, the granny $i$ agrees to come if the number of other grannies who came earlier or at the same time with her is greater than or equal to $a_i$.

Grannies gather in the courtyard like that.

Your task is to find what maximum number of grannies (including herself) Maria can collect in the courtyard for the ceremony. After all, the more people in one place during quarantine, the more effective the ceremony!

Consider an example: if $n=6$ and $a=[1,5,4,5,1,9]$, then:

The first line contains a single integer $t$ ($1 \le t \le 10^4$) — the number of test cases in the input. Then test cases follow.

The first line of a test case contains a single integer $n$ ($1 \le n \le 10^5$) — the number of grannies (Maria is not included in this number).

The second line contains $n$ integers $a_1, a_2, \ldots, a_n$ ($1 \le a_i \le 2\cdot10^5$).

It is guaranteed that the sum of the values $n$ over all test cases of the input does not exceed $10^5$.

For each test case, print a single integer $k$ ($1 \le k \le n + 1$) — the maximum possible number of grannies in the courtyard.

In the first test case in the example, on the first step Maria can call all the grannies. Then each of them will see five grannies when they come out. Therefore, Maria and five other grannies will be in the yard.

In the second test case in the example, no one can be in the yard, so Maria will remain there alone.

The third test case in the example is described in the details above.

In the fourth test case in the example, on the first step Maria can call ",,,"['greedy', 'sortings']",800-1199
499A,,1000,"greedy,implementation","You have decided to watch the best moments of some movie. There are two buttons on your player: 

Initially the movie is turned on in the player on the first minute, and you want to watch exactly n best moments of the movie, the i-th best moment starts at the li-th minute and ends at the ri-th minute (more formally, the i-th best moment consists of minutes: li, li + 1, ..., ri). 

Determine, what is the minimum number of minutes of the movie you have to watch if you want to watch all the best moments?

The first line contains two space-separated integers n, x (1 ≤ n ≤ 50, 1 ≤ x ≤ 105) — the number of the best moments of the movie and the value of x for the second button.

The following n lines contain the descriptions of the best moments of the movie, the i-th line of the description contains two integers separated by a space li, ri (1 ≤ li ≤ ri ≤ 105).

It is guaranteed that for all integers i from 2 to n the following condition holds: ri - 1 < li.

Output a single number — the answer to the problem.

In the first sample, the player was initially standing on the first minute. As the minutes from the 1-st to the 4-th one don't contain interesting moments, we press the second button. Now we can not press the second button and skip 3 more minutes, because some of them contain interesting moments. Therefore, we watch the movie from the 4-th to the 6-th minute, after that the current time is 7. Similarly, we again skip 3 minutes and then watch from the 10-th to the 12-th minute of the movie. In total, we watch 6 minutes of the movie.

In the second sample, the movie is very interesting, so you'll have to watch all 100000 minutes of the movie.",,,"['greedy', 'implementation']",800-1199
782C,,1600,"dfsandsimilar,graphs,greedy,trees","Andryusha goes through a park each day. The squares and paths between them look boring to Andryusha, so he decided to decorate them.

The park consists of n squares connected with (n - 1) bidirectional paths in such a way that any square is reachable from any other using these paths. Andryusha decided to hang a colored balloon at each of the squares. The baloons' colors are described by positive integers, starting from 1. In order to make the park varicolored, Andryusha wants to choose the colors in a special way. More precisely, he wants to use such colors that if a, b and c are distinct squares that a and b have a direct path between them, and b and c have a direct path between them, then balloon colors on these three squares are distinct.

Andryusha wants to use as little different colors as possible. Help him to choose the colors!

The first line contains single integer n (3 ≤ n ≤ 2·105) — the number of squares in the park.

Each of the next (n - 1) lines contains two integers x and y (1 ≤ x, y ≤ n) — the indices of two squares directly connected by a path.

It is guaranteed that any square is reachable from any other using the paths.

In the first line print single integer k — the minimum number of colors Andryusha has to use.

In the second line print n integers, the i-th of them should be equal to the balloon color on the i-th square. Each of these numbers should be within range from 1 to k.

In the first sample the park consists of three squares: 1 → 3 → 2. Thus, the balloon colors have to be distinct.

In the second example there are following triples of consequently connected squares: 

In the third example there are following triples:",,,"['dfsandsimilar', 'graphs', 'greedy', 'trees']",1600-1999
556C,,1500,implementation,"Andrewid the Android is a galaxy-famous detective. He is now investigating the case of vandalism at the exhibition of contemporary art.

The main exhibit is a construction of n matryoshka dolls that can be nested one into another. The matryoshka dolls are numbered from 1 to n. A matryoshka with a smaller number can be nested in a matryoshka with a higher number, two matryoshkas can not be directly nested in the same doll, but there may be chain nestings, for example, 1 → 2 → 4 → 5. 

In one second, you can perform one of the two following operations:

According to the modern aesthetic norms the matryoshka dolls on display were assembled in a specific configuration, i.e. as several separate chains of nested matryoshkas, but the criminal, following the mysterious plan, took out all the dolls and assembled them into a single large chain (1 → 2 → ... → n). In order to continue the investigation Andrewid needs to know in what minimum time it is possible to perform this action.

The first line contains integers n (1 ≤ n ≤ 105) and k (1 ≤ k ≤ 105) — the number of matryoshkas and matryoshka chains in the initial configuration.

The next k lines contain the descriptions of the chains: the i-th line first contains number mi (1 ≤ mi ≤ n), and then mi numbers ai1, ai2, ..., aimi — the numbers of matryoshkas in the chain (matryoshka ai1 is nested into matryoshka ai2, that is nested into matryoshka ai3, and so on till the matryoshka aimi that isn't nested into any other matryoshka).

It is guaranteed that m1 + m2 + ... + mk = n, the numbers of matryoshkas in all the chains are distinct, in each chain the numbers of matryoshkas follow in the ascending order.

In the single line print the minimum number of seconds needed to assemble one large chain from the initial configuration.

In the first sample test there are two chains: 1 → 2 and 3. In one second you can nest the first chain into the second one and get 1 → 2 → 3.

In the second sample test you need to disassemble all the thr",,,['implementation'],1200-1599
697C,,1500,"bruteforce,datastructures,implementation,trees","Barney lives in NYC. NYC has infinite number of intersections numbered with positive integers starting from 1. There exists a bidirectional road between intersections i and 2i and another road between i and 2i + 1 for every positive integer i. You can clearly see that there exists a unique shortest path between any two intersections.

Initially anyone can pass any road for free. But since SlapsGiving is ahead of us, there will q consecutive events happen soon. There are two types of events:

1. Government makes a new rule. A rule can be denoted by integers v, u and w. As the result of this action, the passing fee of all roads on the shortest path from u to v increases by w dollars. 

2. Barney starts moving from some intersection v and goes to intersection u where there's a girl he wants to cuddle (using his fake name Lorenzo Von Matterhorn). He always uses the shortest path (visiting minimum number of intersections or roads) between two intersections.

Government needs your calculations. For each time Barney goes to cuddle a girl, you need to tell the government how much money he should pay (sum of passing fee of all roads he passes).

The first line of input contains a single integer q (1 ≤ q ≤ 1 000).

The next q lines contain the information about the events in chronological order. Each event is described in form 1 v u w if it's an event when government makes a new rule about increasing the passing fee of all roads on the shortest path from u to v by w dollars, or in form 2 v u if it's an event when Barnie goes to cuddle from the intersection v to the intersection u.

1 ≤ v, u ≤ 1018, v ≠ u, 1 ≤ w ≤ 109 states for every description line.

For each event of second type print the sum of passing fee of all roads Barney passes in this event, in one line. Print the answers in chronological order of corresponding events.

In the example testcase:

Here are the intersections used:",,,"['bruteforce', 'datastructures', 'implementation', 'trees']",1200-1599
586A,,900,implementation,"Alena has successfully passed the entrance exams to the university and is now looking forward to start studying.

One two-hour lesson at the Russian university is traditionally called a pair, it lasts for two academic hours (an academic hour is equal to 45 minutes).

The University works in such a way that every day it holds exactly n lessons. Depending on the schedule of a particular group of students, on a given day, some pairs may actually contain classes, but some may be empty (such pairs are called breaks).

The official website of the university has already published the schedule for tomorrow for Alena's group. Thus, for each of the n pairs she knows if there will be a class at that time or not.

Alena's House is far from the university, so if there are breaks, she doesn't always go home. Alena has time to go home only if the break consists of at least two free pairs in a row, otherwise she waits for the next pair at the university.

Of course, Alena does not want to be sleepy during pairs, so she will sleep as long as possible, and will only come to the first pair that is presented in her schedule. Similarly, if there are no more pairs, then Alena immediately goes home.

Alena appreciates the time spent at home, so she always goes home when it is possible, and returns to the university only at the beginning of the next pair. Help Alena determine for how many pairs she will stay at the university. Note that during some pairs Alena may be at the university waiting for the upcoming pair.

The first line of the input contains a positive integer n (1 ≤ n ≤ 100) — the number of lessons at the university. 

The second line contains n numbers ai (0 ≤ ai ≤ 1). Number ai equals 0, if Alena doesn't have the i-th pairs, otherwise it is equal to 1. Numbers a1, a2, ..., an are separated by spaces.

Print a single number — the number of pairs during which Alena stays at the university.

In the first sample Alena stays at the university from the second to the fifth pair, inc",,,['implementation'],800-1199
807C,,1700,"binarysearch,math","You are an experienced Codeforces user. Today you found out that during your activity on Codeforces you have made y submissions, out of which x have been successful. Thus, your current success rate on Codeforces is equal to x / y.

Your favorite rational number in the [0;1] range is p / q. Now you wonder: what is the smallest number of submissions you have to make if you want your success rate to be p / q?

The first line contains a single integer t (1 ≤ t ≤ 1000) — the number of test cases.

Each of the next t lines contains four integers x, y, p and q (0 ≤ x ≤ y ≤ 109; 0 ≤ p ≤ q ≤ 109; y > 0; q > 0).

It is guaranteed that p / q is an irreducible fraction.

Hacks. For hacks, an additional constraint of t ≤ 5 must be met.

For each test case, output a single integer equal to the smallest number of submissions you have to make if you want your success rate to be equal to your favorite rational number, or -1 if this is impossible to achieve.

In the first example, you have to make 4 successful submissions. Your success rate will be equal to 7 / 14, or 1 / 2.

In the second example, you have to make 2 successful and 8 unsuccessful submissions. Your success rate will be equal to 9 / 24, or 3 / 8.

In the third example, there is no need to make any new submissions. Your success rate is already equal to 20 / 70, or 2 / 7.

In the fourth example, the only unsuccessful submission breaks your hopes of having the success rate equal to 1.",,,"['binarysearch', 'math']",1600-1999
659G,,2300,"combinatorics,dp,numbertheory","Long ago, Vasily built a good fence at his country house. Vasily calls a fence good, if it is a series of n consecutively fastened vertical boards of centimeter width, the height of each in centimeters is a positive integer. The house owner remembers that the height of the i-th board to the left is hi.

Today Vasily decided to change the design of the fence he had built, by cutting his top connected part so that the fence remained good. The cut part should consist of only the upper parts of the boards, while the adjacent parts must be interconnected (share a non-zero length before cutting out of the fence).

You, as Vasily's curious neighbor, will count the number of possible ways to cut exactly one part as is described above. Two ways to cut a part are called distinct, if for the remaining fences there is such i, that the height of the i-th boards vary.

As Vasily's fence can be very high and long, get the remainder after dividing the required number of ways by 1 000 000 007 (109 + 7).

The first line contains integer n (1 ≤ n ≤ 1 000 000) — the number of boards in Vasily's fence.

The second line contains n space-separated numbers h1, h2, ..., hn (1 ≤ hi ≤ 109), where hi equals the height of the i-th board to the left.

Print the remainder after dividing r by 1 000 000 007, where r is the number of ways to cut exactly one connected part so that the part consisted of the upper parts of the boards and the remaining fence was good.

From the fence from the first example it is impossible to cut exactly one piece so as the remaining fence was good.

All the possible variants of the resulting fence from the second sample look as follows (the grey shows the cut out part):",,,"['combinatorics', 'dp', 'numbertheory']",2000-2399
313C,,1400,"constructivealgorithms,greedy,implementation,sortings","Ilya is a very good-natured lion. He likes maths. Of all mathematical objects, his favourite one is matrices. Now he's faced a complicated matrix problem he needs to solve.

He's got a square 2n × 2n-sized matrix and 4n integers. You need to arrange all these numbers in the matrix (put each number in a single individual cell) so that the beauty of the resulting matrix with numbers is maximum.

The beauty of a 2n × 2n-sized matrix is an integer, obtained by the following algorithm:

As you can see, the algorithm is recursive.

Help Ilya, solve the problem and print the resulting maximum beauty of the matrix.

The first line contains integer 4n (1 ≤ 4n ≤ 2·106). The next line contains 4n integers ai (1 ≤ ai ≤ 109) — the numbers you need to arrange in the 2n × 2n-sized matrix.

On a single line print the maximum value of the beauty of the described matrix.

Please, do not use the %lld specifier to read or write 64-bit integers in С++. It is preferred to use the cin, cout streams or the %I64d specifier.

Consider the second sample. You need to arrange the numbers in the matrix as follows:

Then the beauty of the matrix will equal: 4 + 1 + 2 + 3 + 4 = 14.",,,"['constructivealgorithms', 'greedy', 'implementation', 'sortings']",1200-1599
353B,,1900,"combinatorics,constructivealgorithms,greedy,implementation,math,sortings","Valera has 2·n cubes, each cube contains an integer from 10 to 99. He arbitrarily chooses n cubes and puts them in the first heap. The remaining cubes form the second heap. 

Valera decided to play with cubes. During the game he takes a cube from the first heap and writes down the number it has. Then he takes a cube from the second heap and write out its two digits near two digits he had written (to the right of them). In the end he obtained a single fourdigit integer — the first two digits of it is written on the cube from the first heap, and the second two digits of it is written on the second cube from the second heap.

Valera knows arithmetic very well. So, he can easily count the number of distinct fourdigit numbers he can get in the game. The other question is: how to split cubes into two heaps so that this number (the number of distinct fourdigit integers Valera can get) will be as large as possible?

The first line contains integer n (1 ≤ n ≤ 100). The second line contains 2·n space-separated integers ai (10 ≤ ai ≤ 99), denoting the numbers on the cubes.

In the first line print a single number — the maximum possible number of distinct four-digit numbers Valera can obtain. In the second line print 2·n numbers bi (1 ≤ bi ≤ 2). The numbers mean: the i-th cube belongs to the bi-th heap in your division.

If there are multiple optimal ways to split the cubes into the heaps, print any of them.

In the first test case Valera can put the first cube in the first heap, and second cube — in second heap. In this case he obtain number 1099. If he put the second cube in the first heap, and the first cube in the second heap, then he can obtain number 9910. In both cases the maximum number of distinct integers is equal to one.

In the second test case Valera can obtain numbers 1313, 1345, 2413, 2445. Note, that if he put the first and the third cubes in the first heap, he can obtain only two numbers 1324 and 1345.",,,"['combinatorics', 'constructivealgorithms', 'greedy', 'implementation', 'math', 'sortings']",1600-1999
345C,,2000,,"Judging from the previous problem, Friday the 13th really doesn't treat you well, so you start thinking about how to minimize its impact on your life. You are a passionate participant of programming contests, so various competitions are an important part of your schedule. Naturally, you'd like as few of them to be spoiled as possible.

A friendly admin leaked to you the list of dates on which the contests will be held for several years ahead. Check how many of them happen to take place on Friday the 13th of any month.

The first line of the input contains an integer n (1 ≤ n ≤ 10) — the number of the contests you have been told about. The following n lines contain dates of these contests, one per line, formatted as ""YYYY-MM-DD"" (1974  ≤  YYYY  ≤  2030; 01  ≤  MM  ≤  12; 01  ≤  DD  ≤  31). It's guarateed that all the given dates are correct. Two distinct contests may be at the same day.

Output a single integer — the number of dates which happen to be Friday the 13th.",,,[],2000-2399
1494B,,1400,"bitmasks,bruteforce,greedy,implementation","Berland crossword is a puzzle that is solved on a square grid with $$n$ rows and $n$ columns. Initially all the cells are white.

To solve the puzzle one has to color some cells on the border of the grid black in such a way that: 

Note that you can color zero cells black and leave every cell white.

Your task is to check if there exists a solution to the given puzzle.

The first line contains a single integer $t$ ($1 \le t \le 1000$) — the number of testcases.

Then the descriptions of $t$ testcases follow.

The only line of each testcase contains $5$ integers $n, U, R, D, L$ ($2 \le n \le 100$; $0 \le U, R, D, L \le n$).

For each testcase print ""YES"" if the solution exists and ""NO"" otherwise.

You may print every letter in any case you want (so, for example, the strings yEs, yes, Yes and YES are all recognized as positive answer).

Here are possible solutions to testcases $1$, $2$ and $4$$:",,,"['bitmasks', 'bruteforce', 'greedy', 'implementation']",1200-1599
697D,,1700,,"Barney lives in country USC (United States of Charzeh). USC has n cities numbered from 1 through n and n - 1 roads between them. Cities and roads of USC form a rooted tree (Barney's not sure why it is rooted). Root of the tree is the city number 1. Thus if one will start his journey from city 1, he can visit any city he wants by following roads.

Some girl has stolen Barney's heart, and Barney wants to find her. He starts looking for in the root of the tree and (since he is Barney Stinson not a random guy), he uses a random DFS to search in the cities. A pseudo code of this algorithm is as follows:

As told before, Barney will start his journey in the root of the tree (equivalent to call dfs(1)).

Now Barney needs to pack a backpack and so he wants to know more about his upcoming journey: for every city i, Barney wants to know the expected value of starting_time[i]. He's a friend of Jon Snow and knows nothing, that's why he asked for your help.

The first line of input contains a single integer n (1 ≤ n ≤ 105) — the number of cities in USC.

The second line contains n - 1 integers p2, p3, ..., pn (1 ≤ pi < i), where pi is the number of the parent city of city number i in the tree, meaning there is a road between cities numbered pi and i in USC.

In the first and only line of output print n numbers, where i-th number is the expected value of starting_time[i].

Your answer for each city will be considered correct if its absolute or relative error does not exceed 10 - 6.",,,[],1600-1999
486C,,1700,"bruteforce,greedy,implementation","Nam is playing with a string on his computer. The string consists of n lowercase English letters. It is meaningless, so Nam decided to make the string more beautiful, that is to make it be a palindrome by using 4 arrow keys: left, right, up, down.

There is a cursor pointing at some symbol of the string. Suppose that cursor is at position i (1 ≤ i ≤ n, the string uses 1-based indexing) now. Left and right arrow keys are used to move cursor around the string. The string is cyclic, that means that when Nam presses left arrow key, the cursor will move to position i - 1 if i > 1 or to the end of the string (i. e. position n) otherwise. The same holds when he presses the right arrow key (if i = n, the cursor appears at the beginning of the string).

When Nam presses up arrow key, the letter which the text cursor is pointing to will change to the next letter in English alphabet (assuming that alphabet is also cyclic, i. e. after 'z' follows 'a'). The same holds when he presses the down arrow key.

Initially, the text cursor is at position p. 

Because Nam has a lot homework to do, he wants to complete this as fast as possible. Can you help him by calculating the minimum number of arrow keys presses to make the string to be a palindrome?

The first line contains two space-separated integers n (1 ≤ n ≤ 105) and p (1 ≤ p ≤ n), the length of Nam's string and the initial position of the text cursor.

The next line contains n lowercase characters of Nam's string.

Print the minimum number of presses needed to change string into a palindrome.

A string is a palindrome if it reads the same forward or reversed.

In the sample test, initial Nam's string is: (cursor position is shown bold).

In optimal solution, Nam may do 6 following steps:

The result, , is now a palindrome.",,,"['bruteforce', 'greedy', 'implementation']",1600-1999
27E,,2000,"bruteforce,dp,numbertheory","Given the number n, find the smallest positive integer which has exactly n divisors. It is guaranteed that for the given n the answer will not exceed 1018.

The first line of the input contains integer n (1 ≤ n ≤ 1000).

Output the smallest positive integer with exactly n divisors.",,,"['bruteforce', 'dp', 'numbertheory']",2000-2399
207D1,,1800,,"The Smart Beaver from ABBYY came up with another splendid problem for the ABBYY Cup participants! This time the Beaver invites the contest participants to check out a problem on sorting documents by their subjects. Let's describe the problem:

You've got some training set of documents. For each document you know its subject. The subject in this problem is an integer from 1 to 3. Each of these numbers has a physical meaning. For instance, all documents with subject 3 are about trade.

You can download the training set of documents at the following link: http://download4.abbyy.com/a2/X2RZ2ZWXBG5VYWAL61H76ZQM/train.zip. The archive contains three directories with names ""1"", ""2"", ""3"". Directory named ""1"" contains documents on the 1-st subject, directory ""2"" contains documents on the 2-nd subject, and directory ""3"" contains documents on the 3-rd subject. Each document corresponds to exactly one file from some directory.

All documents have the following format: the first line contains the document identifier, the second line contains the name of the document, all subsequent lines contain the text of the document. The document identifier is used to make installing the problem more convenient and has no useful information for the participants.

You need to write a program that should indicate the subject for a given document. It is guaranteed that all documents given as input to your program correspond to one of the three subjects of the training set.

The first line contains integer id (0 ≤ id ≤ 106) — the document identifier. The second line contains the name of the document. The third and the subsequent lines contain the text of the document. It is guaranteed that the size of any given document will not exceed 10 kilobytes.

The tests for this problem are divided into 10 groups. Documents of groups 1 and 2 are taken from the training set, but their identifiers will not match the identifiers specified in the training set. Groups from the 3-rd to the 10-th are roughly sor",,,[],1600-1999
1417C,,1500,datastructures,"You are given an array $$a$ consisting of $n$ integers numbered from $1$ to $n$.

Let's define the $k$-amazing number of the array as the minimum number that occurs in all of the subsegments of the array having length $k$ (recall that a subsegment of $a$ of length $k$ is a contiguous part of $a$ containing exactly $k$ elements). If there is no integer occuring in all subsegments of length $k$ for some value of $k$, then the $k$-amazing number is $-1$.

For each $k$ from $1$ to $n$ calculate the $k$-amazing number of the array $a$.

The first line contains one integer $t$ ($1 \le t \le 1000$) — the number of test cases. Then $t$ test cases follow.

The first line of each test case contains one integer $n$ ($1 \le n \le 3 \cdot 10^5$) — the number of elements in the array. The second line contains $n$ integers $a_1, a_2, \dots, a_n$ ($1 \le a_i \le n$) — the elements of the array. 

It is guaranteed that the sum of $n$ over all test cases does not exceed $3 \cdot 10^5$.

For each test case print $n$ integers, where the $i$-th integer is equal to the $i$$-amazing number of the array.",,,['datastructures'],1200-1599
1077D,,1600,"binarysearch,sortings","You are given an array $$s$ consisting of $n$ integers.

You have to find any array $t$ of length $k$ such that you can cut out maximum number of copies of array $t$ from array $s$.

Cutting out the copy of $t$ means that for each element $t_i$ of array $t$ you have to find $t_i$ in $s$ and remove it from $s$. If for some $t_i$ you cannot find such element in $s$, then you cannot cut out one more copy of $t$. The both arrays can contain duplicate elements.

For example, if $s = [1, 2, 3, 2, 4, 3, 1]$ and $k = 3$ then one of the possible answers is $t = [1, 2, 3]$. This array $t$ can be cut out $2$ times. 

Your task is to find such array $t$ that you can cut out the copy of $t$ from $s$ maximum number of times. If there are multiple answers, you may choose any of them.

The first line of the input contains two integers $n$ and $k$ ($1 \le k \le n \le 2 \cdot 10^5$) — the number of elements in $s$ and the desired number of elements in $t$, respectively.

The second line of the input contains exactly $n$ integers $s_1, s_2, \dots, s_n$ ($1 \le s_i \le 2 \cdot 10^5$).

Print $k$ integers — the elements of array $t$ such that you can cut out maximum possible number of copies of this array from $s$. If there are multiple answers, print any of them. The required array $t$ can contain duplicate elements. All the elements of $t$ ($t_1, t_2, \dots, t_k$) should satisfy the following condition: $1 \le t_i \le 2 \cdot 10^5$.

The first example is described in the problem statement.

In the second example the only answer is $[7, 3, 1, 3]$ and any its permutations. It can be shown that you cannot choose any other array such that the maximum number of copies you can cut out would be equal to $2$.

In the third example the array $t$ can be cut out $5$$ times.",,,"['binarysearch', 'sortings']",1600-1999
1452B,,1400,"binarysearch,greedy,math,sortings","You are asked to watch your nephew who likes to play with toy blocks in a strange way.

He has $$n$ boxes and the $i$-th box has $a_i$ blocks. His game consists of two steps: 

You don't want to make your nephew sad, so you decided to put several extra blocks into some boxes in such a way that no matter which box $i$ he chooses he won't be sad. What is the minimum number of extra blocks you need to put?

The first line contains a single integer $t$ ($1 \le t \le 1000$) — the number of test cases.

The first line of each test case contains the integer $n$ ($2 \le n \le 10^5$) — the number of boxes.

The second line of each test case contains $n$ integers $a_1, a_2, \dots, a_n$ ($0 \le a_i \le 10^9$) — the number of blocks in each box.

It's guaranteed that the sum of $n$ over test cases doesn't exceed $10^5$.

For each test case, print a single integer — the minimum number of blocks you need to put. It can be proved that the answer always exists, i. e. the number of blocks is finite.

In the first test case, you can, for example, put one extra block into the first box and make $a = [4, 2, 2]$. If your nephew chooses the box with $4$ blocks, then we will move two blocks to the second box and two blocks to the third box. If he chooses the box with $2$ blocks then he will move these two blocks to the other box with $2$ blocks.

In the second test case, you don't need to put any extra blocks, since no matter which box your nephew chooses, he can always make other boxes equal.

In the third test case, you should put $3$ extra blocks. For example, you can put $2$ blocks in the first box and $1$ block in the third box. You'll get array $a = [2, 3, 1]$$.",,,"['binarysearch', 'greedy', 'math', 'sortings']",1200-1599
1385D,,1500,"bitmasks,bruteforce,divideandconquer,dp,implementation","You are given a string $$s[1 \dots n]$ consisting of lowercase Latin letters. It is guaranteed that $n = 2^k$ for some integer $k \ge 0$.

The string $s[1 \dots n]$ is called $c$-good if at least one of the following three conditions is satisfied:

For example: ""aabc"" is 'a'-good, ""ffgheeee"" is 'e'-good.

In one move, you can choose one index $i$ from $1$ to $n$ and replace $s_i$ with any lowercase Latin letter (any character from 'a' to 'z').

Your task is to find the minimum number of moves required to obtain an 'a'-good string from $s$ (i.e. $c$-good string for $c=$ 'a'). It is guaranteed that the answer always exists.

You have to answer $t$ independent test cases.

Another example of an 'a'-good string is as follows. Consider the string $s = $""cdbbaaaa"". It is an 'a'-good string, because:

The first line of the input contains one integer $t$ ($1 \le t \le 2 \cdot 10^4$) — the number of test cases. Then $t$ test cases follow.

The first line of the test case contains one integer $n$ ($1 \le n \le 131~072$) — the length of $s$. It is guaranteed that $n = 2^k$ for some integer $k \ge 0$. The second line of the test case contains the string $s$ consisting of $n$ lowercase Latin letters.

It is guaranteed that the sum of $n$ does not exceed $2 \cdot 10^5$ ($\sum n \le 2 \cdot 10^5$).

For each test case, print the answer — the minimum number of moves required to obtain an 'a'-good string from $s$ (i.e. $c$-good string with $c =$$ 'a'). It is guaranteed that the answer exists.",,,"['bitmasks', 'bruteforce', 'divideandconquer', 'dp', 'implementation']",1200-1599
378B,,1300,"implementation,sortings","Two semifinals have just been in the running tournament. Each semifinal had n participants. There are n participants advancing to the finals, they are chosen as follows: from each semifinal, we choose k people (0 ≤ 2k ≤ n) who showed the best result in their semifinals and all other places in the finals go to the people who haven't ranked in the top k in their semifinal but got to the n - 2k of the best among the others.

The tournament organizers hasn't yet determined the k value, so the participants want to know who else has any chance to get to the finals and who can go home.

The first line contains a single integer n (1 ≤ n ≤ 105) — the number of participants in each semifinal.

Each of the next n lines contains two integers ai and bi (1 ≤ ai, bi ≤ 109) — the results of the i-th participant (the number of milliseconds he needs to cover the semifinals distance) of the first and second semifinals, correspondingly. All results are distinct. Sequences a1, a2, ..., an and b1, b2, ..., bn are sorted in ascending order, i.e. in the order the participants finished in the corresponding semifinal.

Print two strings consisting of n characters, each equals either ""0"" or ""1"". The first line should correspond to the participants of the first semifinal, the second line should correspond to the participants of the second semifinal. The i-th character in the j-th line should equal ""1"" if the i-th participant of the j-th semifinal has any chances to advance to the finals, otherwise it should equal a ""0"".

Consider the first sample. Each semifinal has 4 participants. The results of the first semifinal are 9840, 9860, 9930, 10040. The results of the second semifinal are 9920, 9980, 10020, 10090.",,,"['implementation', 'sortings']",1200-1599
615B,,1600,"dp,graphs","This Christmas Santa gave Masha a magic picture and a pencil. The picture consists of n points connected by m segments (they might cross in any way, that doesn't matter). No two segments connect the same pair of points, and no segment connects the point to itself. Masha wants to color some segments in order paint a hedgehog. In Mashas mind every hedgehog consists of a tail and some spines. She wants to paint the tail that satisfies the following conditions: 

Masha defines the length of the tail as the number of points in it. Also, she wants to paint some spines. To do so, Masha will paint all the segments, such that one of their ends is the endpoint of the tail. Masha defines the beauty of a hedgehog as the length of the tail multiplied by the number of spines. Masha wants to color the most beautiful hedgehog. Help her calculate what result she may hope to get.

Note that according to Masha's definition of a hedgehog, one segment may simultaneously serve as a spine and a part of the tail (she is a little girl after all). Take a look at the picture for further clarifications.

First line of the input contains two integers n and m(2 ≤ n ≤ 100 000, 1 ≤ m ≤ 200 000) — the number of points and the number segments on the picture respectively. 

Then follow m lines, each containing two integers ui and vi (1 ≤ ui, vi ≤ n, ui ≠ vi) — the numbers of points connected by corresponding segment. It's guaranteed that no two segments connect the same pair of points.

Print the maximum possible value of the hedgehog's beauty.

The picture below corresponds to the first sample. Segments that form the hedgehog are painted red. The tail consists of a sequence of points with numbers 1, 2 and 5. The following segments are spines: (2, 5), (3, 5) and (4, 5). Therefore, the beauty of the hedgehog is equal to 3·3 = 9.",,,"['dp', 'graphs']",1600-1999
1197B,,1000,"greedy,implementation","There are $$n$ pillars aligned in a row and numbered from $1$ to $n$.

Initially each pillar contains exactly one disk. The $i$-th pillar contains a disk having radius $a_i$.

You can move these disks from one pillar to another. You can take a disk from pillar $i$ and place it on top of pillar $j$ if all these conditions are met:

When you place a disk on a pillar that already has some disks on it, you put the new disk on top of previously placed disks, so the new disk will be used to check the third condition if you try to place another disk on the same pillar.

You may take any disk and place it on other pillar any number of times, provided that every time you do it, all three aforementioned conditions are met. Now you wonder, is it possible to place all $n$ disks on the same pillar simultaneously?

The first line contains one integer $n$ ($3 \le n \le 2 \cdot 10^5$) — the number of pillars.

The second line contains $n$ integers $a_1$, $a_2$, ..., $a_i$ ($1 \le a_i \le n$), where $a_i$ is the radius of the disk initially placed on the $i$-th pillar. All numbers $a_i$ are distinct.

Print YES if it is possible to place all the disks on the same pillar simultaneously, and NO otherwise. You may print each letter in any case (YES, yes, Yes will all be recognized as positive answer, NO, no and nO will all be recognized as negative answer).

In the first case it is possible to place all disks on pillar $3$$ using the following sequence of actions:",,,"['greedy', 'implementation']",800-1199
533C,,1700,"games,greedy,implementation,math","Polycarp and Vasiliy love simple logical games. Today they play a game with infinite chessboard and one pawn for each player. Polycarp and Vasiliy move in turns, Polycarp starts. In each turn Polycarp can move his pawn from cell (x, y) to (x - 1, y) or (x, y - 1). Vasiliy can move his pawn from (x, y) to one of cells: (x - 1, y), (x - 1, y - 1) and (x, y - 1). Both players are also allowed to skip move. 

There are some additional restrictions — a player is forbidden to move his pawn to a cell with negative x-coordinate or y-coordinate or to the cell containing opponent's pawn The winner is the first person to reach cell (0, 0). 

You are given the starting coordinates of both pawns. Determine who will win if both of them play optimally well.

The first line contains four integers: xp, yp, xv, yv (0 ≤ xp, yp, xv, yv ≤ 105) — Polycarp's and Vasiliy's starting coordinates.

It is guaranteed that in the beginning the pawns are in different cells and none of them is in the cell (0, 0).

Output the name of the winner: ""Polycarp"" or ""Vasiliy"".

In the first sample test Polycarp starts in (2, 1) and will move to (1, 1) in the first turn. No matter what his opponent is doing, in the second turn Polycarp can move to (1, 0) and finally to (0, 0) in the third turn.",,,"['games', 'greedy', 'implementation', 'math']",1600-1999
1455A,,800,"math,numbertheory","Let's define a function $$f(x)$ ($x$ is a positive integer) as follows: write all digits of the decimal representation of $x$ backwards, then get rid of the leading zeroes. For example, $f(321) = 123$, $f(120) = 21$, $f(1000000) = 1$, $f(111) = 111$.

Let's define another function $g(x) = \dfrac{x}{f(f(x))}$ ($x$ is a positive integer as well).

Your task is the following: for the given positive integer $n$, calculate the number of different values of $g(x)$ among all numbers $x$ such that $1 \le x \le n$.

The first line contains one integer $t$ ($1 \le t \le 100$) — the number of test cases.

Each test case consists of one line containing one integer $n$ ($1 \le n < 10^{100}$). This integer is given without leading zeroes.

For each test case, print one integer — the number of different values of the function $g(x)$, if $x$ can be any integer from $[1, n]$$.

Explanations for the two first test cases of the example:",,,"['math', 'numbertheory']",800-1199
1173E1,,2300,"dp,probabilities","The only difference between easy and hard versions is constraints.

Nauuo is a girl who loves random picture websites.

One day she made a random picture website by herself which includes $$n$ pictures.

When Nauuo visits the website, she sees exactly one picture. The website does not display each picture with equal probability. The $i$-th picture has a non-negative weight $w_i$, and the probability of the $i$-th picture being displayed is $\frac{w_i}{\sum_{j=1}^nw_j}$. That is to say, the probability of a picture to be displayed is proportional to its weight.

However, Nauuo discovered that some pictures she does not like were displayed too often. 

To solve this problem, she came up with a great idea: when she saw a picture she likes, she would add $1$ to its weight; otherwise, she would subtract $1$ from its weight.

Nauuo will visit the website $m$ times. She wants to know the expected weight of each picture after all the $m$ visits modulo $998244353$. Can you help her?

The expected weight of the $i$-th picture can be denoted by $\frac {q_i} {p_i}$ where $\gcd(p_i,q_i)=1$, you need to print an integer $r_i$ satisfying $0\le r_i<998244353$ and $r_i\cdot p_i\equiv q_i\pmod{998244353}$. It can be proved that such $r_i$ exists and is unique.

The first line contains two integers $n$ and $m$ ($1\le n\le 50$, $1\le m\le 50$) — the number of pictures and the number of visits to the website.

The second line contains $n$ integers $a_1,a_2,\ldots,a_n$ ($a_i$ is either $0$ or $1$) — if $a_i=0$ , Nauuo does not like the $i$-th picture; otherwise Nauuo likes the $i$-th picture. It is guaranteed that there is at least one picture which Nauuo likes.

The third line contains $n$ integers $w_1,w_2,\ldots,w_n$ ($1\le w_i\le50$) — the initial weights of the pictures.

The output contains $n$ integers $r_1,r_2,\ldots,r_n$ — the expected weights modulo $998244353$.

In the first example, if the only visit shows the first picture with a probability of $\frac 2 3$, the final weights",,,"['dp', 'probabilities']",2000-2399
937C,,1700,math,"Julia is going to cook a chicken in the kitchen of her dormitory. To save energy, the stove in the kitchen automatically turns off after k minutes after turning on.

During cooking, Julia goes to the kitchen every d minutes and turns on the stove if it is turned off. While the cooker is turned off, it stays warm. The stove switches on and off instantly.

It is known that the chicken needs t minutes to be cooked on the stove, if it is turned on, and 2t minutes, if it is turned off. You need to find out, how much time will Julia have to cook the chicken, if it is considered that the chicken is cooked evenly, with constant speed when the stove is turned on and at a constant speed when it is turned off.

The single line contains three integers k, d and t (1 ≤ k, d, t ≤ 1018).

Print a single number, the total time of cooking in minutes. The relative or absolute error must not exceed 10 - 9.

Namely, let's assume that your answer is x and the answer of the jury is y. The checker program will consider your answer correct if .

In the first example, the chicken will be cooked for 3 minutes on the turned on stove, after this it will be cooked for . Then the chicken will be cooked for one minute on a turned off stove, it will be cooked for . Thus, after four minutes the chicken will be cooked for . Before the fifth minute Julia will turn on the stove and after 2.5 minutes the chicken will be ready .

In the second example, when the stove is turned off, Julia will immediately turn it on, so the stove will always be turned on and the chicken will be cooked in 20 minutes.",,,['math'],1600-1999
172B,,1200,"implementation,numbertheory","Polycarpus has recently got interested in sequences of pseudorandom numbers. He learned that many programming languages generate such sequences in a similar way: (for i ≥ 1). Here a, b, m are constants, fixed for the given realization of the pseudorandom numbers generator, r0 is the so-called randseed (this value can be set from the program using functions like RandSeed(r) or srand(n)), and denotes the operation of taking the remainder of division.

For example, if a = 2, b = 6, m = 12, r0 = 11, the generated sequence will be: 4, 2, 10, 2, 10, 2, 10, 2, 10, 2, 10, ....

Polycarpus realized that any such sequence will sooner or later form a cycle, but the cycle may occur not in the beginning, so there exist a preperiod and a period. The example above shows a preperiod equal to 1 and a period equal to 2.

Your task is to find the period of a sequence defined by the given values of a, b, m and r0. Formally, you have to find such minimum positive integer t, for which exists such positive integer k, that for any i ≥ k: ri = ri + t.

The single line of the input contains four integers a, b, m and r0 (1 ≤ m ≤ 105, 0 ≤ a, b ≤ 1000, 0 ≤ r0 < m), separated by single spaces.

Print a single integer — the period of the sequence.

The first sample is described above. 

In the second sample the sequence is (starting from the first element): 0, 3, 4, 1, 0, 3, 4, 1, 0, ...

In the third sample the sequence is (starting from the first element): 33, 24, 78, 78, 78, 78, ...",,,"['implementation', 'numbertheory']",1200-1599
1205C,,2400,"implementation,interactive","This is an interactive problem

You are given a grid $$n\times n$, where $n$ is odd. Rows are enumerated from $1$ to $n$ from up to down, columns are enumerated from $1$ to $n$ from left to right. Cell, standing on the intersection of row $x$ and column $y$, is denoted by $(x, y)$.

Every cell contains $0$ or $1$. It is known that the top-left cell contains $1$, and the bottom-right cell contains $0$.

We want to know numbers in all cells of the grid. To do so we can ask the following questions: 

""$?$ $x_1$ $y_1$ $x_2$ $y_2$"", where $1 \le x_1 \le x_2 \le n$, $1 \le y_1 \le y_2 \le n$, and $x_1 + y_1 + 2 \le x_2 + y_2$. In other words, we output two different cells $(x_1, y_1)$, $(x_2, y_2)$ of the grid such that we can get from the first to the second by moving only to the right and down, and they aren't adjacent.

As a response to such question you will be told if there exists a path between $(x_1, y_1)$ and $(x_2, y_2)$, going only to the right or down, numbers in cells of which form a palindrome.

For example, paths, shown in green, are palindromic, so answer for ""$?$ $1$ $1$ $2$ $3$"" and ""$?$ $1$ $2$ $3$ $3$"" would be that there exists such path. However, there is no palindromic path between $(1, 1)$ and $(3, 1)$.

Determine all cells of the grid by asking not more than $n^2$ questions. It can be shown that the answer always exists.

The first line contains odd integer ($3 \le n < 50$) — the side of the grid.

You begin the interaction by reading $n$.

To ask a question about cells $(x_1, y_1), (x_2, y_2)$, in a separate line output ""$?$ $x_1$ $y_1$ $x_2$ $y_2$"".

Numbers in the query have to satisfy $1 \le x_1 \le x_2 \le n$, $1 \le y_1 \le y_2 \le n$, and $x_1 + y_1 + 2 \le x_2 + y_2$. Don't forget to 'flush', to get the answer.

In response, you will receive $1$, if there exists a path going from $(x_1, y_1)$ to $(x_2, y_2)$ only to the right or down, numbers in cells of which form a palindrome, and $0$ otherwise.

In case your query is invalid or you asked",,,"['implementation', 'interactive']",2400-2799
1257B,,1000,math,"Recently Petya walked in the forest and found a magic stick.

Since Petya really likes numbers, the first thing he learned was spells for changing numbers. So far, he knows only two spells that can be applied to a positive integer: 

Note that if the number is even and greater than one, then Petya can choose which spell to apply.

Petya now has only one number $$x$. He wants to know if his favorite number $y$ can be obtained from $x$ using the spells he knows. The spells can be used any number of times in any order. It is not required to use spells, Petya can leave $x$ as it is.

The first line contains single integer $T$ ($1 \le T \le 10^4$) — the number of test cases. Each test case consists of two lines.

The first line of each test case contains two integers $x$ and $y$ ($1 \le x, y \le 10^9$) — the current number and the number that Petya wants to get.

For the $i$-th test case print the answer on it — YES if Petya can get the number $y$ from the number $x$$ using known spells, and NO otherwise.

You may print every letter in any case you want (so, for example, the strings yEs, yes, Yes and YES will all be recognized as positive answer).",,,['math'],800-1199
286E,,2800,"constructivealgorithms,fft,math","A ladies' shop has recently opened in the city of Ultima Thule. To get ready for the opening, the shop bought n bags. Each bag is characterised by the total weight ai of the items you can put there. The weird thing is, you cannot use these bags to put a set of items with the total weight strictly less than ai. However the weights of the items that will be sold in the shop haven't yet been defined. That's what you should determine right now.

Your task is to find the set of the items' weights p1, p2, ..., pk (1 ≤ p1 < p2 < ... < pk), such that:

Find and print the required set.

The first line contains space-separated integers n and m (1 ≤ n, m ≤ 106). The second line contains n distinct space-separated integers a1, a2, ..., an (1 ≤ a1 < a2 < ... < an ≤ m) — the bags' weight limits.

In the first line print ""NO"" (without the quotes) if there isn't set pi, that would meet the conditions.

Otherwise, in the first line print ""YES"" (without the quotes), in the second line print an integer k (showing how many numbers are in the suitable set with the minimum number of weights), in the third line print k space-separated integers p1, p2, ..., pk (1 ≤ p1 < p2 < ... < pk). If there are multiple solutions, print any of them.",,,"['constructivealgorithms', 'fft', 'math']",2800-9999
581A,,800,"implementation,math","One day Vasya the Hipster decided to count how many socks he had. It turned out that he had a red socks and b blue socks.

According to the latest fashion, hipsters should wear the socks of different colors: a red one on the left foot, a blue one on the right foot.

Every day Vasya puts on new socks in the morning and throws them away before going to bed as he doesn't want to wash them.

Vasya wonders, what is the maximum number of days when he can dress fashionable and wear different socks, and after that, for how many days he can then wear the same socks until he either runs out of socks or cannot make a single pair from the socks he's got.

Can you help him?

The single line of the input contains two positive integers a and b (1 ≤ a, b ≤ 100) — the number of red and blue socks that Vasya's got.

Print two space-separated integers — the maximum number of days when Vasya can wear different socks and the number of days when he can wear the same socks until he either runs out of socks or cannot make a single pair from the socks he's got.

Keep in mind that at the end of the day Vasya throws away the socks that he's been wearing on that day.

In the first sample Vasya can first put on one pair of different socks, after that he has two red socks left to wear on the second day.",,,"['implementation', 'math']",800-1199
187A,,1500,greedy,"Happy PMP is freshman and he is learning about algorithmic problems. He enjoys playing algorithmic games a lot.

One of the seniors gave Happy PMP a nice game. He is given two permutations of numbers 1 through n and is asked to convert the first one to the second. In one move he can remove the last number from the permutation of numbers and inserts it back in an arbitrary position. He can either insert last number between any two consecutive numbers, or he can place it at the beginning of the permutation.

Happy PMP has an algorithm that solves the problem. But it is not fast enough. He wants to know the minimum number of moves to convert the first permutation to the second. 

The first line contains a single integer n (1 ≤ n ≤ 2·105) — the quantity of the numbers in the both given permutations. 

Next line contains n space-separated integers — the first permutation. Each number between 1 to n will appear in the permutation exactly once. 

Next line describe the second permutation in the same format.

Print a single integer denoting the minimum number of moves required to convert the first permutation to the second.

In the first sample, he removes number 1 from end of the list and places it at the beginning. After that he takes number 2 and places it between 1 and 3.

In the second sample, he removes number 5 and inserts it after 1.

In the third sample, the sequence of changes are like this:",,,['greedy'],1200-1599
873A,,800,implementation,"Luba has to do n chores today. i-th chore takes ai units of time to complete. It is guaranteed that for every the condition ai ≥ ai - 1 is met, so the sequence is sorted.

Also Luba can work really hard on some chores. She can choose not more than k any chores and do each of them in x units of time instead of ai ().

Luba is very responsible, so she has to do all n chores, and now she wants to know the minimum time she needs to do everything. Luba cannot do two chores simultaneously.

The first line contains three integers n, k, x (1 ≤ k ≤ n ≤ 100, 1 ≤ x ≤ 99) — the number of chores Luba has to do, the number of chores she can do in x units of time, and the number x itself.

The second line contains n integer numbers ai (2 ≤ ai ≤ 100) — the time Luba has to spend to do i-th chore.

It is guaranteed that , and for each ai ≥ ai - 1.

Print one number — minimum time Luba needs to do all n chores.

In the first example the best option would be to do the third and the fourth chore, spending x = 2 time on each instead of a3 and a4, respectively. Then the answer is 3 + 6 + 2 + 2 = 13.

In the second example Luba can choose any two chores to spend x time on them instead of ai. So the answer is 100·3 + 2·1 = 302.",,,['implementation'],800-1199
114A,,1000,math,"When Petya went to school, he got interested in large numbers and what they were called in ancient times. For instance, he learned that the Russian word ""tma"" (which now means ""too much to be counted"") used to stand for a thousand and ""tma tmyschaya"" (which literally means ""the tma of tmas"") used to stand for a million.

Petya wanted to modernize the words we use for numbers and invented a word petricium that represents number k. Moreover, petricium la petricium stands for number k2, petricium la petricium la petricium stands for k3 and so on. All numbers of this form are called petriciumus cifera, and the number's importance is the number of articles la in its title.

Petya's invention brought on a challenge that needed to be solved quickly: does some number l belong to the set petriciumus cifera? As Petya is a very busy schoolboy he needs to automate the process, he asked you to solve it.

The first input line contains integer number k, the second line contains integer number l (2 ≤ k, l ≤ 231 - 1).

You should print in the first line of the output ""YES"", if the number belongs to the set petriciumus cifera and otherwise print ""NO"". If the number belongs to the set, then print on the seconds line the only number — the importance of number l.",,,['math'],800-1199
926A,,1300,"implementation,math","A positive integer is called a 2-3-integer, if it is equal to 2x·3y for some non-negative integers x and y. In other words, these integers are such integers that only have 2 and 3 among their prime divisors. For example, integers 1, 6, 9, 16 and 108 — are 2-3 integers, while 5, 10, 21 and 120 are not.

Print the number of 2-3-integers on the given segment [l, r], i. e. the number of sich 2-3-integers t that l ≤ t ≤ r.

The only line contains two integers l and r (1 ≤ l ≤ r ≤ 2·109).

Print a single integer the number of 2-3-integers on the segment [l, r].

In the first example the 2-3-integers are 1, 2, 3, 4, 6, 8 and 9.

In the second example the 2-3-integers are 108, 128, 144, 162 and 192.",,,"['implementation', 'math']",1200-1599
378C,,1600,dfsandsimilar,"Pavel loves grid mazes. A grid maze is an n × m rectangle maze where each cell is either empty, or is a wall. You can go from one cell to another only if both cells are empty and have a common side.

Pavel drew a grid maze with all empty cells forming a connected area. That is, you can go from any empty cell to any other one. Pavel doesn't like it when his maze has too little walls. He wants to turn exactly k empty cells into walls so that all the remaining cells still formed a connected area. Help him.

The first line contains three integers n, m, k (1 ≤ n, m ≤ 500, 0 ≤ k < s), where n and m are the maze's height and width, correspondingly, k is the number of walls Pavel wants to add and letter s represents the number of empty cells in the original maze.

Each of the next n lines contains m characters. They describe the original maze. If a character on a line equals ""."", then the corresponding cell is empty and if the character equals ""#"", then the cell is a wall.

Print n lines containing m characters each: the new maze that fits Pavel's requirements. Mark the empty cells that you transformed into walls as ""X"", the other cells must be left without changes (that is, ""."" and ""#"").

It is guaranteed that a solution exists. If there are multiple solutions you can output any of them.",,,['dfsandsimilar'],1600-1999
1417D,,2000,"constructivealgorithms,greedy,math","You are given an array $$a$ consisting of $n$ positive integers, numbered from $1$ to $n$. You can perform the following operation no more than $3n$ times:

After each operation, all elements of the array should be non-negative.

Can you find a sequence of no more than $3n$ operations after which all elements of the array are equal?

The first line contains one integer $t$ ($1 \le t \le 10^4$) — the number of test cases. Then $t$ test cases follow.

The first line of each test case contains one integer $n$ ($1 \le n \le 10^4$) — the number of elements in the array. The second line contains $n$ integers $a_1, a_2, \dots, a_n$ ($1 \le a_i \le 10^5$) — the elements of the array.

It is guaranteed that the sum of $n$ over all test cases does not exceed $10^4$.

For each test case print the answer to it as follows:

If there are multiple suitable sequences of operations, print any of them. Note that you don't have to minimize $k$$.",,,"['constructivealgorithms', 'greedy', 'math']",2000-2399
1113A,,900,"dp,greedy,math","Sasha is a very happy guy, that's why he is always on the move. There are $$n$ cities in the country where Sasha lives. They are all located on one straight line, and for convenience, they are numbered from $1$ to $n$ in increasing order. The distance between any two adjacent cities is equal to $1$ kilometer. Since all roads in the country are directed, it's possible to reach the city $y$ from the city $x$ only if $x < y$. 

Once Sasha decided to go on a trip around the country and to visit all $n$ cities. He will move with the help of his car, Cheetah-2677. The tank capacity of this model is $v$ liters, and it spends exactly $1$ liter of fuel for $1$ kilometer of the way. At the beginning of the journey, the tank is empty. Sasha is located in the city with the number $1$ and wants to get to the city with the number $n$. There is a gas station in each city. In the $i$-th city, the price of $1$ liter of fuel is $i$ dollars. It is obvious that at any moment of time, the tank can contain at most $v$ liters of fuel.

Sasha doesn't like to waste money, that's why he wants to know what is the minimum amount of money is needed to finish the trip if he can buy fuel in any city he wants. Help him to figure it out!

The first line contains two integers $n$ and $v$ ($2 \le n \le 100$, $1 \le v \le 100$)  — the number of cities in the country and the capacity of the tank.

Print one integer — the minimum amount of money that is needed to finish the trip.

In the first example, Sasha can buy $2$ liters for $2$ dollars ($1$ dollar per liter) in the first city, drive to the second city, spend $1$ liter of fuel on it, then buy $1$ liter for $2$ dollars in the second city and then drive to the $4$-th city. Therefore, the answer is $1+1+2=4$$.

In the second example, the capacity of the tank allows to fill the tank completely in the first city, and drive to the last city without stops in other cities.",,,"['dp', 'greedy', 'math']",800-1199
