episode,epsilon,reward,n_solved,n_attempted,solve_rate,final_rating,avg_loss,buffer_size,steps,total_steps,duration_s
1,1.0,-2.82,1,2,0.5,1365.0031999999999,0.0,2,2,2,0.02
2,0.9998,16.76,3,7,0.429,1281.2779166666667,0.0,9,7,9,0.05
3,0.9995,-9.27,1,4,0.25,1009.6460800000001,0.0,13,4,13,0.03
4,0.9993,50.33,3,7,0.429,1392.1333448275861,0.0,20,7,20,0.04
5,0.999,17.92,1,4,0.25,1129.26752,0.0,24,4,24,0.02
6,0.9988,6.71,1,4,0.25,1643.4877826086956,0.0,28,4,28,0.02
7,0.9986,-2.71,1,3,0.333,1024.7849047619047,0.0,31,3,31,0.02
8,0.9983,9.05,2,5,0.4,1350.0238333333334,0.0,36,5,36,0.02
9,0.9981,3.91,3,8,0.375,1530.7869230769231,0.0,44,8,44,0.04
10,0.9979,-3.9,2,4,0.5,1586.4633333333334,0.0,48,4,48,0.02
11,0.9976,61.44,3,3,1.0,1636.1858000000002,0.0,51,3,51,0.02
12,0.9974,27.0,3,4,0.75,1370.8940833333334,0.0,55,4,55,0.02
13,0.9971,1.12,1,3,0.333,1430.4366086956522,0.0,58,3,58,0.01
14,0.9969,31.26,2,7,0.286,1507.7033076923074,117.07328,65,7,65,0.22
15,0.9967,32.36,3,6,0.5,1060.76848,99.15522,71,6,71,0.61
16,0.9964,0.87,1,6,0.167,1165.98304,73.81203,77,6,77,0.61
17,0.9962,20.76,2,2,1.0,1582.0658181818183,58.30766,79,2,79,0.2
18,0.996,67.83,4,6,0.667,1488.9554074074074,49.76474,85,6,85,0.62
19,0.9957,16.32,1,5,0.2,1160.32592,43.44743,90,5,90,0.51
20,0.9955,34.29,2,4,0.5,1184.8758,42.56193,94,4,94,0.41
21,0.9952,11.55,0,5,0.0,1012.5,43.5991,99,5,99,0.5
22,0.995,20.28,1,7,0.143,1090.0692,47.23386,106,7,106,0.75
23,0.9948,43.23,4,5,0.8,1360.7646071428571,42.36676,111,5,111,0.53
24,0.9945,5.32,2,3,0.667,1026.7030476190475,31.86959,114,3,114,0.32
25,0.9943,-4.55,0,5,0.0,1291.5,30.44964,119,5,119,0.56
26,0.9941,18.19,2,7,0.286,1415.520827586207,30.03483,126,7,126,0.73
27,0.9938,3.9,0,4,0.0,1515.0,36.11213,130,4,130,0.41
28,0.9936,39.51,3,3,1.0,1276.4787272727272,28.09769,133,3,133,0.31
29,0.9933,38.18,3,7,0.429,1388.0119655172414,29.29414,140,7,140,0.69
30,0.9931,31.98,2,4,0.5,1556.01188,25.22272,144,4,144,0.37
31,0.9929,44.38,2,2,1.0,1447.9956521739132,31.73756,146,2,146,0.19
32,0.9926,-14.45,0,2,0.0,961.0,69.12214,148,2,148,0.18
33,0.9924,24.67,5,10,0.5,1861.7787058823528,41.12132,158,10,158,0.9
34,0.9922,33.68,2,5,0.4,1444.3483913043478,35.01325,163,5,163,0.44
35,0.9919,37.25,4,8,0.5,1600.05746875,39.4684,171,8,171,0.74
36,0.9917,-7.35,1,4,0.25,1568.00168,34.95093,175,4,175,0.37
37,0.9914,19.57,4,5,0.8,1466.7104074074073,33.39079,180,5,180,0.46
38,0.9912,42.48,3,5,0.6,1365.2854782608697,32.97588,185,5,185,0.45
39,0.991,31.86,3,8,0.375,1298.0872068965516,32.86406,193,8,193,0.71
40,0.9907,-7.45,0,3,0.0,1040.0,42.85192,196,3,196,0.29
41,0.9905,46.0,4,6,0.667,1468.1054800000002,44.01311,202,6,202,0.67
42,0.9903,13.38,4,9,0.444,1803.5855714285715,40.73077,211,9,211,1.01
43,0.99,36.98,3,6,0.5,1064.3695357142856,47.20412,217,6,217,0.69
44,0.9898,-6.12,1,4,0.25,1307.60168,35.20037,221,4,221,0.43
45,0.9895,-8.65,0,5,0.0,1007.5,41.36875,226,5,226,0.65
46,0.9893,31.88,2,5,0.4,1237.0895925925927,36.75227,231,5,231,0.54
47,0.9891,3.35,1,5,0.2,1325.0022727272726,41.70143,236,5,236,0.52
48,0.9888,34.92,2,5,0.4,1514.8567777777778,38.53006,241,5,241,0.54
49,0.9886,58.02,5,5,1.0,1695.9998333333333,36.56672,246,5,246,0.6
50,0.9884,29.19,3,4,0.75,1416.1711304347828,38.71419,250,4,250,0.47
51,0.9881,23.97,2,4,0.5,1052.422,52.95164,254,4,254,0.47
52,0.9879,54.66,5,6,0.833,1598.9286206896552,48.59865,260,6,260,0.66
53,0.9876,15.1,1,1,1.0,1072.5,28.55998,261,1,261,0.12
54,0.9874,72.43,5,7,0.714,1577.8348888888888,44.81567,268,7,268,0.83
55,0.9872,7.6,0,5,0.0,1115.0,38.40222,273,5,273,0.57
56,0.9869,14.73,1,5,0.2,1087.4119130434783,33.63044,278,5,278,0.54
57,0.9867,-6.55,1,2,0.5,1371.5272,41.06703,280,2,280,0.23
58,0.9865,18.81,1,4,0.25,1052.1992173913045,42.92396,284,4,284,0.43
59,0.9862,4.5,1,3,0.333,1266.6957142857143,30.30308,287,3,287,0.3
60,0.986,1.66,1,4,0.25,1177.8098333333335,37.60372,291,4,291,0.44
61,0.9857,14.8,1,6,0.167,1032.5214,46.8297,297,6,297,0.69
62,0.9855,21.17,1,5,0.2,1304.0398,46.58667,302,5,302,0.55
63,0.9853,6.56,1,5,0.2,1468.1820454545455,49.78356,307,5,307,0.59
64,0.985,13.19,2,3,0.667,1114.313619047619,39.30266,310,3,310,0.3
65,0.9848,32.06,2,9,0.222,1535.53946875,37.16686,319,9,319,0.93
66,0.9846,14.85,1,5,0.2,1360.8695652173913,41.78335,324,5,324,0.53
67,0.9843,58.39,3,7,0.429,1421.536,33.88054,331,7,331,0.76
68,0.9841,4.0,0,4,0.0,1050.0,37.09772,335,4,335,0.43
69,0.9838,24.75,1,5,0.2,1672.5074499999998,34.51939,340,5,340,0.51
70,0.9836,-8.45,0,4,0.0,1120.0,40.95868,344,4,344,0.45
71,0.9834,-9.3,1,4,0.25,1204.5454545454545,55.58276,348,4,348,0.41
72,0.9831,51.25,4,7,0.571,1463.0904074074074,57.83419,355,7,355,0.71
73,0.9829,-6.85,0,3,0.0,1280.0,44.16246,358,3,358,0.3
74,0.9827,38.68,3,5,0.6,1524.01176,53.83726,363,5,363,0.54
75,0.9824,30.39,3,6,0.5,1106.1716923076924,47.12037,369,6,369,0.66
76,0.9822,34.89,2,7,0.286,1081.7675000000002,51.3826,376,7,376,0.78
77,0.9819,36.31,4,5,0.8,1439.1572173913044,48.2044,381,5,381,0.55
78,0.9817,55.14,4,7,0.571,1400.454275862069,47.27502,388,7,388,0.73
79,0.9815,11.51,1,4,0.25,1456.7414090909092,44.88887,392,4,392,0.45
80,0.9812,35.49,3,6,0.5,1345.0,48.17682,398,6,398,0.64
81,0.981,2.59,1,2,0.5,1705.0474499999996,52.03373,400,2,400,0.21
82,0.9808,-3.49,1,4,0.25,1064.0,49.77304,404,4,404,0.41
83,0.9805,12.0,1,4,0.25,1157.8395652173913,62.86388,408,4,408,0.42
84,0.9803,0.82,1,5,0.2,1334.617,47.14045,413,5,413,0.52
85,0.98,62.41,4,6,0.667,1273.3665,60.43662,419,6,419,0.65
86,0.9798,10.26,1,3,0.333,1130.9597142857144,54.7084,422,3,422,0.32
87,0.9796,17.16,1,6,0.167,1076.2179047619047,54.21444,428,6,428,0.65
88,0.9793,24.85,3,9,0.333,1537.9779655172415,49.35499,437,9,437,0.98
89,0.9791,15.3,2,3,0.667,1120.5304090909092,42.58625,440,3,440,0.31
90,0.9789,59.94,8,10,0.8,1764.8464411764705,45.22555,450,10,450,1.07
91,0.9786,45.69,2,4,0.5,1247.2096666666666,50.50764,454,4,454,0.44
92,0.9784,-2.12,2,3,0.667,1151.6544347826086,48.59016,457,3,457,0.33
93,0.9781,25.23,1,3,0.333,1352.1771304347826,49.39688,460,3,460,0.32
94,0.9779,15.79,1,4,0.25,1145.9319090909091,59.84009,464,4,464,0.41
95,0.9777,8.11,1,5,0.2,1170.0158260869566,52.3123,469,5,469,0.53
96,0.9774,-0.25,0,5,0.0,1340.5,55.23044,474,5,474,0.53
97,0.9772,3.12,2,4,0.5,1385.04125,58.64271,478,4,478,0.46
98,0.977,34.91,2,4,0.5,1333.503857142857,53.06005,482,4,482,0.43
99,0.9767,26.36,2,4,0.5,1032.3681923076924,46.69732,486,4,486,0.47
100,0.9765,39.2,2,4,0.5,1695.6844347826086,45.68137,490,4,490,0.45
101,0.9762,54.66,4,5,0.8,1122.5213703703703,45.32219,495,5,495,0.55
102,0.976,31.74,3,4,0.75,1139.2660869565218,47.9428,499,4,499,0.47
103,0.9758,3.81,0,6,0.0,1037.5,46.21483,505,6,505,0.71
104,0.9755,10.27,1,5,0.2,1077.6428,41.48395,510,5,510,0.58
105,0.9753,26.03,2,6,0.333,1692.331,40.93246,516,6,516,0.71
106,0.9751,26.68,4,8,0.5,1684.419875,43.61805,524,8,524,0.93
107,0.9748,15.99,5,7,0.714,1535.4212499999999,47.89371,531,7,531,0.79
108,0.9746,39.06,5,7,0.714,1744.8612068965517,46.47544,538,7,538,0.78
109,0.9743,17.23,1,4,0.25,1405.0,49.04778,542,4,542,0.43
110,0.9741,9.63,1,4,0.25,1126.6341363636363,38.26733,546,4,546,0.46
111,0.9739,12.09,1,4,0.25,1200.0155652173912,42.14819,550,4,550,0.47
112,0.9736,-5.24,1,3,0.333,1240.2358181818183,49.80402,553,3,553,0.36
113,0.9734,18.41,3,5,0.6,1532.3483870967743,49.62108,558,5,558,0.58
114,0.9732,8.28,1,2,0.5,1201.42615,63.3332,560,2,560,0.23
115,0.9729,22.09,3,8,0.375,1270.373551724138,53.30932,568,8,568,0.94
116,0.9727,15.64,2,6,0.333,1074.1527777777778,50.29897,574,6,574,0.68
117,0.9724,26.06,1,6,0.167,1485.0,45.5997,580,6,580,0.69
118,0.9722,63.82,5,7,0.714,1585.2296296296295,44.83493,587,7,587,0.8
119,0.972,7.32,4,5,0.8,1880.8016538461538,51.4748,592,5,592,0.57
120,0.9717,10.07,2,7,0.286,1608.02484,54.14459,599,7,599,0.79
121,0.9715,31.9,1,2,0.5,1330.9757142857143,39.16265,601,2,601,0.25
122,0.9713,12.59,2,6,0.333,1613.809724137931,66.49385,607,6,607,0.67
123,0.971,30.96,2,6,0.333,1882.8687142857143,50.63469,613,6,613,0.7
124,0.9708,1.47,1,6,0.167,1447.2743636363637,55.57093,619,6,619,0.68
125,0.9705,12.54,1,3,0.333,1357.1982380952381,47.81407,622,3,622,0.35
126,0.9703,4.42,2,4,0.5,1114.8616666666667,49.49536,626,4,626,0.49
127,0.9701,-9.5,0,5,0.0,1084.5,55.53347,631,5,631,0.6
128,0.9698,17.1,2,4,0.5,1094.38788,57.14697,635,4,635,0.51
129,0.9696,40.26,2,2,1.0,1257.035090909091,39.73068,637,2,637,0.24
130,0.9694,-4.05,2,4,0.5,1266.7020416666667,52.7379,641,4,641,0.49
131,0.9691,64.35,5,8,0.625,1369.113655172414,55.65321,649,8,649,0.97
132,0.9689,26.2,1,1,1.0,1140.08015,36.97952,650,1,650,0.12
133,0.9686,2.93,1,3,0.333,1275.0869500000001,71.84501,653,3,653,0.37
134,0.9684,66.66,4,5,0.8,1482.8041153846154,51.76407,658,5,658,0.63
135,0.9682,48.1,2,2,1.0,1363.7171818181819,46.5181,660,2,660,0.25
136,0.9679,29.66,4,5,0.8,1575.0199999999998,60.11435,665,5,665,0.63
137,0.9677,59.51,5,7,0.714,1821.1899230769232,61.4578,672,7,672,0.84
138,0.9675,6.89,2,4,0.5,1346.3355652173914,52.76592,676,4,676,0.5
139,0.9672,21.96,1,4,0.25,1208.0785384615385,58.6434,680,4,680,0.48
140,0.967,12.88,1,5,0.2,1408.34225,80.03208,685,5,685,0.61
141,0.9667,15.71,2,7,0.286,1127.0930833333334,54.95582,692,7,692,0.85
142,0.9665,63.89,5,6,0.833,1403.6075714285714,54.55731,698,6,698,0.77
143,0.9663,5.22,1,5,0.2,1126.2517500000001,60.02534,703,5,703,0.6
144,0.966,63.64,3,5,0.6,1175.1585833333334,46.01405,708,5,708,0.6
145,0.9658,43.03,3,4,0.75,1160.9248695652175,55.20799,712,4,712,0.5
146,0.9656,14.95,2,6,0.333,1183.3645833333333,55.8562,718,6,718,0.76
147,0.9653,4.77,1,5,0.2,1423.8477692307692,50.51898,723,5,723,0.58
148,0.9651,-13.24,2,7,0.286,1150.6533076923076,55.1823,730,7,730,0.83
149,0.9648,5.57,2,5,0.4,1517.8585,53.92522,735,5,735,0.61
150,0.9646,28.43,2,4,0.5,1526.0919999999999,64.7426,739,4,739,0.49
151,0.9644,39.1,4,7,0.571,1457.176357142857,55.25439,746,7,746,0.85
152,0.9641,61.67,5,7,0.714,1892.6472592592593,45.38896,753,7,753,0.87
153,0.9639,28.69,2,7,0.286,1645.4609999999996,52.63255,760,7,760,0.84
154,0.9637,-6.33,1,2,0.5,1295.0364,63.65512,762,2,762,0.25
155,0.9634,61.04,7,7,1.0,1414.7015000000001,51.53973,769,7,769,0.87
156,0.9632,12.68,1,4,0.25,1433.341,54.31991,773,4,773,0.48
157,0.9629,21.03,3,6,0.5,1243.4927826086955,50.51184,779,6,779,0.76
158,0.9627,17.43,2,5,0.4,1258.82525,48.94123,784,5,784,0.61
159,0.9625,7.76,2,6,0.333,1653.851,57.53512,790,6,790,0.71
160,0.9622,63.12,5,7,0.714,1360.7852500000001,62.01171,797,7,797,0.82
161,0.962,19.25,1,4,0.25,1300.009391304348,59.60491,801,4,801,0.49
162,0.9618,21.55,2,5,0.4,1165.4050769230769,63.16232,806,5,806,0.6
163,0.9615,-0.6,1,3,0.333,1342.9166666666667,47.24965,809,3,809,0.35
164,0.9613,44.44,3,5,0.6,1292.0890399999998,63.02455,814,5,814,0.6
165,0.961,5.24,2,3,0.667,1656.05472,50.91835,817,3,817,0.39
166,0.9608,18.12,2,7,0.286,1562.0843448275862,58.40923,824,7,824,0.85
167,0.9606,7.15,2,8,0.25,1096.174,70.26233,832,8,832,0.99
168,0.9603,0.8,1,4,0.25,1456.02568,62.30425,836,4,836,0.51
169,0.9601,1.16,1,3,0.333,1229.5705454545455,53.93957,839,3,839,0.38
170,0.9599,16.63,2,7,0.286,1144.8134615384615,65.69632,846,7,846,0.85
171,0.9596,26.64,1,1,1.0,1155.2601,66.16207,847,1,847,0.13
172,0.9594,14.62,2,4,0.5,927.5980000000001,65.1865,851,4,851,0.5
173,0.9591,42.65,3,8,0.375,1250.423222222222,58.25137,859,8,859,1.05
174,0.9589,21.53,2,3,0.667,1487.0436956521742,69.25914,862,3,862,0.39
175,0.9587,12.25,2,3,0.667,1220.066347826087,56.6388,865,3,865,0.34
176,0.9584,21.82,3,5,0.6,1243.5209130434782,55.96854,870,5,870,0.63
177,0.9582,48.91,6,10,0.6,1718.83609375,63.07128,880,10,880,1.24
178,0.958,53.4,5,6,0.833,1216.1284,55.1669,886,6,886,0.74
179,0.9577,27.22,2,6,0.333,1260.5056666666667,63.30992,892,6,892,0.73
180,0.9575,74.43,5,6,0.833,1288.5812307692308,68.46172,898,6,898,0.74
181,0.9572,30.85,2,6,0.333,1160.8915217391302,54.19741,904,6,904,0.74
182,0.957,52.3,5,5,1.0,1406.745653846154,58.01688,909,5,909,0.61
183,0.9568,25.77,4,7,0.571,1384.0452399999997,57.42912,916,7,916,0.86
184,0.9565,-2.45,1,3,0.333,1039.1554782608696,52.64346,919,3,919,0.37
185,0.9563,1.8,1,2,0.5,1426.1046956521736,69.15891,921,2,921,0.25
186,0.9561,39.1,4,7,0.571,1375.538275862069,64.7409,928,7,928,0.86
187,0.9558,2.58,1,2,0.5,1368.5765714285715,49.87244,930,2,930,0.25
188,0.9556,4.5,2,4,0.5,1131.106,61.79563,934,4,934,0.48
189,0.9553,20.71,3,4,0.75,1206.93568,65.11738,938,4,938,0.49
190,0.9551,30.11,3,6,0.5,1114.0344,55.51217,944,6,944,0.73
191,0.9549,68.04,4,6,0.667,1462.1298620689656,68.56967,950,6,950,0.73
192,0.9546,8.15,2,2,1.0,1185.9690476190476,60.97698,952,2,952,0.25
193,0.9544,-9.52,1,2,0.5,1307.1625714285715,83.12565,954,2,954,0.25
194,0.9542,15.22,1,5,0.2,1145.2423333333334,63.08092,959,5,959,0.63
195,0.9539,-8.65,0,4,0.0,1432.5,66.43714,963,4,963,0.48
196,0.9537,6.46,2,5,0.4,1753.5813928571429,57.82831,968,5,968,0.6
197,0.9534,-4.71,1,2,0.5,1027.0198,61.06678,970,2,970,0.25
198,0.9532,9.67,1,7,0.143,1610.0049999999999,66.82986,977,7,977,0.85
199,0.953,21.97,2,6,0.333,1286.41824,64.12541,983,6,983,0.73
200,0.9527,9.7,2,7,0.286,1153.851076923077,64.78495,990,7,990,0.85
201,0.9525,63.4,4,5,0.8,1503.952230769231,83.58963,995,5,995,0.56
202,0.9523,36.66,4,6,0.667,1507.771923076923,62.84109,1001,6,1001,0.76
203,0.952,0.12,1,3,0.333,1083.3423333333333,73.54471,1004,3,1004,0.37
204,0.9518,72.52,7,12,0.583,1680.63,72.88981,1016,12,1016,1.45
205,0.9515,29.97,3,5,0.6,1868.2820714285715,76.8923,1021,5,1021,0.52
206,0.9513,50.46,3,7,0.429,1117.9630714285713,70.21726,1028,7,1028,0.84
207,0.9511,34.06,2,5,0.4,1191.7243333333333,59.85124,1033,5,1033,0.62
208,0.9508,32.13,3,5,0.6,1167.1186296296296,64.0665,1038,5,1038,0.63
209,0.9506,36.43,6,9,0.667,1800.0273000000002,64.91048,1047,9,1047,1.09
210,0.9504,-18.95,0,3,0.0,1395.0,65.08455,1050,3,1050,0.36
211,0.9501,46.84,6,6,1.0,1770.4089999999999,73.26309,1056,6,1056,0.73
212,0.9499,40.25,2,4,0.5,1333.5995416666667,79.74535,1060,4,1060,0.46
213,0.9496,38.54,5,10,0.5,1384.7599333333333,70.39598,1070,10,1070,1.21
214,0.9494,1.35,1,3,0.333,1318.1925,72.80802,1073,3,1073,0.38
215,0.9492,8.87,1,7,0.143,1455.1724137931035,75.03863,1080,7,1080,0.86
216,0.9489,22.9,3,3,1.0,1252.3639565217393,62.2015,1083,3,1083,0.39
217,0.9487,57.82,3,3,1.0,1500.0973636363635,104.18831,1086,3,1086,0.36
218,0.9484,9.85,1,5,0.2,1426.923076923077,86.27202,1091,5,1091,0.63
219,0.9482,0.91,1,3,0.333,1228.578761904762,54.62276,1094,3,1094,0.35
220,0.948,5.4,1,7,0.143,1159.5238095238096,75.02584,1101,7,1101,0.86
221,0.9477,0.51,2,4,0.5,1522.8477391304348,67.53892,1105,4,1105,0.48
222,0.9475,-0.99,1,4,0.25,1260.00168,79.06242,1109,4,1109,0.46
223,0.9473,27.25,3,6,0.5,1251.1707407407407,67.00199,1115,6,1115,0.7
224,0.947,-0.48,1,6,0.167,1140.4083076923075,78.1104,1121,6,1121,0.76
225,0.9468,35.69,4,5,0.8,1653.9698846153847,75.53853,1126,5,1126,0.59
226,0.9465,56.99,3,8,0.375,1796.1822307692307,71.66692,1134,8,1134,0.97
227,0.9463,38.04,5,9,0.556,1471.0082068965517,72.00156,1143,9,1143,1.13
228,0.9461,0.7,1,2,0.5,1263.5,69.42546,1145,2,1145,0.25
229,0.9458,39.58,2,8,0.25,1480.5794375,78.73223,1153,8,1153,0.91
230,0.9456,17.33,1,5,0.2,1151.4359047619048,90.70284,1158,5,1158,0.64
231,0.9454,35.49,4,8,0.5,1358.16008,71.31279,1166,8,1166,0.93
232,0.9451,32.17,2,4,0.5,1078.07728,94.39489,1170,4,1170,0.49
233,0.9449,22.22,3,7,0.429,1775.0249999999999,74.52224,1177,7,1177,0.88
234,0.9446,12.42,2,2,1.0,1134.2928181818183,49.96352,1179,2,1179,0.25
235,0.9444,32.82,5,8,0.625,1846.97340625,68.6977,1187,8,1187,0.98
236,0.9442,18.37,2,4,0.5,1154.1904166666666,63.15175,1191,4,1191,0.49
237,0.9439,8.0,2,6,0.333,1518.5039655172413,65.20607,1197,6,1197,0.75
238,0.9437,77.93,6,7,0.857,1546.398892857143,67.04811,1204,7,1204,0.88
239,0.9435,30.51,1,5,0.2,1122.9230833333334,72.60706,1209,5,1209,0.6
240,0.9432,2.98,1,4,0.25,1147.6400476190477,87.77534,1213,4,1213,0.51
241,0.943,31.15,1,6,0.167,1155.3381333333334,84.79339,1219,6,1219,0.77
242,0.9427,30.39,3,6,0.5,1150.0300666666667,80.69833,1225,6,1225,0.72
243,0.9425,68.74,6,7,0.857,1288.5543846153846,94.09411,1232,7,1232,0.88
244,0.9423,32.88,3,5,0.6,1332.01984,89.95494,1237,5,1237,0.61
245,0.942,7.61,2,5,0.4,1231.8820740740741,79.89095,1242,5,1242,0.66
246,0.9418,4.6,1,4,0.25,1243.492043478261,85.46954,1246,4,1246,0.48
247,0.9416,47.67,3,4,0.75,1211.958090909091,93.80539,1250,4,1250,0.49
248,0.9413,10.09,1,4,0.25,1218.6987826086956,103.24183,1254,4,1254,0.48
249,0.9411,35.29,4,8,0.5,1758.0842903225805,89.01185,1262,8,1262,0.99
250,0.9408,6.4,0,4,0.0,1455.0,88.31417,1266,4,1266,0.42
251,0.9406,8.63,2,6,0.333,1153.614857142857,70.72481,1272,6,1272,0.75
252,0.9404,28.89,2,7,0.286,1178.420695652174,81.56818,1279,7,1279,0.94
253,0.9401,10.48,4,7,0.571,1755.1964137931034,91.54346,1286,7,1286,0.9
254,0.9399,15.67,2,5,0.4,1296.1801538461539,98.36593,1291,5,1291,0.63
255,0.9397,20.05,2,6,0.333,1352.1769130434782,90.5374,1297,6,1297,0.79
256,0.9394,36.72,3,7,0.429,1372.824846153846,90.6537,1304,7,1304,0.91
257,0.9392,28.01,3,6,0.5,1513.9059655172414,81.30201,1310,6,1310,0.78
258,0.9389,14.44,2,6,0.333,1150.0192307692307,88.93994,1316,6,1316,0.79
259,0.9387,36.1,2,5,0.4,1311.130777777778,85.40148,1321,5,1321,0.66
260,0.9385,21.65,2,6,0.333,1250.1484166666667,83.64728,1327,6,1327,0.74
261,0.9382,-4.6,0,3,0.0,997.5,75.48572,1330,3,1330,0.38
262,0.938,5.18,1,3,0.333,1885.7190476190476,77.87729,1333,3,1333,0.39
263,0.9378,-14.9,0,3,0.0,1580.0,76.03529,1336,3,1336,0.36
264,0.9375,-2.8,0,3,0.0,1420.0,58.63024,1339,3,1339,0.39
265,0.9373,-4.2,1,4,0.25,1112.52635,88.36125,1343,4,1343,0.51
266,0.937,30.51,3,4,0.75,1627.8970000000002,99.23718,1347,4,1347,0.53
267,0.9368,-13.6,1,4,0.25,1421.7434347826088,73.50803,1351,4,1351,0.53
268,0.9366,19.25,4,5,0.8,1430.8103076923076,96.96032,1356,5,1356,0.65
269,0.9363,24.25,3,4,0.75,1362.2566399999998,95.491,1360,4,1360,0.53
270,0.9361,12.55,1,2,0.5,1482.3714,97.11676,1362,2,1362,0.26
271,0.9359,-0.06,1,4,0.25,1202.02304,97.25191,1366,4,1366,0.53
272,0.9356,-7.45,0,4,0.0,1330.0,84.35322,1370,4,1370,0.51
273,0.9354,43.74,4,4,1.0,1546.2757692307691,109.11066,1374,4,1374,0.52
274,0.9351,27.8,4,6,0.667,1290.6609615384614,91.83835,1380,6,1380,0.79
275,0.9349,32.12,2,5,0.4,1520.8544583333332,73.78159,1385,5,1385,0.64
276,0.9347,-9.75,0,3,0.0,1265.0,70.61733,1388,3,1388,0.38
277,0.9344,6.04,2,5,0.4,1329.994,76.66472,1393,5,1393,0.65
278,0.9342,38.46,5,7,0.714,1642.0924137931036,95.25582,1400,7,1400,0.9
279,0.934,40.63,3,7,0.429,1048.6675357142856,96.52968,1407,7,1407,0.91
280,0.9337,40.82,2,4,0.5,1305.0,85.99959,1411,4,1411,0.5
281,0.9335,1.98,1,5,0.2,1470.8132,91.36585,1416,5,1416,0.65
282,0.9332,23.15,2,3,0.667,1435.775652173913,68.58028,1419,3,1419,0.39
283,0.933,41.83,4,8,0.5,1733.3668,71.81875,1427,8,1427,1.05
284,0.9328,83.08,7,9,0.778,1590.9686666666669,80.7586,1436,9,1436,1.11
285,0.9325,16.56,2,3,0.667,1137.9957272727274,78.66721,1439,3,1439,0.37
286,0.9323,-1.97,1,3,0.333,1208.7020869565217,109.37318,1442,3,1442,0.38
287,0.9321,4.06,2,3,0.667,1800.0482499999998,83.59084,1445,3,1445,0.36
288,0.9318,23.38,2,5,0.4,1215.7640434782609,97.14976,1450,5,1450,0.66
289,0.9316,21.4,1,2,0.5,1443.2595909090908,77.30619,1452,2,1452,0.27
290,0.9313,11.08,2,6,0.333,1114.4958148148148,108.32353,1458,6,1458,0.76
291,0.9311,-7.35,0,3,0.0,915.0,94.84303,1461,3,1461,0.38
292,0.9309,16.43,3,8,0.375,1416.0147200000001,92.22576,1469,8,1469,1.03
293,0.9306,43.9,2,5,0.4,1449.9797037037035,101.02386,1474,5,1474,0.66
294,0.9304,67.61,6,9,0.667,1440.8467407407409,104.02721,1483,9,1483,1.16
295,0.9302,-11.0,0,3,0.0,1010.0,97.98301,1486,3,1486,0.39
296,0.9299,31.62,2,5,0.4,1335.8614583333333,92.51951,1491,5,1491,0.66
297,0.9297,17.88,1,5,0.2,1171.8573333333334,80.34811,1496,5,1496,0.64
298,0.9294,7.09,2,5,0.4,1303.8586153846154,79.46215,1501,5,1501,0.59
299,0.9292,30.93,2,5,0.4,1600.0179166666667,89.87668,1506,5,1506,0.64
300,0.929,24.75,3,5,0.6,1043.5591304347827,95.25434,1511,5,1511,0.61
301,0.9287,52.04,4,4,1.0,1504.2612500000002,77.51189,1515,4,1515,0.46
302,0.9285,7.96,1,7,0.143,1442.595037037037,104.51053,1522,7,1522,0.84
303,0.9283,-7.8,0,4,0.0,1626.4,75.61075,1526,4,1526,0.52
304,0.928,55.8,3,4,0.75,1458.5485833333332,94.18487,1530,4,1530,0.5
305,0.9278,15.99,2,4,0.5,1192.7392727272727,113.71303,1534,4,1534,0.5
306,0.9275,30.69,2,4,0.5,1203.4967826086959,105.47863,1538,4,1538,0.44
307,0.9273,35.66,3,6,0.5,1327.3627142857144,87.41285,1544,6,1544,0.73
308,0.9271,-2.93,1,5,0.2,1191.3244347826087,86.46651,1549,5,1549,0.59
309,0.9268,-3.97,2,5,0.4,1548.0771153846156,88.04622,1554,5,1554,0.6
310,0.9266,-5.98,1,3,0.333,1267.3984347826085,101.03688,1557,3,1557,0.37
311,0.9264,6.1,0,4,0.0,1070.75,105.7753,1561,4,1561,0.45
312,0.9261,18.77,3,3,1.0,1181.0187826086956,83.18644,1564,3,1564,0.36
313,0.9259,52.09,4,6,0.667,1307.216,83.47575,1570,6,1570,0.72
314,0.9256,34.9,3,3,1.0,1369.094347826087,86.41369,1573,3,1573,0.36
315,0.9254,38.69,3,4,0.75,1608.3547916666666,77.95958,1577,4,1577,0.48
316,0.9252,43.03,2,5,0.4,1733.4880833333334,79.69853,1582,5,1582,0.59
317,0.9249,6.66,2,3,0.667,1333.3335714285715,99.98472,1585,3,1585,0.35
318,0.9247,-1.9,1,3,0.333,1218.0076,86.91666,1588,3,1588,0.35
319,0.9245,18.66,2,2,1.0,1050.1682857142857,79.62629,1590,2,1590,0.24
320,0.9242,13.39,1,4,0.25,1305.0047,91.27481,1594,4,1594,0.51
321,0.924,15.5,1,5,0.2,1137.964,90.40136,1599,5,1599,0.63
322,0.9237,50.31,2,9,0.222,1250.045379310345,85.86538,1608,9,1608,1.17
323,0.9235,-2.77,1,3,0.333,1137.5285000000001,91.08497,1611,3,1611,0.38
324,0.9233,15.39,3,5,0.6,1385.5867407407407,115.47965,1616,5,1616,0.65
325,0.923,39.73,3,6,0.5,1327.2953636363636,102.76104,1622,6,1622,0.78
326,0.9228,56.63,4,5,0.8,1214.21792,78.50905,1627,5,1627,0.66
327,0.9226,50.11,4,7,0.571,1443.3728,88.58958,1634,7,1634,0.92
328,0.9223,66.44,4,5,0.8,1369.264730769231,97.50604,1639,5,1639,0.65
329,0.9221,26.58,3,3,1.0,1452.2871739130437,79.29367,1642,3,1642,0.4
330,0.9218,9.5,1,8,0.125,1416.6676666666667,89.36679,1650,8,1650,1.0
331,0.9216,14.14,2,4,0.5,1349.93832,82.82347,1654,4,1654,0.51
332,0.9214,30.48,4,6,0.667,1425.1163461538463,87.1349,1660,6,1660,0.75
333,0.9211,43.66,5,7,0.714,1680.01476,84.83547,1667,7,1667,0.9
334,0.9209,49.06,4,9,0.444,1885.731942857143,99.57239,1676,9,1676,1.13
335,0.9207,14.46,1,3,0.333,1157.1839047619048,88.37851,1679,3,1679,0.39
336,0.9204,35.25,3,6,0.5,1507.4358518518518,92.4727,1685,6,1685,0.77
337,0.9202,66.0,5,6,0.833,1628.0448800000001,81.76365,1691,6,1691,0.76
338,0.9199,47.54,3,3,1.0,1833.362761904762,68.85973,1694,3,1694,0.39
339,0.9197,-10.06,1,7,0.143,1410.942875,85.9787,1701,7,1701,0.92
340,0.9195,5.49,1,4,0.25,1079.60752,73.83092,1705,4,1705,0.52
341,0.9192,28.78,1,5,0.2,1214.3057857142855,79.35897,1710,5,1710,0.62
342,0.919,43.5,8,11,0.727,1671.2959696969697,95.80313,1721,11,1721,1.38
343,0.9188,26.9,2,4,0.5,1603.7845416666667,101.17297,1725,4,1725,0.45
344,0.9185,38.82,4,6,0.667,1148.04224,71.5116,1731,6,1731,0.75
345,0.9183,-0.85,0,5,0.0,1224.8,81.44324,1736,5,1736,0.64
346,0.918,30.44,3,8,0.375,1272.5446551724137,83.55842,1744,8,1744,1.04
347,0.9178,24.81,2,7,0.286,1115.2197142857144,91.71427,1751,7,1751,0.89
348,0.9176,50.01,3,4,0.75,1376.1212,81.11462,1755,4,1755,0.52
349,0.9173,28.18,3,4,0.75,1221.7649565217391,85.10549,1759,4,1759,0.51
350,0.9171,50.17,3,4,0.75,1254.6081363636365,100.14714,1763,4,1763,0.55
351,0.9169,19.57,2,6,0.333,1300.027,95.70118,1769,6,1769,0.78
352,0.9166,20.36,2,7,0.286,1310.4661363636365,93.29942,1776,7,1776,0.91
353,0.9164,55.88,3,8,0.375,1229.7194074074073,78.13117,1784,8,1784,0.99
354,0.9161,-9.4,0,3,0.0,1160.0,93.84571,1787,3,1787,0.35
355,0.9159,60.47,6,10,0.6,1888.6736,79.57387,1797,10,1797,1.24
356,0.9157,22.56,1,1,1.0,1340.1813,77.10448,1798,1,1798,0.12
357,0.9154,-4.74,2,5,0.4,1288.0379999999998,80.35857,1803,5,1803,0.67
358,0.9152,6.71,1,5,0.2,1345.0128499999998,84.66176,1808,5,1808,0.64
359,0.915,-9.11,1,2,0.5,1044.04725,97.00836,1810,2,1810,0.26
360,0.9147,22.39,1,4,0.25,1140.909090909091,98.26821,1814,4,1814,0.52
361,0.9145,7.69,2,4,0.5,1223.918260869565,90.76871,1818,4,1818,0.52
362,0.9142,25.45,2,7,0.286,1404.6114545454545,80.36188,1825,7,1825,0.93
363,0.914,38.24,3,4,0.75,1112.7654583333335,82.88559,1829,4,1829,0.54
364,0.9138,33.53,2,5,0.4,1145.5037272727272,89.86498,1834,5,1834,0.63
365,0.9135,19.22,2,8,0.25,1234.92,80.04637,1842,8,1842,1.07
366,0.9133,5.47,1,4,0.25,1300.01848,83.15072,1846,4,1846,0.52
367,0.9131,40.78,2,2,1.0,1259.2488181818183,95.06629,1848,2,1848,0.27
368,0.9128,8.71,2,3,0.667,1072.7303636363636,80.89594,1851,3,1851,0.39
369,0.9126,44.73,3,8,0.375,1567.7793870967741,78.28908,1859,8,1859,1.03
370,0.9123,1.04,1,4,0.25,1099.5810434782609,84.12907,1863,4,1863,0.53
371,0.9121,39.03,1,2,0.5,1151.8671363636363,65.58646,1865,2,1865,0.25
372,0.9119,50.34,3,5,0.6,1448.2148518518518,103.34012,1870,5,1870,0.64
373,0.9116,14.27,4,8,0.5,1456.5265483870967,86.14843,1878,8,1878,1.04
374,0.9114,3.98,1,5,0.2,1682.6690476190477,81.97914,1883,5,1883,0.66
375,0.9112,46.01,2,2,1.0,1540.9953636363637,83.23167,1885,2,1885,0.26
376,0.9109,-0.4,1,4,0.25,1079.1906666666666,95.06449,1889,4,1889,0.55
377,0.9107,25.45,3,5,0.6,1492.3189615384615,83.99385,1894,5,1894,0.68
378,0.9104,13.27,1,4,0.25,1204.551,82.50636,1898,4,1898,0.51
379,0.9102,6.36,1,6,0.167,1050.0178333333333,80.14895,1904,6,1904,0.79
380,0.91,12.28,2,5,0.4,1192.5,91.66578,1909,5,1909,0.65
381,0.9097,8.64,5,6,0.833,1893.3587999999997,90.19113,1915,6,1915,0.78
382,0.9095,20.76,2,2,1.0,1035.0212083333333,90.8398,1917,2,1917,0.25
383,0.9093,14.11,2,5,0.4,1104.2704999999999,98.15985,1922,5,1922,0.67
384,0.909,15.03,1,6,0.167,1323.125,89.93767,1928,6,1928,0.8
385,0.9088,-1.21,1,5,0.2,1129.1701666666665,109.57356,1933,5,1933,0.64
386,0.9085,35.73,5,7,0.714,1446.5037142857143,84.62942,1940,7,1940,0.87
387,0.9083,-0.52,1,5,0.2,1347.9345,87.79477,1945,5,1945,0.66
388,0.9081,49.73,7,10,0.7,1880.0445428571431,85.31244,1955,10,1955,1.21
389,0.9078,9.16,2,4,0.5,1165.2688260869566,81.1931,1959,4,1959,0.51
390,0.9076,17.24,1,5,0.2,1109.1332272727273,88.55539,1964,5,1964,0.66
391,0.9074,23.36,1,4,0.25,1379.1786666666667,94.36396,1968,4,1968,0.52
392,0.9071,13.85,2,4,0.5,1875.11925,78.51743,1972,4,1972,0.5
393,0.9069,13.21,1,6,0.167,1305.0247,91.29199,1978,6,1978,0.76
394,0.9066,31.99,1,2,0.5,1133.7927619047618,79.49869,1980,2,1980,0.24
395,0.9064,33.04,4,8,0.5,1495.087757575758,116.81944,1988,8,1988,0.99
396,0.9062,34.3,3,4,0.75,1578.3193043478263,89.69513,1992,4,1992,0.5
397,0.9059,25.31,3,5,0.6,1476.3132692307695,81.70407,1997,5,1997,0.64
398,0.9057,22.66,1,6,0.167,1350.0196363636364,85.00824,2003,6,2003,0.76
399,0.9055,17.48,2,5,0.4,1092.06848,86.29373,2008,5,2008,0.64
400,0.9052,32.57,3,4,0.75,1634.8027826086957,78.3201,2012,4,2012,0.51
401,0.905,2.04,2,2,1.0,1327.5,95.29752,2014,2,2014,0.22
402,0.9047,5.93,1,5,0.2,1076.2093809523808,85.28752,2019,5,2019,0.59
403,0.9045,1.45,1,2,0.5,1070.0144,68.85666,2021,2,2021,0.25
404,0.9043,27.28,2,4,0.5,1434.195,100.41598,2025,4,2025,0.48
405,0.904,47.76,4,7,0.571,1374.1935172413794,85.63084,2032,7,2032,0.84
406,0.9038,11.92,2,3,0.667,1395.6539130434783,101.63211,2035,3,2035,0.35
407,0.9036,52.25,3,6,0.5,1541.914074074074,98.6877,2041,6,2041,0.71
408,0.9033,33.7,3,7,0.429,1882.1917857142857,84.4646,2048,7,2048,0.86
409,0.9031,17.26,2,4,0.5,1412.2333600000002,90.75252,2052,4,2052,0.48
410,0.9028,93.34,6,10,0.6,1185.2800689655173,75.83762,2062,10,2062,1.17
411,0.9026,6.55,2,6,0.333,1040.0754399999998,86.42268,2068,6,2068,0.73
412,0.9024,7.26,2,4,0.5,1382.627304347826,99.44678,2072,4,2072,0.51
413,0.9021,-6.29,2,5,0.4,1632.0038399999999,67.21117,2077,5,2077,0.67
414,0.9019,40.69,3,6,0.5,1515.431076923077,76.98148,2083,6,2083,0.77
415,0.9017,25.69,5,8,0.625,1610.3835862068963,83.45689,2091,8,2091,1.01
416,0.9014,11.95,1,6,0.167,1224.4154,80.3213,2097,6,2097,0.76
417,0.9012,48.47,5,8,0.625,1581.4561666666666,74.27052,2105,8,2105,0.98
418,0.9009,37.85,4,4,1.0,1500.2387499999998,84.64639,2109,4,2109,0.48
419,0.9007,29.85,1,3,0.333,1200.1180909090908,89.45884,2112,3,2112,0.37
420,0.9005,26.57,4,5,0.8,1300.0354,99.81323,2117,5,2117,0.62
421,0.9002,12.93,2,4,0.5,1185.7794999999999,63.4698,2121,4,2121,0.53
422,0.9,11.77,1,6,0.167,1157.5,84.90157,2127,6,2127,0.75
423,0.8997,19.11,2,2,1.0,1109.2466363636363,94.88907,2129,2,2129,0.25
424,0.8995,15.62,2,3,0.667,1227.5557083333333,79.07009,2132,3,2132,0.38
425,0.8993,35.01,2,5,0.4,1726.9355384615385,98.60149,2137,5,2137,0.63
426,0.899,11.2,1,3,0.333,1285.7149523809524,77.41073,2140,3,2140,0.37
427,0.8988,40.37,3,5,0.6,1616.7375833333333,84.36107,2145,5,2145,0.64
428,0.8986,16.24,2,3,0.667,1282.6381739130434,73.43012,2148,3,2148,0.36
429,0.8983,12.14,2,7,0.286,1492.5051428571428,69.18098,2155,7,2155,0.91
430,0.8981,60.45,3,7,0.429,1713.0205806451615,98.12235,2162,7,2162,0.9
431,0.8978,16.67,1,3,0.333,1585.7651428571428,93.2145,2165,3,2165,0.4
432,0.8976,27.78,2,7,0.286,1522.163,76.82727,2172,7,2172,0.88
433,0.8974,70.51,4,5,0.8,1378.6206785714287,64.91452,2177,5,2177,0.65
434,0.8971,18.04,1,6,0.167,1485.213074074074,84.58636,2183,6,2183,0.68
435,0.8969,4.34,1,3,0.333,1230.4391304347826,64.55249,2186,3,2186,0.4
436,0.8967,26.5,4,5,0.8,1570.5138518518518,78.9733,2191,5,2191,0.65
437,0.8964,27.65,1,4,0.25,1230.0,80.87964,2195,4,2195,0.51
438,0.8962,35.03,2,4,0.5,1742.3514615384615,87.20849,2199,4,2199,0.52
439,0.8959,15.45,2,7,0.286,1014.3231428571428,75.64118,2206,7,2206,0.93
440,0.8957,10.83,1,6,0.167,1287.50525,92.14191,2212,6,2212,0.76
441,0.8955,23.76,1,5,0.2,1327.3315454545454,88.00098,2217,5,2217,0.65
442,0.8952,-10.71,0,6,0.0,1340.0,78.92077,2223,6,2223,0.77
443,0.895,11.55,2,5,0.4,1223.5065217391304,89.57499,2228,5,2228,0.62
444,0.8948,48.75,5,6,0.833,1703.7212962962963,87.89934,2234,6,2234,0.81
445,0.8945,35.16,5,8,0.625,1362.863303030303,85.69727,2242,8,2242,1.06
446,0.8943,3.88,2,6,0.333,1400.0173846153848,88.84101,2248,6,2248,0.79
447,0.894,44.31,4,6,0.667,1534.669076923077,80.85679,2254,6,2254,0.75
448,0.8938,49.39,2,3,0.667,1254.3192083333333,67.58922,2257,3,2257,0.4
449,0.8936,45.49,3,6,0.5,1390.2384615384615,80.24936,2263,6,2263,0.77
450,0.8933,32.71,3,6,0.5,1091.24616,78.17238,2269,6,2269,0.77
451,0.8931,-11.76,2,5,0.4,1172.2232000000001,76.4642,2274,5,2274,0.63
452,0.8929,25.87,1,1,1.0,1190.1120500000002,156.30107,2275,1,2275,0.14
453,0.8926,13.56,3,7,0.429,1282.1894285714286,82.01814,2282,7,2282,0.93
454,0.8924,43.76,2,5,0.4,1145.7360869565218,90.2222,2287,5,2287,0.66
455,0.8921,0.51,2,5,0.4,1418.8770357142857,72.874,2292,5,2292,0.66
456,0.8919,37.08,3,4,0.75,1074.08024,88.34553,2296,4,2296,0.52
457,0.8917,9.62,1,4,0.25,1111.429818181818,74.15841,2300,4,2300,0.53
458,0.8914,14.83,2,5,0.4,1426.9355384615385,81.86822,2305,5,2305,0.63
459,0.8912,31.53,2,4,0.5,975.5189545454546,81.95474,2309,4,2309,0.53
460,0.891,2.98,1,5,0.2,1234.7893043478261,90.52622,2314,5,2314,0.61
461,0.8907,23.91,1,4,0.25,1090.0645,87.0429,2318,4,2318,0.54
462,0.8905,22.05,1,4,0.25,1822.9289166666667,80.87186,2322,4,2322,0.51
463,0.8902,62.87,6,9,0.667,1633.4165925925927,78.27562,2331,9,2331,1.15
464,0.89,-3.57,1,3,0.333,1538.0968095238095,72.16155,2334,3,2334,0.4
465,0.8898,-8.51,0,6,0.0,1150.0,78.13569,2340,6,2340,0.76
466,0.8895,36.34,5,7,0.714,1394.6257307692308,91.2218,2347,7,2347,0.93
467,0.8893,51.21,3,4,0.75,1427.6077083333332,95.74904,2351,4,2351,0.53
468,0.8891,18.57,3,8,0.375,1335.5648148148148,82.47326,2359,8,2359,1.02
469,0.8888,26.66,3,6,0.5,1678.5977857142857,75.25283,2365,6,2365,0.78
470,0.8886,-6.75,0,5,0.0,1142.0,72.9462,2370,5,2370,0.66
471,0.8883,48.8,2,3,0.667,1342.926,74.57454,2373,3,2373,0.38
472,0.8881,20.13,2,4,0.5,1579.1694166666666,78.5344,2377,4,2377,0.51
473,0.8879,28.85,1,5,0.2,1388.0,74.72222,2382,5,2382,0.67
474,0.8876,19.97,3,4,0.75,1390.0025,72.23628,2386,4,2386,0.54
475,0.8874,82.39,8,10,0.8,1784.980121212121,65.741,2396,10,2396,1.24
476,0.8872,11.03,2,4,0.5,1128.871846153846,93.38566,2400,4,2400,0.52
477,0.8869,7.72,2,4,0.5,1286.9766086956522,83.72008,2404,4,2404,0.51
478,0.8867,58.3,3,5,0.6,1441.684857142857,65.85047,2409,5,2409,0.64
479,0.8864,13.03,2,5,0.4,1430.9169285714286,84.62819,2414,5,2414,0.57
480,0.8862,-0.36,2,8,0.25,1483.7554444444443,89.38898,2422,8,2422,1.05
481,0.886,35.63,2,4,0.5,1030.492375,70.99198,2426,4,2426,0.51
482,0.8857,-4.88,1,2,0.5,1089.107380952381,81.41365,2428,2,2428,0.26
483,0.8855,12.4,2,6,0.333,1370.3990384615386,74.96094,2434,6,2434,0.75
484,0.8853,50.01,5,6,0.833,1382.9746551724138,79.03656,2440,6,2440,0.78
485,0.885,26.38,3,6,0.5,1571.1601153846154,84.80153,2446,6,2446,0.78
486,0.8848,52.99,4,6,0.667,1507.9933846153847,70.64043,2452,6,2452,0.77
487,0.8845,24.06,4,7,0.571,1446.6246428571428,79.16842,2459,7,2459,0.91
488,0.8843,28.96,3,5,0.6,1584.6578076923079,84.49211,2464,5,2464,0.67
489,0.8841,18.79,6,7,0.857,1357.2758571428571,67.25867,2471,7,2471,0.92
490,0.8838,47.59,4,6,0.667,1402.7798928571428,78.7448,2477,6,2477,0.79
491,0.8836,6.74,2,3,0.667,1663.8850909090906,70.35726,2480,3,2480,0.39
492,0.8834,23.19,3,7,0.429,1586.2240344827587,85.1479,2487,7,2487,0.91
493,0.8831,1.78,1,4,0.25,1199.1124545454547,82.14491,2491,4,2491,0.51
494,0.8829,16.0,1,5,0.2,1475.0,64.68961,2496,5,2496,0.66
495,0.8826,36.73,4,7,0.571,1879.4433448275863,65.43142,2503,7,2503,0.95
496,0.8824,41.81,4,9,0.444,1475.0341875,76.31725,2512,9,2512,1.14
497,0.8822,18.0,3,7,0.429,1684.0204,84.40132,2519,7,2519,0.91
498,0.8819,20.44,1,4,0.25,1104.02304,70.63149,2523,4,2523,0.52
499,0.8817,32.64,2,5,0.4,1072.00852,72.32306,2528,5,2528,0.64
500,0.8815,42.96,4,7,0.571,1438.5374615384617,73.94942,2535,7,2535,0.9
501,0.8812,39.91,2,3,0.667,1404.3697391304347,67.10019,2538,3,2538,0.33
502,0.881,53.89,4,7,0.571,1286.6224615384615,89.51029,2545,7,2545,0.83
503,0.8807,13.1,2,4,0.5,997.4654090909091,82.06196,2549,4,2549,0.47
504,0.8805,5.76,2,6,0.333,1396.2241379310344,85.70291,2555,6,2555,0.69
505,0.8803,9.97,2,5,0.4,1135.842153846154,67.0988,2560,5,2560,0.59
506,0.88,15.38,1,6,0.167,1630.7717692307692,75.21582,2566,6,2566,0.69
507,0.8798,16.64,1,6,0.167,1031.0214,87.99747,2572,6,2572,0.69
508,0.8796,15.15,1,5,0.2,1366.6914166666666,83.25045,2577,5,2577,0.61
509,0.8793,-3.19,2,6,0.333,1480.0728333333332,94.64777,2583,6,2583,0.7
510,0.8791,-6.23,1,2,0.5,1561.25155,64.55713,2585,2,2585,0.24
511,0.8788,66.64,4,5,0.8,1654.1018461538463,95.91097,2590,5,2590,0.6
512,0.8786,13.0,1,3,0.333,1380.0,85.92817,2593,3,2593,0.36
513,0.8784,27.17,2,4,0.5,1380.4878260869566,91.48214,2597,4,2597,0.52
514,0.8781,9.25,1,3,0.333,1472.7272727272727,84.62992,2600,3,2600,0.39
515,0.8779,5.23,1,5,0.2,1062.62568,88.21828,2605,5,2605,0.66
516,0.8777,53.07,3,8,0.375,1197.9058461538461,83.9096,2613,8,2613,1.03
517,0.8774,61.32,5,7,0.714,1574.236258064516,75.09957,2620,7,2620,0.91
518,0.8772,41.37,4,4,1.0,1431.941409090909,85.34408,2624,4,2624,0.52
519,0.8769,61.91,3,3,1.0,1207.7935,62.16579,2627,3,2627,0.39
520,0.8767,21.03,1,4,0.25,1233.9949565217391,75.75992,2631,4,2631,0.51
521,0.8765,39.98,4,5,0.8,1075.094,83.22288,2636,5,2636,0.54
522,0.8762,39.43,2,4,0.5,1140.02964,73.28354,2640,4,2640,0.49
523,0.876,22.46,2,6,0.333,1388.4653846153847,75.24381,2646,6,2646,0.77
524,0.8758,12.19,2,3,0.667,1017.2935238095239,81.15004,2649,3,2649,0.39
525,0.8755,53.64,4,7,0.571,1349.326653846154,84.77145,2656,7,2656,0.92
526,0.8753,74.66,7,9,0.778,1491.8,96.54411,2665,9,2665,1.19
527,0.875,-5.33,1,2,0.5,1509.5248095238096,62.02177,2667,2,2667,0.26
528,0.8748,30.82,3,4,0.75,1290.0211363636363,80.6514,2671,4,2671,0.51
529,0.8746,14.83,3,7,0.429,1384.253,76.59867,2678,7,2678,0.93
530,0.8743,23.57,1,3,0.333,1508.696304347826,76.60526,2681,3,2681,0.4
531,0.8741,19.01,2,3,0.667,1442.9373333333333,96.90202,2684,3,2684,0.38
532,0.8739,-6.75,0,3,0.0,961.0,71.98245,2687,3,2687,0.37
533,0.8736,71.69,5,7,0.714,1853.680357142857,90.1558,2694,7,2694,0.89
534,0.8734,47.4,4,7,0.571,1462.6061599999998,82.79037,2701,7,2701,0.91
535,0.8731,68.73,5,8,0.625,1623.4408666666668,82.49408,2709,8,2709,1.07
536,0.8729,-3.78,1,5,0.2,1561.9261428571428,91.64968,2714,5,2714,0.68
537,0.8727,20.06,3,3,1.0,1430.5214347826088,87.54245,2717,3,2717,0.39
538,0.8724,4.6,0,4,0.0,1335.0,84.53242,2721,4,2721,0.49
539,0.8722,18.55,2,9,0.222,1292.254814814815,77.32896,2730,9,2730,1.15
540,0.872,26.97,3,5,0.6,1066.808125,80.04802,2735,5,2735,0.64
541,0.8717,9.75,1,3,0.333,1336.365909090909,100.63911,2738,3,2738,0.37
542,0.8715,34.33,6,11,0.545,1803.1698437500002,93.14532,2749,11,2749,1.41
543,0.8712,-7.4,0,3,0.0,1060.0,80.64522,2752,3,2752,0.37
544,0.871,48.45,3,9,0.333,1295.4878333333334,93.90946,2761,9,2761,1.14
545,0.8708,4.66,1,3,0.333,1025.0196363636364,72.82713,2764,3,2764,0.38
546,0.8705,23.43,1,4,0.25,1154.16975,94.70637,2768,4,2768,0.51
547,0.8703,34.2,3,7,0.429,1335.2021851851853,80.35948,2775,7,2775,0.9
548,0.8701,46.83,3,5,0.6,1538.626,68.58897,2780,5,2780,0.66
549,0.8698,10.63,1,2,0.5,1705.12815,112.12492,2782,2,2782,0.26
550,0.8696,22.71,4,6,0.667,1416.4284,98.26007,2788,6,2788,0.76
551,0.8693,30.98,1,2,0.5,1043.3132727272728,73.97855,2790,2,2790,0.26
552,0.8691,43.92,2,6,0.333,1562.4880869565218,90.60816,2796,6,2796,0.78
553,0.8689,10.35,2,3,0.667,1067.408260869565,80.40483,2799,3,2799,0.38
554,0.8686,11.91,2,4,0.5,1512.5141666666666,80.22923,2803,4,2803,0.53
555,0.8684,27.47,3,6,0.5,1142.6765925925927,98.42803,2809,6,2809,0.8
556,0.8682,-15.66,0,6,0.0,1092.75,84.79386,2815,6,2815,0.75
557,0.8679,14.1,0,4,0.0,1371.5,88.14538,2819,4,2819,0.52
558,0.8677,19.28,2,4,0.5,1066.7069166666668,85.0981,2823,4,2823,0.52
559,0.8674,14.45,2,4,0.5,1227.4266363636364,102.81491,2827,4,2827,0.53
560,0.8672,31.15,2,7,0.286,1180.0968333333333,101.15329,2834,7,2834,0.91
561,0.867,8.25,0,7,0.0,1032.5,79.90924,2841,7,2841,0.88
562,0.8667,21.2,2,5,0.4,1293.7049565217392,77.74207,2846,5,2846,0.64
563,0.8665,51.88,5,9,0.556,1526.5533823529413,82.48303,2855,9,2855,1.16
564,0.8663,-8.55,0,3,0.0,1110.0,77.89515,2858,3,2858,0.38
565,0.866,43.34,4,7,0.571,1486.8540714285716,92.20326,2865,7,2865,0.88
566,0.8658,0.61,1,3,0.333,1385.01975,77.65298,2868,3,2868,0.34
567,0.8655,59.94,6,9,0.667,1474.3840967741935,81.77252,2877,9,2877,1.15
568,0.8653,21.55,1,4,0.25,1050.06785,88.78885,2881,4,2881,0.52
569,0.8651,49.95,2,2,1.0,1683.3475238095236,90.69718,2883,2,2883,0.27
570,0.8648,16.68,3,7,0.429,1125.0528571428572,72.60534,2890,7,2890,0.92
571,0.8646,-3.82,1,3,0.333,1178.2701739130434,82.73636,2893,3,2893,0.39
572,0.8644,38.51,3,5,0.6,1484.07232,84.51197,2898,5,2898,0.63
573,0.8641,26.09,3,5,0.6,1354.1846666666668,81.50774,2903,5,2903,0.63
574,0.8639,32.47,3,7,0.429,1532.0178,84.6745,2910,7,2910,0.91
575,0.8636,34.0,2,8,0.25,1094.1859166666666,81.56479,2918,8,2918,0.98
576,0.8634,20.16,2,4,0.5,1108.4112916666666,89.75027,2922,4,2922,0.52
577,0.8632,32.64,3,8,0.375,1471.003677419355,75.68643,2930,8,2930,1.05
578,0.8629,19.61,2,3,0.667,1387.957,116.13285,2933,3,2933,0.38
579,0.8627,65.95,5,7,0.714,1470.3807692307694,77.57476,2940,7,2940,0.9
580,0.8625,8.55,3,5,0.6,1376.2376666666667,106.09245,2945,5,2945,0.66
581,0.8622,12.62,2,6,0.333,1711.552,71.38343,2951,6,2951,0.79
582,0.862,17.28,2,2,1.0,1058.442909090909,90.67557,2953,2,2953,0.26
583,0.8617,21.53,2,4,0.5,1171.879090909091,72.62959,2957,4,2957,0.52
584,0.8615,23.95,2,5,0.4,1330.4483478260868,77.00347,2962,5,2962,0.64
585,0.8613,13.37,2,6,0.333,1259.6725217391304,79.93177,2968,6,2968,0.78
586,0.861,8.3,0,6,0.0,1147.5,91.4839,2974,6,2974,0.77
587,0.8608,20.04,2,3,0.667,1061.4943636363637,87.23141,2977,3,2977,0.37
588,0.8606,34.27,3,6,0.5,1525.0127142857143,75.1215,2983,6,2983,0.76
589,0.8603,15.36,1,3,0.333,1152.5692,90.17786,2986,3,2986,0.39
590,0.8601,19.41,1,5,0.2,1737.5061666666668,86.36653,2991,5,2991,0.63
591,0.8598,55.22,4,5,0.8,1242.6612,66.49608,2996,5,2996,0.65
592,0.8596,20.4,1,4,0.25,1153.12804,63.52262,3000,4,3000,0.52
593,0.8594,12.43,1,6,0.167,1365.1003500000002,86.31635,3006,6,3006,0.79
594,0.8591,56.94,3,4,0.75,1140.922,65.05981,3010,4,3010,0.54
595,0.8589,27.88,3,6,0.5,1238.4311599999999,88.28434,3016,6,3016,0.78
596,0.8587,22.54,2,5,0.4,1342.1300833333332,84.63814,3021,5,3021,0.64
597,0.8584,15.98,1,6,0.167,1350.4369565217391,89.92011,3027,6,3027,0.78
598,0.8582,15.11,3,7,0.429,1403.8882692307693,79.15856,3034,7,3034,0.89
599,0.8579,6.42,2,6,0.333,1032.1778571428572,80.12522,3040,6,3040,0.79
600,0.8577,57.78,6,6,1.0,1706.841,70.50206,3046,6,3046,0.77
601,0.8575,38.69,2,4,0.5,1172.7286923076922,89.93001,3050,4,3050,0.44
602,0.8572,7.56,2,7,0.286,1153.7216296296297,85.72952,3057,7,3057,0.82
603,0.857,68.99,3,3,1.0,1048.148347826087,83.33231,3060,3,3060,0.36
604,0.8568,5.45,1,4,0.25,1084.3661304347827,81.69858,3064,4,3064,0.48
605,0.8565,28.32,2,6,0.333,1656.530608695652,78.40058,3070,6,3070,0.69
606,0.8563,13.13,2,5,0.4,1640.03508,74.10038,3075,5,3075,0.56
607,0.856,26.41,2,5,0.4,1525.469,74.84228,3080,5,3080,0.59
608,0.8558,83.41,6,9,0.667,1726.5610294117648,93.2516,3089,9,3089,1.04
609,0.8556,-1.02,3,8,0.375,1460.00728,99.33214,3097,8,3097,0.94
610,0.8553,21.01,3,6,0.5,1132.23912,76.45918,3103,6,3103,0.72
611,0.8551,40.09,4,7,0.571,1269.253076923077,72.40153,3110,7,3110,0.86
612,0.8549,9.36,1,4,0.25,1208.8243809523808,79.84456,3114,4,3114,0.52
613,0.8546,32.54,3,6,0.5,1558.13848,84.03895,3120,6,3120,0.75
614,0.8544,61.52,4,5,0.8,1260.700846153846,77.0518,3125,5,3125,0.64
615,0.8541,15.73,1,7,0.143,1206.4535454545455,79.81613,3132,7,3132,0.87
616,0.8539,57.92,4,5,0.8,1070.20504,90.8284,3137,5,3137,0.67
617,0.8537,104.9,6,8,0.75,1583.4809333333333,83.02537,3145,8,3145,1.03
618,0.8534,29.9,2,6,0.333,1610.0417333333332,87.80549,3151,6,3151,0.79
619,0.8532,58.44,3,6,0.5,1875.0210833333333,72.27938,3157,6,3157,0.77
620,0.853,18.01,1,3,0.333,1631.8690909090908,79.40643,3160,3,3160,0.4
621,0.8527,53.4,6,7,0.857,1455.0835333333334,84.189,3167,7,3167,0.91
622,0.8525,59.95,5,10,0.5,1554.0881621621622,88.79547,3177,10,3177,1.3
623,0.8522,21.06,2,6,0.333,1882.5089166666667,88.59515,3183,6,3183,0.79
624,0.852,-4.69,1,7,0.143,1447.8375416666665,78.55419,3190,7,3190,0.9
625,0.8518,51.95,6,7,0.857,1401.0836333333332,76.84464,3197,7,3197,0.91
626,0.8515,10.32,2,4,0.5,1158.07352,73.63937,3201,4,3201,0.54
627,0.8513,10.9,0,4,0.0,1084.5,82.28818,3205,4,3205,0.51
628,0.8511,-1.39,1,3,0.333,1059.907238095238,79.48879,3208,3,3208,0.4
629,0.8508,10.36,2,2,1.0,1297.7317142857144,55.20996,3210,2,3210,0.26
630,0.8506,35.72,3,4,0.75,1304.296,81.38905,3214,4,3214,0.51
631,0.8503,24.57,3,7,0.429,1357.1705714285713,86.97498,3221,7,3221,0.92
632,0.8501,3.46,1,2,0.5,1140.1166,81.79918,3223,2,3223,0.26
633,0.8499,20.59,3,5,0.6,1379.178541666667,70.31535,3228,5,3228,0.64
634,0.8496,-5.65,1,2,0.5,1468.1958636363636,63.80739,3230,2,3230,0.27
635,0.8494,20.76,1,1,1.0,1345.12275,77.94104,3231,1,3231,0.13
636,0.8491,28.61,3,4,0.75,1584.1358000000002,88.53962,3235,4,3235,0.52
637,0.8489,33.66,5,6,0.833,1831.7662666666668,78.69358,3241,6,3241,0.75
638,0.8487,-3.44,1,7,0.143,1312.1048260869566,77.45646,3248,7,3248,0.93
639,0.8484,44.06,2,5,0.4,1242.1370833333333,83.82784,3253,5,3253,0.66
640,0.8482,27.37,2,5,0.4,1365.3314347826088,90.97168,3258,5,3258,0.66
641,0.848,41.31,5,7,0.714,1176.0132592592593,78.9814,3265,7,3265,0.91
642,0.8477,26.03,3,3,1.0,1327.4202727272727,84.21249,3268,3,3268,0.39
643,0.8475,9.43,1,3,0.333,1096.9574347826087,99.18978,3271,3,3271,0.4
644,0.8472,22.45,3,7,0.429,1196.5818275862068,88.60171,3278,7,3278,0.91
645,0.847,32.49,1,3,0.333,1182.0390454545454,75.26613,3281,3,3281,0.4
646,0.8468,47.97,4,4,1.0,1165.2867391304349,83.71662,3285,4,3285,0.54
647,0.8465,11.15,2,5,0.4,1461.63032,84.44683,3290,5,3290,0.65
648,0.8463,6.57,1,5,0.2,1126.9311904761905,92.25134,3295,5,3295,0.64
649,0.8461,32.34,5,13,0.385,1568.4655789473684,89.53665,3308,13,3308,1.68
650,0.8458,30.43,5,6,0.833,1559.2946296296298,66.21031,3314,6,3314,0.78
651,0.8456,34.03,2,7,0.286,1435.7291428571427,84.72042,3321,7,3321,0.85
652,0.8453,-3.19,4,7,0.571,1893.7620937499998,70.04113,3328,7,3328,0.86
653,0.8451,7.01,1,4,0.25,1642.3082307692307,99.55826,3332,4,3332,0.55
654,0.8449,11.45,2,5,0.4,1335.7994285714285,99.34212,3337,5,3337,0.66
655,0.8446,62.73,4,6,0.667,1347.4216800000002,75.15126,3343,6,3343,0.78
656,0.8444,31.25,2,3,0.667,1418.2121818181818,91.15097,3346,3,3346,0.41
657,0.8442,21.19,2,7,0.286,1303.4564137931036,82.46487,3353,7,3353,0.93
658,0.8439,37.4,3,8,0.375,1297.0191666666665,83.6493,3361,8,3361,1.05
659,0.8437,41.23,3,8,0.375,1631.27690625,65.18281,3369,8,3369,1.03
660,0.8434,8.98,2,7,0.286,1379.316103448276,80.34691,3376,7,3376,0.88
661,0.8432,21.3,3,4,0.75,1308.3952916666667,98.50431,3380,4,3380,0.51
662,0.843,26.83,3,6,0.5,1218.5884074074074,72.72715,3386,6,3386,0.77
663,0.8427,50.87,6,7,0.857,1380.4665833333336,81.17454,3393,7,3393,0.89
664,0.8425,21.43,4,8,0.5,1301.9723333333332,84.51825,3401,8,3401,1.07
665,0.8423,68.31,5,5,1.0,1692.6507037037038,68.80496,3406,5,3406,0.62
666,0.842,49.77,6,11,0.545,1600.106606060606,81.82426,3417,11,3417,1.29
667,0.8418,14.47,1,6,0.167,1052.01024,80.8362,3423,6,3423,0.78
668,0.8415,7.26,1,2,0.5,1465.1813,87.55555,3425,2,3425,0.24
669,0.8413,13.55,2,6,0.333,1254.00984,75.69941,3431,6,3431,0.75
670,0.8411,19.35,2,3,0.667,1125.6603636363636,78.53545,3434,3,3434,0.4
671,0.8408,21.95,2,7,0.286,1169.6279130434782,71.36071,3441,7,3441,0.91
672,0.8406,23.6,2,6,0.333,957.5190740740741,81.22997,3447,6,3447,0.79
673,0.8404,56.12,4,8,0.5,1240.0580384615384,79.36421,3455,8,3455,1.25
674,0.8401,34.61,6,7,0.857,1555.6397037037036,78.95257,3462,7,3462,1.11
675,0.8399,28.38,3,5,0.6,1247.3954545454546,62.96935,3467,5,3467,0.86
676,0.8396,46.8,3,5,0.6,1228.1074,83.09258,3472,5,3472,0.76
677,0.8394,20.72,3,6,0.5,1743.3505666666667,72.85657,3478,6,3478,0.89
678,0.8392,12.2,2,6,0.333,1214.3623571428573,76.33432,3484,6,3484,0.81
679,0.8389,49.24,4,7,0.571,1313.1653333333334,69.92831,3491,7,3491,0.94
680,0.8387,29.65,4,8,0.5,1407.7701538461538,70.88893,3499,8,3499,1.32
681,0.8385,6.44,1,8,0.125,1145.6716956521739,70.18698,3507,8,3507,1.08
682,0.8382,55.02,5,7,0.714,1381.556107142857,76.16152,3514,7,3514,0.85
683,0.838,44.09,4,5,0.8,1364.06068,97.64937,3519,5,3519,0.65
684,0.8377,11.83,2,5,0.4,1063.3384166666667,88.28343,3524,5,3524,0.75
685,0.8375,35.12,3,8,0.375,1444.4915925925927,81.47851,3532,8,3532,1.04
686,0.8373,-4.16,0,8,0.0,1371.0,90.25212,3540,8,3540,1.17
687,0.837,13.22,2,3,0.667,1392.9023636363636,77.75683,3543,3,3543,0.47
688,0.8368,1.22,1,7,0.143,1107.9621923076922,76.94956,3550,7,3550,1.11
689,0.8366,15.78,2,8,0.25,1205.0136666666667,78.38389,3558,8,3558,1.07
690,0.8363,25.64,2,5,0.4,1069.2876923076924,79.66876,3563,5,3563,0.68
691,0.8361,41.18,3,6,0.5,1392.3289230769233,72.0981,3569,6,3569,0.8
692,0.8358,41.47,3,3,1.0,1269.771652173913,60.85522,3572,3,3572,0.4
693,0.8356,15.36,1,4,0.25,1292.8674761904763,79.57923,3576,4,3576,0.52
694,0.8354,37.14,3,6,0.5,1142.6626666666666,81.15969,3582,6,3582,0.8
695,0.8351,-7.9,0,3,0.0,1432.5,60.42476,3585,3,3585,0.4
696,0.8349,46.78,4,5,0.8,1774.2908148148147,83.27895,3590,5,3590,0.64
697,0.8347,8.17,1,3,0.333,1027.08015,73.86256,3593,3,3593,0.4
698,0.8344,37.34,4,7,0.571,1615.456923076923,69.53455,3600,7,3600,0.89
699,0.8342,40.06,4,6,0.667,1237.7288846153847,69.29207,3606,6,3606,0.75
700,0.8339,17.0,3,7,0.429,1224.1591724137932,79.71913,3613,7,3613,0.87
701,0.8337,54.43,5,7,0.714,1457.7426538461539,83.32201,3620,7,3620,0.81
702,0.8335,70.2,6,7,0.857,1498.2553333333333,68.06738,3627,7,3627,0.85
703,0.8332,36.94,3,5,0.6,1072.11292,77.35199,3632,5,3632,0.58
704,0.833,121.36,9,10,0.9,1703.2316969696972,71.29944,3642,10,3642,1.18
705,0.8328,59.6,6,9,0.667,1879.4485588235295,78.40334,3651,9,3651,1.06
706,0.8325,23.59,2,4,0.5,1120.9018333333333,85.74433,3655,4,3655,0.49
707,0.8323,12.55,1,5,0.2,1175.0209166666666,67.94234,3660,5,3660,0.59
708,0.832,23.64,1,5,0.2,1149.21232,73.5318,3665,5,3665,0.62
709,0.8318,0.71,2,5,0.4,1813.8054827586207,65.12809,3670,5,3670,0.65
710,0.8316,37.18,2,4,0.5,1416.0053999999998,67.45123,3674,4,3674,0.54
711,0.8313,61.43,5,6,0.833,1778.6259642857144,76.17804,3680,6,3680,0.8
712,0.8311,3.07,2,4,0.5,1318.4095454545457,56.00963,3684,4,3684,0.52
713,0.8309,30.32,2,6,0.333,1380.8717391304347,62.40693,3690,6,3690,0.79
714,0.8306,43.9,2,2,1.0,1333.4675238095238,82.53289,3692,2,3692,0.26
715,0.8304,5.77,1,5,0.2,1414.8163703703704,58.96694,3697,5,3697,0.65
716,0.8301,36.49,3,7,0.429,1252.2019130434783,72.66457,3704,7,3704,0.87
717,0.8299,36.42,2,5,0.4,1568.276818181818,72.4728,3709,5,3709,0.63
718,0.8297,38.59,2,5,0.4,1351.9041481481481,66.67376,3714,5,3714,0.64
719,0.8294,52.5,3,5,0.6,1248.2124814814813,75.02717,3719,5,3719,0.67
720,0.8292,2.22,2,3,0.667,1161.6278461538461,67.545,3722,3,3722,0.39
721,0.829,29.64,2,5,0.4,1535.0105714285714,72.59908,3727,5,3727,0.66
722,0.8287,1.76,0,8,0.0,1255.0,70.09649,3735,8,3735,1.05
723,0.8285,51.31,5,8,0.625,1243.332741935484,77.35467,3743,8,3743,1.05
724,0.8282,0.87,1,5,0.2,1106.8181818181818,61.81716,3748,5,3748,0.66
725,0.828,49.65,2,3,0.667,1630.6645217391304,71.39042,3751,3,3751,0.41
726,0.8278,42.79,4,9,0.444,1814.736705882353,64.99427,3760,9,3760,1.13
727,0.8275,29.49,3,5,0.6,1454.093730769231,70.26237,3765,5,3765,0.63
728,0.8273,52.47,4,5,0.8,1380.5020384615384,71.81772,3770,5,3770,0.66
729,0.8271,36.48,2,8,0.25,1467.5690714285715,73.19509,3778,8,3778,1.05
730,0.8268,25.15,2,6,0.333,1189.5865714285715,66.54721,3784,6,3784,0.78
731,0.8266,30.49,3,6,0.5,1355.0549666666668,67.37457,3790,6,3790,0.73
732,0.8263,22.99,2,4,0.5,1068.28436,63.37016,3794,4,3794,0.51
733,0.8261,40.52,4,6,0.667,1796.5966551724139,64.17078,3800,6,3800,0.79
734,0.8259,2.35,2,3,0.667,1150.0140000000001,85.3578,3803,3,3803,0.4
735,0.8256,74.26,5,6,0.833,1869.0129310344828,73.94377,3809,6,3809,0.8
736,0.8254,2.69,1,4,0.25,1100.0068095238096,71.35718,3813,4,3813,0.57
737,0.8252,-1.75,0,5,0.0,1517.55,81.1055,3818,5,3818,0.71
738,0.8249,83.23,7,9,0.778,1585.1950714285715,68.55117,3827,9,3827,1.25
739,0.8247,5.9,2,5,0.4,1184.9818260869565,61.73544,3832,5,3832,0.67
740,0.8244,-8.7,0,4,0.0,1150.0,69.33539,3836,4,3836,0.57
741,0.8242,25.3,2,5,0.4,1129.6607391304349,79.46127,3841,5,3841,0.7
742,0.824,7.61,1,2,0.5,1078.2780869565217,78.77929,3843,2,3843,0.3
743,0.8237,63.25,5,10,0.5,1269.7852424242424,69.64309,3853,10,3853,1.38
744,0.8235,39.35,2,2,1.0,1277.4172727272728,81.37172,3855,2,3855,0.29
745,0.8233,11.98,1,5,0.2,1249.6524444444444,74.56838,3860,5,3860,0.7
746,0.823,18.17,2,6,0.333,1245.5053636363637,67.87279,3866,6,3866,0.78
747,0.8228,34.72,3,4,0.75,1257.293181818182,74.36788,3870,4,3870,0.54
748,0.8225,37.7,2,5,0.4,1252.7107692307693,74.48712,3875,5,3875,0.72
749,0.8223,63.63,5,8,0.625,1753.4878333333334,71.00306,3883,8,3883,1.11
750,0.8221,-1.24,2,9,0.222,1464.01628,79.20709,3892,9,3892,1.27
751,0.8218,24.98,2,5,0.4,1140.8227407407408,73.15253,3897,5,3897,0.7
752,0.8216,29.61,2,4,0.5,1271.7930434782609,74.63975,3901,4,3901,0.57
753,0.8214,24.44,3,6,0.5,1779.2499583333336,73.34998,3907,6,3907,0.83
754,0.8211,2.96,1,5,0.2,1269.5654347826087,72.26819,3912,5,3912,0.69
755,0.8209,31.91,4,10,0.4,1426.9290333333333,70.98768,3922,10,3922,1.4
756,0.8206,33.36,2,5,0.4,1342.1220799999999,89.53408,3927,5,3927,0.7
757,0.8204,57.76,4,6,0.667,1474.1536666666668,89.02892,3933,6,3933,0.84
758,0.8202,65.22,4,5,0.8,1127.452,77.76456,3938,5,3938,0.71
759,0.8199,47.41,4,4,1.0,1300.24968,79.22896,3942,4,3942,0.54
760,0.8197,44.67,4,6,0.667,1300.08792,69.81078,3948,6,3948,0.85
761,0.8195,9.2,1,4,0.25,997.6055,75.07029,3952,4,3952,0.57
762,0.8192,31.12,1,3,0.333,1891.304347826087,102.78694,3955,3,3955,0.42
763,0.819,35.53,1,5,0.2,1530.0,74.01883,3960,5,3960,0.7
764,0.8187,37.46,3,5,0.6,1444.471925925926,74.2988,3965,5,3965,0.72
765,0.8185,4.9,1,2,0.5,1120.4951363636364,88.73516,3967,2,3967,0.29
766,0.8183,31.51,2,4,0.5,1563.3577916666666,90.21585,3971,4,3971,0.54
767,0.818,30.33,2,7,0.286,1381.8319545454544,78.02301,3978,7,3978,0.92
768,0.8178,39.41,3,6,0.5,1434.6755384615385,77.7603,3984,6,3984,0.74
769,0.8176,70.69,5,6,0.833,1398.3164444444444,85.58657,3990,6,3990,0.84
770,0.8173,20.08,4,7,0.571,1537.4275925925924,87.94634,3997,7,3997,0.99
771,0.8171,1.7,0,5,0.0,1222.5,67.70431,4002,5,4002,0.7
772,0.8168,37.85,3,6,0.5,1389.3054285714284,67.64055,4008,6,4008,0.84
773,0.8166,48.53,4,7,0.571,1567.2686551724137,71.08083,4015,7,4015,0.96
774,0.8164,-11.37,1,4,0.25,1278.03,70.91185,4019,4,4019,0.54
775,0.8161,31.97,2,5,0.4,1488.4913076923076,81.77652,4024,5,4024,0.69
776,0.8159,0.0,0,4,0.0,1265.0,70.72635,4028,4,4028,0.54
777,0.8157,7.09,2,5,0.4,1334.7282500000001,80.25923,4033,5,4033,0.67
778,0.8154,22.86,2,7,0.286,1677.1336129032259,74.49103,4040,7,4040,0.91
779,0.8152,33.29,4,7,0.571,1065.367259259259,74.92536,4047,7,4047,0.97
780,0.8149,-5.99,1,2,0.5,1333.3384761904763,72.13658,4049,2,4049,0.29
781,0.8147,10.95,1,4,0.25,1490.4545454545455,73.81562,4053,4,4053,0.56
782,0.8145,74.74,5,7,0.714,1466.0005384615383,67.39939,4060,7,4060,0.99
783,0.8142,-2.34,1,3,0.333,1620.0,72.11117,4063,3,4063,0.41
784,0.814,32.79,4,8,0.5,1536.6265357142859,69.56437,4071,8,4071,1.09
785,0.8138,-12.05,0,3,0.0,1129.25,65.1086,4074,3,4074,0.38
786,0.8135,5.08,2,5,0.4,1200.051375,76.68029,4079,5,4079,0.69
787,0.8133,45.23,4,6,0.667,1844.5094444444446,71.04538,4085,6,4085,0.8
788,0.813,5.46,2,6,0.333,1236.6713333333335,73.85488,4091,6,4091,0.82
789,0.8128,-0.51,1,2,0.5,1410.09065,60.20481,4093,2,4093,0.28
790,0.8126,53.09,2,2,1.0,1105.7387272727274,92.43683,4095,2,4095,0.28
791,0.8123,-3.15,0,4,0.0,915.0,80.76407,4099,4,4099,0.56
792,0.8121,29.46,2,6,0.333,1404.3526799999997,77.24018,4105,6,4105,0.83
793,0.8119,12.14,2,4,0.5,1427.0948695652173,92.19185,4109,4,4109,0.55
794,0.8116,27.96,3,8,0.375,1462.9962962962964,75.53241,4117,8,4117,1.11
795,0.8114,-0.45,1,4,0.25,1010.0,72.22002,4121,4,4121,0.52
796,0.8111,58.84,3,7,0.429,1336.8502727272726,74.72255,4128,7,4128,0.92
797,0.8109,20.99,2,5,0.4,1179.1242272727272,71.82736,4133,5,4133,0.64
798,0.8107,83.37,5,6,0.833,1372.608275862069,75.30123,4139,6,4139,0.8
799,0.8104,21.06,3,3,1.0,1565.3182173913044,68.22645,4142,3,4142,0.39
800,0.8102,3.45,0,5,0.0,1055.0,71.46771,4147,5,4147,0.64
801,0.81,60.34,4,7,0.571,1548.2379629629631,70.1088,4154,7,4154,0.7
802,0.8097,13.32,2,6,0.333,1402.0905833333334,66.18404,4160,6,4160,0.62
803,0.8095,17.88,3,4,0.75,1628.0373703703706,77.53753,4164,4,4164,0.38
804,0.8092,44.65,4,6,0.667,1555.4258214285715,75.49445,4170,6,4170,0.6
805,0.809,27.93,1,5,0.2,1150.7777692307693,79.26076,4175,5,4175,0.51
806,0.8088,21.69,3,6,0.5,1281.702,70.28666,4181,6,4181,0.57
807,0.8085,15.44,1,9,0.111,1325.6461818181817,72.39425,4190,9,4190,0.85
808,0.8083,58.39,4,5,0.8,1225.1415,67.97246,4195,5,4195,0.56
809,0.8081,53.7,3,3,1.0,1554.548,98.50973,4198,3,4198,0.32
810,0.8078,58.95,3,5,0.6,1238.08608,71.85585,4203,5,4203,0.54
811,0.8076,30.8,3,5,0.6,1129.8946666666668,66.23895,4208,5,4208,0.51
812,0.8073,10.88,1,5,0.2,1181.2659999999998,70.59334,4213,5,4213,0.5
813,0.8071,82.53,5,8,0.625,1372.5463103448276,74.57693,4221,8,4221,0.81
814,0.8069,52.28,4,8,0.5,1453.4006666666664,77.73071,4229,8,4229,0.79
815,0.8066,83.71,6,8,0.75,1692.9097857142858,70.77454,4237,8,4237,0.77
816,0.8064,10.59,2,5,0.4,1709.5359047619047,63.54935,4242,5,4242,0.49
817,0.8062,28.95,2,6,0.333,1396.4454642857143,74.08176,4248,6,4248,0.58
818,0.8059,28.0,4,5,0.8,1183.4302083333334,70.11682,4253,5,4253,0.49
819,0.8057,30.0,3,3,1.0,1073.3190000000002,89.58484,4256,3,4256,0.31
820,0.8054,33.46,1,2,0.5,1305.0753,68.48336,4258,2,4258,0.2
821,0.8052,22.28,2,4,0.5,1171.00996,68.41875,4262,4,4262,0.4
822,0.805,40.47,2,3,0.667,1193.4334545454547,64.05661,4265,3,4265,0.29
823,0.8047,21.44,2,3,0.667,1161.4257391304347,70.83147,4268,3,4268,0.29
824,0.8045,50.42,5,9,0.556,1395.4764285714286,58.80716,4277,9,4277,0.88
825,0.8043,49.42,4,6,0.667,1340.9032222222222,64.15725,4283,6,4283,0.6
826,0.804,42.89,2,7,0.286,1193.5354347826087,73.38173,4290,7,4290,0.83
827,0.8038,10.65,1,3,0.333,1423.8285714285714,69.31785,4293,3,4293,0.4
828,0.8035,2.92,1,3,0.333,1331.8181818181818,66.36869,4296,3,4296,0.37
829,0.8033,44.74,4,6,0.667,1519.257,77.46474,4302,6,4302,0.78
830,0.8031,48.48,4,7,0.571,1388.942037037037,81.24932,4309,7,4309,0.93
831,0.8028,26.3,2,3,0.667,1387.913846153846,68.84741,4312,3,4312,0.4
832,0.8026,31.8,4,9,0.444,1517.2866206896554,67.4539,4321,9,4321,1.17
833,0.8024,50.73,4,6,0.667,1684.6282307692309,75.24482,4327,6,4327,0.75
834,0.8021,26.27,4,12,0.333,1880.0229,70.61617,4339,12,4339,1.56
835,0.8019,48.63,3,4,0.75,1205.1013333333333,73.10635,4343,4,4343,0.51
836,0.8016,69.11,5,7,0.714,1518.0436,78.61977,4350,7,4350,0.92
837,0.8014,51.89,4,6,0.667,1644.9235862068965,69.7129,4356,6,4356,0.69
838,0.8012,41.28,2,5,0.4,1837.5407083333332,67.36265,4361,5,4361,0.62
839,0.8009,12.54,2,6,0.333,1406.81664,72.29716,4367,6,4367,0.72
840,0.8007,19.65,1,6,0.167,1070.0047,90.53373,4373,6,4373,0.8
841,0.8005,26.75,1,6,0.167,1184.6236153846153,59.67856,4379,6,4379,0.81
842,0.8002,13.56,3,6,0.5,1689.315,65.53075,4385,6,4385,0.74
843,0.8,21.42,3,4,0.75,1610.7492916666667,72.62171,4389,4,4389,0.47
844,0.7997,-1.59,2,7,0.286,1210.3680714285713,73.02382,4396,7,4396,0.96
845,0.7995,10.19,1,4,0.25,1258.9130454545455,63.39521,4400,4,4400,0.52
846,0.7993,-2.26,2,6,0.333,1311.5606923076923,64.91678,4406,6,4406,0.81
847,0.799,21.73,1,4,0.25,1076.30015,72.66731,4410,4,4410,0.55
848,0.7988,52.17,4,6,0.667,1344.0552400000001,69.97464,4416,6,4416,0.77
849,0.7985,40.6,5,7,0.714,1277.8394814814815,61.68556,4423,7,4423,0.95
850,0.7983,8.08,1,2,0.5,1265.10885,49.26325,4425,2,4425,0.27
851,0.7981,42.87,4,7,0.571,1288.9777777777776,67.78417,4432,7,4432,0.91
852,0.7978,37.35,3,7,0.429,1345.22908,67.73453,4439,7,4439,0.84
853,0.7976,21.01,1,3,0.333,1160.02568,67.30738,4442,3,4442,0.38
854,0.7974,9.09,1,4,0.25,1163.6550909090909,66.97704,4446,4,4446,0.54
855,0.7971,62.14,8,11,0.727,1895.306268292683,63.84927,4457,11,4457,1.32
856,0.7969,54.74,3,7,0.429,1412.9819677419355,74.56197,4464,7,4464,0.95
857,0.7966,16.27,2,3,0.667,1326.198739130435,67.49531,4467,3,4467,0.4
858,0.7964,38.5,4,4,1.0,1325.13725,70.26403,4471,4,4471,0.53
859,0.7962,17.91,1,4,0.25,1041.61936,73.76495,4475,4,4475,0.55
860,0.7959,2.55,0,3,0.0,1165.0,56.00971,4478,3,4478,0.39
861,0.7957,48.05,3,3,1.0,1211.0105217391304,77.04328,4481,3,4481,0.42
862,0.7955,10.89,3,6,0.5,1416.0879642857144,64.63804,4487,6,4487,0.79
863,0.7952,10.36,3,4,0.75,1165.4664347826088,74.74782,4491,4,4491,0.52
864,0.795,29.07,2,6,0.333,1201.7998928571428,90.47085,4497,6,4497,0.79
865,0.7947,9.26,2,4,0.5,1244.34056,63.9607,4501,4,4501,0.54
866,0.7945,69.77,5,5,1.0,1350.1439285714284,78.72781,4506,5,4506,0.67
867,0.7943,4.97,1,3,0.333,1244.00592,77.36513,4509,3,4509,0.4
868,0.794,13.36,2,3,0.667,1100.1761739130434,68.8854,4512,3,4512,0.36
869,0.7938,48.41,4,10,0.4,1580.1130666666666,64.76477,4522,10,4522,1.22
870,0.7936,30.35,3,6,0.5,1107.8945925925925,66.54746,4528,6,4528,0.8
871,0.7933,-4.13,1,3,0.333,1179.6096086956522,66.58638,4531,3,4531,0.41
872,0.7931,23.95,2,5,0.4,1456.7700434782607,65.25159,4536,5,4536,0.67
873,0.7928,64.86,6,8,0.75,1370.8750689655174,76.19115,4544,8,4544,1.06
874,0.7926,53.86,4,9,0.444,1674.7609999999997,61.87355,4553,9,4553,1.17
875,0.7924,2.49,1,2,0.5,1505.08005,62.432,4555,2,4555,0.26
876,0.7921,12.26,1,5,0.2,1085.0108500000001,62.76633,4560,5,4560,0.68
877,0.7919,29.83,1,5,0.2,1454.5625,75.47009,4565,5,4565,0.66
878,0.7917,55.98,3,7,0.429,1283.3740833333334,68.95702,4572,7,4572,0.93
879,0.7914,22.11,2,7,0.286,1129.7088888888889,69.05421,4579,7,4579,0.92
880,0.7912,17.27,2,7,0.286,1273.8248571428571,68.98921,4586,7,4586,0.92
881,0.7909,50.87,4,7,0.571,1893.3528333333336,62.08785,4593,7,4593,0.94
882,0.7907,56.55,4,6,0.667,1177.0740740740741,62.79635,4599,6,4599,0.79
883,0.7905,19.22,2,4,0.5,1091.7079166666665,67.96057,4603,4,4603,0.54
884,0.7902,2.2,0,4,0.0,1323.125,66.91075,4607,4,4607,0.51
885,0.79,27.45,2,3,0.667,1061.4282727272728,77.51007,4610,3,4610,0.4
886,0.7898,78.63,3,3,1.0,1416.7793333333332,59.10803,4613,3,4613,0.38
887,0.7895,50.87,5,6,0.833,1360.8349615384616,65.86652,4619,6,4619,0.67
888,0.7893,2.29,1,2,0.5,1868.1988636363637,69.7971,4621,2,4621,0.27
889,0.789,12.36,2,3,0.667,1148.1688260869566,76.78324,4624,3,4624,0.4
890,0.7888,22.25,1,5,0.2,1125.0095999999999,66.42876,4629,5,4629,0.66
891,0.7886,23.99,3,5,0.6,1360.0,85.03941,4634,5,4634,0.6
892,0.7883,82.5,5,10,0.5,1858.514611111111,61.60215,4644,10,4644,1.24
893,0.7881,33.62,3,10,0.3,1350.1123333333333,73.64188,4654,10,4654,1.26
894,0.7879,12.25,2,3,0.667,1109.972125,86.71615,4657,3,4657,0.37
895,0.7876,3.61,1,5,0.2,1517.504153846154,76.65711,4662,5,4662,0.62
896,0.7874,7.55,0,5,0.0,1580.0,78.31843,4667,5,4667,0.64
897,0.7871,27.84,4,7,0.571,1482.99475,75.24117,4674,7,4674,0.85
898,0.7869,34.1,3,4,0.75,1418.206181818182,74.48235,4678,4,4678,0.51
899,0.7867,10.59,1,4,0.25,1095.8350833333334,64.87176,4682,4,4682,0.5
900,0.7864,35.38,3,5,0.6,1641.7004583333335,70.38029,4687,5,4687,0.57
901,0.7862,9.4,1,5,0.2,1300.0,68.67609,4692,5,4692,0.58
902,0.786,-4.42,1,3,0.333,1095.484181818182,71.39427,4695,3,4695,0.35
903,0.7857,22.61,2,4,0.5,1064.08472,74.95207,4699,4,4699,0.48
904,0.7855,24.87,2,6,0.333,1421.8303478260868,75.95133,4705,6,4705,0.71
905,0.7852,2.02,1,7,0.143,1328.3352,77.6473,4712,7,4712,0.85
906,0.785,52.71,3,7,0.429,1430.8396153846154,67.35615,4719,7,4719,0.89
907,0.7848,-6.88,1,5,0.2,1533.9331304347827,69.17376,4724,5,4724,0.63
908,0.7845,46.75,6,9,0.667,1882.0476944444445,70.79749,4733,9,4733,1.15
909,0.7843,34.69,1,3,0.333,1375.0141500000002,69.23022,4736,3,4736,0.38
910,0.7841,23.34,2,4,0.5,1075.028076923077,80.16999,4740,4,4740,0.53
911,0.7838,31.34,2,5,0.4,1031.3173749999999,62.4189,4745,5,4745,0.6
912,0.7836,8.83,2,3,0.667,1310.0,72.53929,4748,3,4748,0.36
913,0.7833,25.35,2,6,0.333,1600.027875,71.10918,4754,6,4754,0.76
914,0.7831,38.4,2,4,0.5,1488.0037599999998,87.76942,4758,4,4758,0.51
915,0.7829,54.79,5,11,0.455,1655.9727941176473,72.20459,4769,11,4769,1.42
916,0.7826,4.03,3,6,0.5,1230.0992592592593,62.38155,4775,6,4775,0.74
917,0.7824,25.75,3,6,0.5,1570.3525925925928,80.65312,4781,6,4781,0.77
918,0.7822,-10.65,0,3,0.0,1530.0,59.24069,4784,3,4784,0.4
919,0.7819,12.76,1,3,0.333,1200.1743000000001,69.49223,4787,3,4787,0.38
920,0.7817,21.41,1,1,1.0,1270.0855,78.81062,4788,1,4788,0.13
921,0.7814,30.03,3,7,0.429,1200.0411851851852,68.5227,4795,7,4795,0.85
922,0.7812,12.0,2,4,0.5,1134.840347826087,72.61467,4799,4,4799,0.5
923,0.781,4.19,2,7,0.286,1106.990275862069,70.33455,4806,7,4806,0.9
924,0.7807,28.39,2,4,0.5,1205.8977083333332,67.05768,4810,4,4810,0.47
925,0.7805,40.91,4,7,0.571,1734.494620689655,62.61959,4817,7,4817,0.92
926,0.7803,6.07,1,3,0.333,1295.0037,64.32288,4820,3,4820,0.39
927,0.78,35.52,3,4,0.75,1665.3626956521741,77.99651,4824,4,4824,0.52
928,0.7798,24.2,2,5,0.4,1282.6306086956522,73.0214,4829,5,4829,0.65
929,0.7795,27.19,2,5,0.4,1455.0315416666665,63.2856,4834,5,4834,0.63
930,0.7793,21.65,2,5,0.4,1729.6671851851852,82.34535,4839,5,4839,0.63
931,0.7791,12.83,1,3,0.333,1570.13825,78.3729,4842,3,4842,0.38
932,0.7788,52.75,3,6,0.5,1572.459307692308,85.01012,4848,6,4848,0.76
933,0.7786,21.5,3,6,0.5,1422.2322222222224,74.03708,4854,6,4854,0.72
934,0.7784,12.22,1,3,0.333,1479.5454545454545,72.53843,4857,3,4857,0.38
935,0.7781,35.58,2,3,0.667,1217.419304347826,70.02747,4860,3,4860,0.37
936,0.7779,11.24,2,4,0.5,1552.2315652173913,64.73118,4864,4,4864,0.52
937,0.7776,22.6,1,6,0.167,1268.02304,64.52947,4870,6,4870,0.78
938,0.7774,42.75,4,8,0.5,1743.00675,70.37028,4878,8,4878,1.0
939,0.7772,22.53,2,5,0.4,1028.07608,73.77178,4883,5,4883,0.63
940,0.7769,38.01,2,5,0.4,1261.551923076923,62.51028,4888,5,4888,0.65
941,0.7767,11.47,1,4,0.25,1295.4607272727274,83.42138,4892,4,4892,0.45
942,0.7765,7.19,2,6,0.333,1330.8187692307692,60.72925,4898,6,4898,0.73
943,0.7762,7.56,2,6,0.333,1224.3700000000001,63.93085,4904,6,4904,0.77
944,0.776,4.43,2,4,0.5,1669.5659999999998,66.81769,4908,4,4908,0.43
945,0.7757,21.59,3,6,0.5,1362.1697307692307,84.8054,4914,6,4914,0.74
946,0.7755,73.74,5,8,0.625,1429.6853703703703,68.25003,4922,8,4922,1.05
947,0.7753,32.81,3,6,0.5,1466.749111111111,71.38581,4928,6,4928,0.74
948,0.775,58.26,4,5,0.8,1295.9920416666666,88.34796,4933,5,4933,0.6
949,0.7748,40.86,4,5,0.8,1366.8197037037037,63.21024,4938,5,4938,0.67
950,0.7746,49.76,4,7,0.571,1099.2997599999999,85.66988,4945,7,4945,0.9
951,0.7743,38.54,2,7,0.286,1130.6361666666667,63.74726,4952,7,4952,0.9
952,0.7741,16.54,1,5,0.2,1220.8378333333333,73.93343,4957,5,4957,0.61
953,0.7738,80.29,5,8,0.625,1266.7207333333333,76.81362,4965,8,4965,1.03
954,0.7736,48.0,3,5,0.6,1225.0408846153846,61.63145,4970,5,4970,0.66
955,0.7734,32.13,4,7,0.571,1387.2648518518517,73.70457,4977,7,4977,0.92
956,0.7731,2.0,0,4,0.0,1062.5,63.42065,4981,4,4981,0.5
957,0.7729,11.49,2,7,0.286,1206.0095999999999,79.27132,4988,7,4988,0.9
958,0.7727,66.05,5,8,0.625,1532.2459285714285,65.53411,4996,8,4996,1.02
959,0.7724,0.41,1,4,0.25,988.7083043478261,77.93428,5000,4,5000,0.5
960,0.7722,29.25,1,5,0.2,1224.00864,77.42572,5005,5,5005,0.67
961,0.7719,32.41,1,5,0.2,1090.009,84.84932,5010,5,5010,0.63
962,0.7717,30.38,4,6,0.667,1828.0178399999998,60.73583,5016,6,5016,0.68
963,0.7715,17.17,4,9,0.444,1596.7046,71.24226,5025,9,5025,1.17
964,0.7712,9.18,2,6,0.333,1611.1337777777778,74.81807,5031,6,5031,0.75
965,0.771,24.26,2,9,0.222,1169.0231379310346,71.52242,5040,9,5040,1.18
966,0.7708,36.42,3,5,0.6,1384.4954166666666,84.45771,5045,5,5045,0.62
967,0.7705,6.68,1,4,0.25,1416.3857,66.0921,5049,4,5049,0.44
968,0.7703,42.94,4,7,0.571,1388.2380740740741,77.19075,5056,7,5056,0.82
969,0.77,48.36,2,5,0.4,1672.18508,65.88106,5061,5,5061,0.64
970,0.7698,13.57,2,3,0.667,1144.7734285714284,58.11787,5064,3,5064,0.39
971,0.7696,80.47,4,5,0.8,1356.3194166666665,59.93234,5069,5,5069,0.65
972,0.7693,30.15,3,3,1.0,1560.996434782609,57.50562,5072,3,5072,0.38
973,0.7691,3.53,2,3,0.667,1388.0,78.84564,5075,3,5075,0.34
974,0.7689,31.86,3,4,0.75,1436.1562,66.21029,5079,4,5079,0.44
975,0.7686,52.26,2,2,1.0,1781.9848636363638,61.29412,5081,2,5081,0.22
976,0.7684,40.81,3,5,0.6,1102.3912083333332,67.66347,5086,5,5086,0.6
977,0.7681,26.8,3,6,0.5,1275.12,65.35043,5092,6,5092,0.79
978,0.7679,30.38,3,5,0.6,1472.3283571428572,77.3219,5097,5,5097,0.66
979,0.7677,17.0,2,5,0.4,1409.84856,74.93088,5102,5,5102,0.62
980,0.7674,39.01,3,8,0.375,1496.0749999999998,76.01755,5110,8,5110,1.05
981,0.7672,-5.81,1,3,0.333,1037.1756190476192,65.54735,5113,3,5113,0.37
982,0.767,20.61,3,5,0.6,1130.846,72.40907,5118,5,5118,0.59
983,0.7667,45.03,3,6,0.5,1336.2133478260869,70.39147,5124,6,5124,0.75
984,0.7665,17.26,1,4,0.25,1317.4006086956522,70.98822,5128,4,5128,0.51
985,0.7662,31.4,3,6,0.5,1619.7925652173913,63.76915,5134,6,5134,0.72
986,0.766,27.86,3,6,0.5,1490.6248076923075,82.34617,5140,6,5140,0.77
987,0.7658,47.13,3,6,0.5,1444.1358928571428,70.07277,5146,6,5146,0.71
988,0.7655,45.74,3,4,0.75,1517.421043478261,66.06373,5150,4,5150,0.46
989,0.7653,46.75,2,4,0.5,1330.5209130434782,67.9628,5154,4,5154,0.48
990,0.7651,29.97,4,6,0.667,1438.8669629629628,72.6407,5160,6,5160,0.76
991,0.7648,62.32,5,6,0.833,1707.488185185185,60.91279,5166,6,5166,0.77
992,0.7646,64.14,6,6,1.0,1614.4608214285715,72.66018,5172,6,5172,0.73
993,0.7643,28.05,3,6,0.5,1236.103392857143,66.67884,5178,6,5178,0.74
994,0.7641,1.31,0,7,0.0,1475.0,63.30473,5185,7,5185,0.79
995,0.7639,43.02,3,6,0.5,1883.0196551724139,64.93973,5191,6,5191,0.74
996,0.7636,19.02,2,5,0.4,1466.6934814814815,72.9273,5196,5,5196,0.64
997,0.7634,15.66,3,6,0.5,1745.2792580645164,69.95495,5202,6,5202,0.76
998,0.7632,27.31,2,5,0.4,1130.13176,73.21606,5207,5,5207,0.63
999,0.7629,45.4,3,7,0.429,1122.936,70.16204,5214,7,5214,0.89
1000,0.7627,19.6,3,7,0.429,1522.2251111111111,57.82815,5221,7,5221,0.89
1001,0.7624,53.47,4,6,0.667,1473.113230769231,66.23859,5227,6,5227,0.68
1002,0.7622,31.26,2,5,0.4,1307.4192962962961,70.25292,5232,5,5232,0.62
1003,0.762,11.78,1,5,0.2,1020.0111999999999,67.11804,5237,5,5237,0.63
1004,0.7617,23.08,4,7,0.571,1394.60875,73.31433,5244,7,5244,0.91
1005,0.7615,2.74,2,6,0.333,1164.1965185185184,63.04462,5250,6,5250,0.75
1006,0.7613,37.0,4,5,0.8,1680.8102307692307,66.54088,5255,5,5255,0.64
1007,0.761,13.49,1,4,0.25,1031.10885,74.78853,5259,4,5259,0.5
1008,0.7608,35.94,2,5,0.4,1350.0912307692308,85.53511,5264,5,5264,0.66
1009,0.7605,41.74,4,8,0.5,1512.55315625,63.96132,5272,8,5272,0.99
1010,0.7603,11.88,2,3,0.667,1569.8125833333334,55.47199,5275,3,5275,0.39
1011,0.7601,24.46,3,8,0.375,1667.9076071428572,69.85117,5283,8,5283,0.99
1012,0.7598,38.82,3,5,0.6,1417.4759130434782,68.29809,5288,5,5288,0.62
1013,0.7596,49.95,4,6,0.667,1428.3070434782608,61.52026,5294,6,5294,0.8
1014,0.7594,-2.82,1,5,0.2,1448.00112,68.65407,5299,5,5299,0.66
1015,0.7591,-2.58,1,4,0.25,1075.6988636363637,65.78683,5303,4,5303,0.51
1016,0.7589,16.52,2,9,0.222,1216.5440740740742,71.7613,5312,9,5312,1.16
1017,0.7586,66.37,5,9,0.556,1666.7755757575758,73.24007,5321,9,5321,1.16
1018,0.7584,40.67,3,4,0.75,1470.9740000000002,67.42472,5325,4,5325,0.5
1019,0.7582,38.95,2,5,0.4,1218.7105833333333,68.27869,5330,5,5330,0.66
1020,0.7579,34.17,4,5,0.8,1217.581875,65.3341,5335,5,5335,0.63
1021,0.7577,41.02,3,4,0.75,1080.1208,69.36881,5339,4,5339,0.5
1022,0.7575,20.05,1,7,0.143,1147.8461739130435,80.29609,5346,7,5346,0.85
1023,0.7572,58.52,4,7,0.571,1396.3511851851854,70.95769,5353,7,5353,0.89
1024,0.757,-4.16,1,2,0.5,1023.2080000000001,62.66021,5355,2,5355,0.26
1025,0.7567,78.68,5,7,0.714,1335.1511785714288,68.06096,5362,7,5362,0.91
1026,0.7565,27.82,4,6,0.667,1459.956129032258,67.46152,5368,6,5368,0.74
1027,0.7563,35.02,2,4,0.5,1500.078095238095,61.16282,5372,4,5372,0.44
1028,0.756,18.72,1,4,0.25,1299.1801666666668,65.33551,5376,4,5376,0.45
1029,0.7558,41.36,3,7,0.429,1420.208148148148,76.42347,5383,7,5383,0.81
1030,0.7556,6.6,3,5,0.6,1503.8590384615384,60.6211,5388,5,5388,0.66
1031,0.7553,37.42,2,6,0.333,1429.1821666666667,67.84657,5394,6,5394,0.75
1032,0.7551,21.04,1,1,1.0,961.1064,76.8247,5395,1,5395,0.12
1033,0.7548,14.15,4,10,0.4,1862.8983714285716,69.103,5405,10,5405,1.25
1034,0.7546,28.94,3,4,0.75,1458.0011739130437,81.83097,5409,4,5409,0.51
1035,0.7544,30.46,5,7,0.714,1580.7826923076923,62.57391,5416,7,5416,0.81
1036,0.7541,32.82,2,5,0.4,1556.5378695652173,73.67688,5421,5,5421,0.56
1037,0.7539,36.56,2,6,0.333,1427.014153846154,68.11591,5427,6,5427,0.67
1038,0.7537,6.34,1,4,0.25,1396.00396,67.71477,5431,4,5431,0.45
1039,0.7534,55.43,4,9,0.444,1299.7951538461539,63.28404,5440,9,5440,1.14
1040,0.7532,41.57,4,5,0.8,1077.322818181818,67.37991,5445,5,5445,0.62
1041,0.7529,46.28,5,6,0.833,1427.6666896551726,78.16801,5451,6,5451,0.71
1042,0.7527,55.55,3,6,0.5,1790.0238666666667,75.66553,5457,6,5457,0.75
1043,0.7525,-10.14,0,7,0.0,1060.0,67.19521,5464,7,5464,0.9
1044,0.7522,21.51,2,3,0.667,1308.4089130434782,71.07656,5467,3,5467,0.35
1045,0.752,49.03,2,2,1.0,1050.082857142857,68.36637,5469,2,5469,0.26
1046,0.7518,84.32,6,6,1.0,1313.6812692307694,60.41085,5475,6,5475,0.74
1047,0.7515,33.16,2,6,0.333,1305.7973076923079,73.629,5481,6,5481,0.79
1048,0.7513,28.05,5,8,0.625,1567.8044516129032,62.93081,5489,8,5489,1.02
1049,0.751,52.67,5,6,0.833,1685.7951428571428,82.71006,5495,6,5495,0.77
1050,0.7508,12.32,0,6,0.0,1397.85,56.8502,5501,6,5501,0.74
1051,0.7506,8.53,2,3,0.667,1042.8979047619048,84.57263,5504,3,5504,0.38
1052,0.7503,44.71,5,8,0.625,1580.8280833333333,66.70329,5512,8,5512,1.0
1053,0.7501,29.41,1,3,0.333,1065.909090909091,67.48847,5515,3,5515,0.39
1054,0.7498,51.26,4,7,0.571,1563.0349259259258,70.50066,5522,7,5522,0.87
1055,0.7496,66.69,3,3,1.0,1134.908347826087,60.41239,5525,3,5525,0.39
1056,0.7494,2.51,0,7,0.0,1092.75,74.44746,5532,7,5532,0.9
1057,0.7491,0.3,1,5,0.2,1387.7365454545454,73.22954,5537,5,5537,0.64
1058,0.7489,15.34,2,4,0.5,1050.049,73.52388,5541,4,5541,0.52
1059,0.7487,16.57,2,3,0.667,1243.5111304347827,55.71983,5544,3,5544,0.38
1060,0.7484,37.98,4,5,0.8,1183.6642307692307,72.6258,5549,5,5549,0.65
1061,0.7482,30.54,2,8,0.25,1038.5103076923076,66.99569,5557,8,5557,0.97
1062,0.7479,15.59,2,7,0.286,1321.828620689655,66.40268,5564,7,5564,0.91
1063,0.7477,10.1,1,4,0.25,1522.2279259259258,70.75954,5568,4,5568,0.51
1064,0.7475,7.69,1,3,0.333,1110.0169,55.71298,5571,3,5571,0.37
1065,0.7472,32.53,3,6,0.5,1474.964423076923,77.69381,5577,6,5577,0.77
1066,0.747,-8.35,1,6,0.167,1400.0064347826087,65.76848,5583,6,5583,0.76
1067,0.7468,34.64,4,9,0.444,1433.4043666666666,67.84456,5592,9,5592,1.14
1068,0.7465,40.87,2,4,0.5,1116.7185833333333,62.244,5596,4,5596,0.53
1069,0.7463,37.35,3,5,0.6,1702.2609130434785,67.12053,5601,5,5601,0.66
1070,0.746,39.68,3,7,0.429,1131.4293076923077,59.35909,5608,7,5608,0.88
1071,0.7458,14.54,3,5,0.6,1183.4479583333334,75.87713,5613,5,5613,0.52
1072,0.7456,42.82,2,3,0.667,1404.857238095238,64.84884,5616,3,5616,0.36
1073,0.7453,59.21,3,5,0.6,1308.09724,84.24414,5621,5,5621,0.63
1074,0.7451,75.33,6,10,0.6,1583.4165333333333,70.77546,5631,10,5631,1.27
1075,0.7449,33.38,2,7,0.286,1152.2270714285714,66.47303,5638,7,5638,0.85
1076,0.7446,-0.3,0,4,0.0,1110.0,58.9248,5642,4,5642,0.51
1077,0.7444,28.74,1,6,0.167,1444.006,58.28385,5648,6,5648,0.77
1078,0.7441,19.7,3,4,0.75,1374.2199166666667,75.09531,5652,4,5652,0.51
1079,0.7439,33.93,4,6,0.667,1427.7860740740741,67.909,5658,6,5658,0.77
1080,0.7437,24.81,2,3,0.667,1359.125909090909,58.33348,5661,3,5661,0.4
1081,0.7434,32.97,3,5,0.6,1700.03408,64.94155,5666,5,5666,0.64
1082,0.7432,27.23,1,7,0.143,1067.4460869565216,59.46865,5673,7,5673,0.86
1083,0.743,3.11,1,5,0.2,1149.2595199999998,70.18054,5678,5,5678,0.63
1084,0.7427,84.6,6,6,1.0,1388.423,78.34149,5684,6,5684,0.77
1085,0.7425,18.43,2,4,0.5,1256.2735,72.55682,5688,4,5688,0.51
1086,0.7422,39.58,2,4,0.5,1165.3654782608696,56.71245,5692,4,5692,0.5
1087,0.742,51.35,3,5,0.6,1067.435043478261,63.44433,5697,5,5697,0.63
1088,0.7418,68.69,6,9,0.667,1593.8374062499997,68.03393,5706,9,5706,1.13
1089,0.7415,10.98,1,3,0.333,1152.60025,61.56947,5709,3,5709,0.39
1090,0.7413,33.07,3,8,0.375,1744.005,69.2761,5717,8,5717,0.97
1091,0.7411,50.73,3,4,0.75,1228.48356,63.68003,5721,4,5721,0.51
1092,0.7408,9.23,2,4,0.5,1125.5835652173912,64.59808,5725,4,5725,0.48
1093,0.7406,17.83,2,4,0.5,1385.8080952380953,67.19921,5729,4,5729,0.51
1094,0.7403,47.92,2,3,0.667,1136.8817727272726,74.28867,5732,3,5732,0.38
1095,0.7401,79.19,5,9,0.556,1226.46436,64.61113,5741,9,5741,1.12
1096,0.7399,9.86,3,6,0.5,1350.42,65.62181,5747,6,5747,0.67
1097,0.7396,31.73,3,8,0.375,1339.0,57.06721,5755,8,5755,0.95
1098,0.7394,50.78,4,9,0.444,1493.157551724138,53.97036,5764,9,5764,1.14
1099,0.7392,6.04,0,7,0.0,1031.0,66.68783,5771,7,5771,0.9
1100,0.7389,31.21,2,4,0.5,1668.0988,64.34905,5775,4,5775,0.5
1101,0.7387,51.32,4,9,0.444,1167.97275,65.73276,5784,9,5784,1.07
1102,0.7384,3.87,0,7,0.0,1135.0,62.32984,5791,7,5791,0.96
1103,0.7382,7.4,0,3,0.0,1037.5,62.61884,5794,3,5794,0.39
1104,0.738,21.34,2,4,0.5,1075.6893913043477,56.60759,5798,4,5798,0.55
1105,0.7377,48.77,3,7,0.429,1710.1779,65.77371,5805,7,5805,0.94
1106,0.7375,43.06,4,7,0.571,1678.6082857142858,65.3605,5812,7,5812,0.91
1107,0.7373,11.02,1,5,0.2,1485.3525217391305,73.32753,5817,5,5817,0.64
1108,0.737,63.78,5,8,0.625,1753.7228928571426,59.01599,5825,8,5825,1.07
1109,0.7368,12.02,2,7,0.286,1443.4854782608695,62.58427,5832,7,5832,0.87
1110,0.7365,11.96,1,8,0.125,1139.2875,68.91636,5840,8,5840,0.95
1111,0.7363,17.75,2,6,0.333,1261.8136923076925,58.1105,5846,6,5846,0.69
1112,0.7361,12.6,0,4,0.0,1219.25,52.85299,5850,4,5850,0.48
1113,0.7358,33.46,3,5,0.6,1491.7693333333336,67.46252,5855,5,5855,0.62
1114,0.7356,33.41,3,4,0.75,1264.828909090909,65.32462,5859,4,5859,0.52
1115,0.7354,41.36,3,4,0.75,1230.896125,61.19301,5863,4,5863,0.5
1116,0.7351,2.08,1,4,0.25,1000.0045,61.51118,5867,4,5867,0.46
1117,0.7349,8.6,1,5,0.2,1537.037037037037,65.59563,5872,5,5872,0.63
1118,0.7346,62.92,4,7,0.571,1639.5377575757575,62.61541,5879,7,5879,0.85
1119,0.7344,42.88,5,7,0.714,1880.745806451613,56.76874,5886,7,5886,0.78
1120,0.7342,9.96,2,4,0.5,1645.8429166666665,58.79661,5890,4,5890,0.53
1121,0.7339,42.64,3,6,0.5,1371.7727826086957,56.47656,5896,6,5896,0.82
1122,0.7337,62.16,5,8,0.625,1592.9816785714288,61.36412,5904,8,5904,1.07
1123,0.7335,51.19,6,10,0.6,1880.0074516129032,61.57103,5914,10,5914,1.2
1124,0.7332,53.56,4,5,0.8,1467.7210000000002,65.28252,5919,5,5919,0.7
1125,0.733,9.33,1,6,0.167,1357.1555238095239,61.48685,5925,6,5925,0.84
1126,0.7327,28.56,3,4,0.75,1177.3044166666666,63.80397,5929,4,5929,0.55
1127,0.7325,-16.05,0,4,0.0,1084.5,57.7122,5933,4,5933,0.54
1128,0.7323,4.85,0,4,0.0,1067.9,60.69535,5937,4,5937,0.53
1129,0.732,39.32,2,6,0.333,1258.7023478260871,64.74722,5943,6,5943,0.83
1130,0.7318,36.14,3,6,0.5,1253.6882142857144,66.66825,5949,6,5949,0.82
1131,0.7316,23.06,2,6,0.333,1316.6892916666666,68.44181,5955,6,5955,0.8
1132,0.7313,-10.9,0,2,0.0,1140.0,66.18841,5957,2,5957,0.27
1133,0.7311,45.43,2,4,0.5,1313.0557391304349,68.18893,5961,4,5961,0.53
1134,0.7308,0.11,1,4,0.25,1535.4269583333335,77.93695,5965,4,5965,0.53
1135,0.7306,59.86,4,5,0.8,1329.3011666666669,68.17444,5970,5,5970,0.68
1136,0.7304,26.04,2,4,0.5,1563.6412727272727,53.59788,5974,4,5974,0.54
1137,0.7301,19.28,3,7,0.429,1826.8501071428568,66.94843,5981,7,5981,0.93
1138,0.7299,38.0,3,4,0.75,1343.8355,59.77898,5985,4,5985,0.53
1139,0.7297,21.38,1,3,0.333,1220.5692,74.03579,5988,3,5988,0.36
1140,0.7294,2.52,3,8,0.375,1340.0,62.14811,5996,8,5996,0.99
1141,0.7292,20.0,1,7,0.143,1091.3065217391304,57.70537,6003,7,6003,0.92
1142,0.7289,15.61,2,4,0.5,1337.5061666666668,69.73585,6007,4,6007,0.5
1143,0.7287,27.6,2,5,0.4,1113.5677692307693,56.10243,6012,5,6012,0.64
1144,0.7285,28.44,3,5,0.6,1173.1905384615384,64.53844,6017,5,6017,0.65
1145,0.7282,4.76,1,3,0.333,1181.8271818181818,55.26291,6020,3,6020,0.43
1146,0.728,63.68,4,6,0.667,1075.2997083333332,67.33261,6026,6,6026,0.81
1147,0.7278,9.66,2,4,0.5,1452.7249599999998,65.82335,6030,4,6030,0.53
1148,0.7275,1.33,2,3,0.667,1134.8535454545454,58.63341,6033,3,6033,0.39
1149,0.7273,22.87,2,7,0.286,1576.9342692307691,56.78735,6040,7,6040,0.83
1150,0.727,54.72,4,6,0.667,1509.720230769231,50.50108,6046,6,6046,0.7
1151,0.7268,47.12,4,10,0.4,1457.7890000000002,65.43452,6056,10,6056,1.27
1152,0.7266,65.0,5,7,0.714,1896.4944642857142,68.15374,6063,7,6063,0.92
1153,0.7263,51.6,6,9,0.667,1712.52275,66.50702,6072,9,6072,1.06
1154,0.7261,-2.98,1,2,0.5,1280.977,62.36119,6074,2,6074,0.24
1155,0.7259,36.75,4,7,0.571,1421.780068965517,56.72184,6081,7,6081,0.81
1156,0.7256,15.15,2,4,0.5,1513.0529565217391,68.64978,6085,4,6085,0.56
1157,0.7254,1.02,1,7,0.143,1310.7158928571428,60.23861,6092,7,6092,0.96
1158,0.7251,13.34,1,4,0.25,1258.40432,57.04705,6096,4,6096,0.54
1159,0.7249,25.61,4,5,0.8,1600.1056296296297,65.11933,6101,5,6101,0.67
1160,0.7247,33.99,2,5,0.4,1295.5039090909092,56.50761,6106,5,6106,0.7
1161,0.7244,22.57,1,2,0.5,1330.0692,64.18179,6108,2,6108,0.26
1162,0.7242,60.46,4,9,0.444,1214.3605,72.35827,6117,9,6117,1.19
1163,0.724,22.82,1,1,1.0,1321.59745,39.51193,6118,1,6118,0.13
1164,0.7237,12.95,1,4,0.25,1280.9547619047619,67.65396,6122,4,6122,0.55
1165,0.7235,22.41,4,4,1.0,1630.8845384615383,56.54819,6126,4,6126,0.54
1166,0.7232,26.98,3,6,0.5,1576.0172758620688,60.21341,6132,6,6132,0.78
1167,0.723,25.97,1,5,0.2,1008.0061600000001,67.30077,6137,5,6137,0.67
1168,0.7228,-5.21,1,4,0.25,1500.0032173913044,56.55345,6141,4,6141,0.56
1169,0.7225,38.86,3,8,0.375,1279.7895625,70.18867,6149,8,6149,1.07
1170,0.7223,15.11,1,4,0.25,1118.6363636363637,60.69934,6153,4,6153,0.56
1171,0.7221,45.95,3,4,0.75,1169.613304347826,72.91846,6157,4,6157,0.52
1172,0.7218,44.83,2,4,0.5,927.9105909090908,55.23235,6161,4,6161,0.51
1173,0.7216,48.25,4,7,0.571,1260.1053076923076,65.28902,6168,7,6168,0.9
1174,0.7213,67.35,4,6,0.667,1479.2319166666668,61.53664,6174,6,6174,0.84
1175,0.7211,4.89,1,2,0.5,1255.5692,71.43327,6176,2,6176,0.28
1176,0.7209,27.09,2,5,0.4,1258.4175,52.48024,6181,5,6181,0.7
1177,0.7206,46.8,3,5,0.6,1703.7283333333335,59.9335,6186,5,6186,0.67
1178,0.7204,-0.66,0,8,0.0,1220.0,77.5898,6194,8,6194,1.07
1179,0.7202,16.36,1,4,0.25,1270.8629166666667,73.53707,6198,4,6198,0.53
1180,0.7199,3.36,1,4,0.25,1296.01232,71.20305,6202,4,6202,0.46
1181,0.7197,6.2,2,5,0.4,1155.573925925926,69.53719,6207,5,6207,0.69
1182,0.7194,23.04,2,6,0.333,1399.423,69.66603,6213,6,6213,0.71
1183,0.7192,73.76,6,7,0.857,1419.3786153846154,61.90098,6220,7,6220,0.95
1184,0.719,4.77,1,4,0.25,1096.8327199999999,55.5372,6224,4,6224,0.47
1185,0.7187,18.93,1,4,0.25,1370.0,54.02677,6228,4,6228,0.52
1186,0.7185,90.79,5,6,0.833,1402.067,48.88621,6234,6,6234,0.83
1187,0.7183,7.62,2,3,0.667,1380.8372499999998,58.40709,6237,3,6237,0.42
1188,0.718,44.42,3,6,0.5,1082.1521071428572,73.48815,6243,6,6243,0.81
1189,0.7178,8.8,1,7,0.143,1167.0018,63.23949,6250,7,6250,0.96
1190,0.7175,45.96,4,6,0.667,1119.3726923076922,69.9687,6256,6,6256,0.81
1191,0.7173,-2.65,1,2,0.5,1315.0,80.41822,6258,2,6258,0.25
1192,0.7171,14.44,1,3,0.333,1195.657260869565,70.46531,6261,3,6261,0.34
1193,0.7168,16.27,1,5,0.2,1242.5,57.262,6266,5,6266,0.63
1194,0.7166,19.47,1,5,0.2,1159.105409090909,58.90813,6271,5,6271,0.68
1195,0.7164,31.78,2,4,0.5,1408.0120800000002,72.75294,6275,4,6275,0.53
1196,0.7161,58.81,6,9,0.667,1786.2754137931036,66.51791,6284,9,6284,1.23
1197,0.7159,21.15,2,4,0.5,1030.91975,59.93986,6288,4,6288,0.54
1198,0.7156,48.13,3,7,0.429,1627.4521290322582,63.28577,6295,7,6295,0.85
1199,0.7154,35.57,2,5,0.4,1240.0225185185186,66.61462,6300,5,6300,0.65
1200,0.7152,13.63,2,7,0.286,1196.1697307692307,71.36862,6307,7,6307,0.98
1201,0.7149,19.35,2,6,0.333,1496.0341999999998,61.21238,6313,6,6313,0.67
1202,0.7147,51.99,3,4,0.75,1483.4383333333335,80.21332,6317,4,6317,0.5
1203,0.7145,22.14,1,5,0.2,1068.8916296296297,65.24048,6322,5,6322,0.61
1204,0.7142,49.03,4,9,0.444,1639.3289642857142,66.05601,6331,9,6331,1.14
1205,0.714,32.01,4,10,0.4,1878.8217272727272,72.09706,6341,10,6341,1.3
1206,0.7137,16.84,2,7,0.286,1144.5346666666667,55.74553,6348,7,6348,0.9
1207,0.7135,13.09,1,5,0.2,1270.381037037037,58.35344,6353,5,6353,0.64
1208,0.7133,27.55,2,7,0.286,1114.8924827586206,59.77053,6360,7,6360,0.77
1209,0.713,14.41,6,11,0.545,1805.8239714285714,68.93132,6371,11,6371,1.38
1210,0.7128,36.21,4,6,0.667,1452.03424,59.88626,6377,6,6377,0.77
1211,0.7126,55.77,2,3,0.667,1803.8691111111114,65.01373,6380,3,6380,0.34
1212,0.7123,46.74,3,5,0.6,1321.2521600000002,50.75136,6385,5,6385,0.55
1213,0.7121,44.21,3,9,0.333,1390.806576923077,60.04291,6394,9,6394,1.11
1214,0.7118,12.6,1,5,0.2,1355.0,57.03914,6399,5,6399,0.64
1215,0.7116,30.81,3,6,0.5,1466.7117037037037,66.78924,6405,6,6405,0.77
1216,0.7114,32.72,4,9,0.444,1259.2654814814814,65.20791,6414,9,6414,1.14
1217,0.7111,12.92,1,5,0.2,1535.002,66.0038,6419,5,6419,0.64
1218,0.7109,5.38,2,3,0.667,1408.7293043478262,67.49019,6422,3,6422,0.39
1219,0.7107,83.82,5,6,0.833,1337.5762499999998,61.47229,6428,6,6428,0.76
1220,0.7104,0.25,0,7,0.0,1172.5,67.27847,6435,7,6435,0.9
1221,0.7102,47.4,2,3,0.667,1518.1937272727273,60.4511,6438,3,6438,0.4
1222,0.7099,34.51,3,6,0.5,1270.8703333333333,65.6964,6444,6,6444,0.7
1223,0.7097,26.63,1,5,0.2,1211.6755833333334,48.93563,6449,5,6449,0.63
1224,0.7095,30.41,2,7,0.286,1200.0518666666665,65.043,6456,7,6456,0.9
1225,0.7092,37.51,5,11,0.455,1691.260823529412,65.24164,6467,11,6467,1.41
1226,0.709,30.45,3,9,0.333,1793.5871290322582,59.48502,6476,9,6476,0.97
1227,0.7088,14.93,2,6,0.333,1442.2673461538461,73.84179,6482,6,6482,0.73
1228,0.7085,42.03,2,3,0.667,1280.4449565217392,57.79936,6485,3,6485,0.37
1229,0.7083,54.64,4,9,0.444,1493.349576923077,75.34284,6494,9,6494,1.11
1230,0.708,12.97,2,4,0.5,1147.3910769230768,59.86511,6498,4,6498,0.51
1231,0.7078,22.93,2,5,0.4,1394.249,60.66474,6503,5,6503,0.62
1232,0.7076,1.59,0,6,0.0,1080.0,57.7203,6509,6,6509,0.72
1233,0.7073,45.99,8,9,0.889,1809.2323333333334,58.19281,6518,9,6518,1.14
1234,0.7071,0.54,2,3,0.667,1157.1591428571428,61.38662,6521,3,6521,0.33
1235,0.7069,31.26,6,10,0.6,1875.056944444444,58.44814,6531,10,6531,1.25
1236,0.7066,27.28,3,6,0.5,1188.5452307692308,70.66128,6537,6,6537,0.75
1237,0.7064,17.24,2,6,0.333,1512.173,57.06914,6543,6,6543,0.79
1238,0.7061,11.26,2,7,0.286,1562.3808,78.07871,6550,7,6550,0.88
1239,0.7059,53.75,3,7,0.429,1194.0207916666666,57.83102,6557,7,6557,0.9
1240,0.7057,18.95,1,4,0.25,1150.1548500000001,49.15533,6561,4,6561,0.51
1241,0.7054,20.44,2,6,0.333,1197.7995,65.84029,6567,6,6567,0.77
1242,0.7052,34.74,3,8,0.375,1180.4507857142858,71.91555,6575,8,6575,0.98
1243,0.705,85.03,6,8,0.75,1252.0133333333333,59.06345,6583,8,6583,1.04
1244,0.7047,25.39,2,4,0.5,1252.00496,57.73651,6587,4,6587,0.5
1245,0.7045,11.55,2,9,0.222,1304.3444642857141,68.08639,6596,9,6596,1.16
1246,0.7042,34.49,2,4,0.5,1261.9254285714287,54.21201,6600,4,6600,0.53
1247,0.704,-1.61,2,4,0.5,1246.4591599999999,59.18052,6604,4,6604,0.52
1248,0.7038,53.18,5,6,0.833,1255.3038695652174,54.26134,6610,6,6610,0.71
1249,0.7035,37.1,2,8,0.25,1752.2093913043477,60.93137,6618,8,6618,0.94
1250,0.7033,17.52,1,5,0.2,1455.0049999999999,56.71076,6623,5,6623,0.58
1251,0.7031,42.63,3,8,0.375,1200.103875,59.9132,6631,8,6631,1.0
1252,0.7028,38.54,2,5,0.4,1194.4457037037037,64.99324,6636,5,6636,0.64
1253,0.7026,24.93,2,6,0.333,1759.44115625,65.08798,6642,6,6642,0.78
1254,0.7023,28.46,2,8,0.25,1320.0382,67.50826,6650,8,6650,1.04
1255,0.7021,36.42,3,6,0.5,1357.1570476190475,72.50186,6656,6,6656,0.77
1256,0.7019,-10.7,0,4,0.0,1341.6,60.70231,6660,4,6660,0.51
1257,0.7016,19.58,1,1,1.0,1400.11635,54.38003,6661,1,6661,0.13
1258,0.7014,71.02,6,10,0.6,1165.5986896551724,67.0305,6671,10,6671,1.19
1259,0.7012,61.07,6,10,0.6,1415.7021562500001,64.2531,6681,10,6681,1.18
1260,0.7009,10.75,0,4,0.0,1255.0,74.92472,6685,4,6685,0.49
1261,0.7007,-10.95,0,2,0.0,997.5,65.93157,6687,2,6687,0.26
1262,0.7004,53.21,6,6,1.0,1889.3476785714286,64.57866,6693,6,6693,0.73
1263,0.7002,37.93,3,6,0.5,1604.1820416666667,60.51781,6699,6,6699,0.74
1264,0.7,19.53,2,4,0.5,1432.0021600000002,59.85822,6703,4,6703,0.52
1265,0.6997,32.43,3,4,0.75,1116.0192692307694,49.05356,6707,4,6707,0.52
1266,0.6995,19.84,2,6,0.333,1572.85472,65.953,6713,6,6713,0.79
1267,0.6992,54.47,4,6,0.667,1430.8122307692308,62.29412,6719,6,6719,0.76
1268,0.699,5.69,1,4,0.25,1386.9632173913044,63.41113,6723,4,6723,0.52
1269,0.6988,26.3,2,6,0.333,1358.0044,62.06501,6729,6,6729,0.78
1270,0.6985,64.72,5,6,0.833,1534.0735185185185,60.34693,6735,6,6735,0.73
1271,0.6983,10.29,1,8,0.125,1198.0,61.41049,6743,8,6743,0.94
1272,0.6981,43.12,3,8,0.375,1423.3733333333334,72.71864,6751,8,6751,0.99
1273,0.6978,18.57,3,4,0.75,1535.4158888888885,60.67291,6755,4,6755,0.51
1274,0.6976,38.51,2,4,0.5,1356.2810416666669,51.95504,6759,4,6759,0.46
1275,0.6973,23.13,1,1,1.0,1480.17805,42.83949,6760,1,6760,0.11
1276,0.6971,5.01,1,4,0.25,1247.6487142857143,59.25656,6764,4,6764,0.47
1277,0.6969,3.77,1,3,0.333,1321.0247272727274,63.58134,6767,3,6767,0.39
1278,0.6966,30.65,2,7,0.286,1647.8036666666667,73.70721,6774,7,6774,0.88
1279,0.6964,24.05,1,5,0.2,1033.0668695652173,64.26139,6779,5,6779,0.62
1280,0.6962,-2.59,1,5,0.2,1350.0189090909091,61.76201,6784,5,6784,0.65
1281,0.6959,38.51,4,9,0.444,1414.3032121212123,61.38458,6793,9,6793,1.1
1282,0.6957,28.88,2,4,0.5,1448.1284166666667,72.46183,6797,4,6797,0.47
1283,0.6954,58.23,3,6,0.5,1677.0003076923078,62.86559,6803,6,6803,0.77
1284,0.6952,37.48,5,10,0.5,1599.088814814815,66.43238,6813,10,6813,1.16
1285,0.695,34.94,2,6,0.333,1177.43552,73.69395,6819,6,6819,0.71
1286,0.6947,16.96,1,3,0.333,1176.192857142857,65.95149,6822,3,6822,0.4
1287,0.6945,37.92,4,6,0.667,1850.0277333333331,64.9992,6828,6,6828,0.76
1288,0.6943,41.9,2,6,0.333,1270.4938260869565,60.63678,6834,6,6834,0.76
1289,0.694,54.94,3,4,0.75,1445.7549565217391,57.60257,6838,4,6838,0.51
1290,0.6938,10.66,1,4,0.25,1096.0,49.85002,6842,4,6842,0.52
1291,0.6935,-4.65,0,4,0.0,915.0,66.56568,6846,4,6846,0.5
1292,0.6933,107.96,7,9,0.778,1453.4518333333333,53.76288,6855,9,6855,1.08
1293,0.6931,24.59,2,6,0.333,1410.2639166666668,67.85433,6861,6,6861,0.78
1294,0.6928,10.81,1,7,0.143,1350.0098181818182,54.93693,6868,7,6868,0.87
1295,0.6926,38.12,3,4,0.75,1028.18344,59.77251,6872,4,6872,0.46
1296,0.6924,32.94,3,3,1.0,1385.1795833333333,52.83001,6875,3,6875,0.32
1297,0.6921,-0.46,1,3,0.333,1167.7295454545454,59.01982,6878,3,6878,0.33
1298,0.6919,15.75,1,7,0.143,1291.6669166666668,65.85639,6885,7,6885,0.8
1299,0.6916,19.51,1,3,0.333,1560.01545,48.06484,6888,3,6888,0.39
1300,0.6914,37.67,3,5,0.6,1040.06448,66.25192,6893,5,6893,0.63
1301,0.6912,42.82,3,5,0.6,1545.9763333333333,72.29651,6898,5,6898,0.55
1302,0.6909,30.9,3,6,0.5,1474.0424400000002,57.35384,6904,6,6904,0.69
1303,0.6907,75.24,4,5,0.8,1640.3899629629634,67.71238,6909,5,6909,0.63
1304,0.6905,-0.04,0,6,0.0,1427.5,64.01276,6915,6,6915,0.71
1305,0.6902,53.8,2,2,1.0,1159.1155714285715,69.23188,6917,2,6917,0.25
1306,0.69,30.85,2,4,0.5,1203.0,74.61438,6921,4,6921,0.51
1307,0.6897,21.72,2,8,0.25,1339.4241851851853,58.14766,6929,8,6929,1.04
1308,0.6895,2.09,1,4,0.25,1243.4886521739131,61.24103,6933,4,6933,0.54
1309,0.6893,66.66,5,8,0.625,1591.7293666666667,75.96579,6941,8,6941,1.01
1310,0.689,36.28,5,7,0.714,1295.1220666666666,57.2932,6948,7,6948,0.89
1311,0.6888,16.32,1,5,0.2,1069.3791666666666,59.6334,6953,5,6953,0.6
1312,0.6886,84.42,5,6,0.833,1215.5199615384615,67.68648,6959,6,6959,0.72
1313,0.6883,86.34,6,10,0.6,1393.7309032258065,59.6389,6969,10,6969,1.29
1314,0.6881,62.78,4,7,0.571,1424.6204838709677,57.75105,6976,7,6976,0.83
1315,0.6878,44.08,3,7,0.429,1664.301857142857,63.71343,6983,7,6983,0.88
1316,0.6876,37.01,5,6,0.833,1763.3531666666665,58.46268,6989,6,6989,0.67
1317,0.6874,-2.68,2,6,0.333,1419.3008461538461,64.91559,6995,6,6995,0.76
1318,0.6871,39.65,2,4,0.5,1250.1289565217392,74.7664,6999,4,6999,0.52
1319,0.6869,4.9,0,4,0.0,1057.5,52.85261,7003,4,7003,0.52
1320,0.6867,31.95,2,3,0.667,1295.7174545454545,56.36909,7006,3,7006,0.36
1321,0.6864,23.44,3,5,0.6,1168.3217307692307,53.52438,7011,5,7011,0.6
1322,0.6862,15.33,2,7,0.286,1248.0908076923076,65.78182,7018,7,7018,0.85
1323,0.6859,10.77,1,4,0.25,1108.03456,61.71702,7022,4,7022,0.55
1324,0.6857,35.1,4,9,0.444,1414.9718275862072,60.83755,7031,9,7031,1.14
1325,0.6855,31.25,2,6,0.333,1334.9601739130435,55.05822,7037,6,7037,0.73
1326,0.6852,73.42,5,10,0.5,1293.1522068965517,65.65322,7047,10,7047,1.22
1327,0.685,25.63,2,5,0.4,1446.1728846153844,56.63094,7052,5,7052,0.6
1328,0.6848,50.55,5,6,0.833,1411.2520000000002,74.27026,7058,6,7058,0.68
1329,0.6845,38.06,4,5,0.8,1448.0819199999999,64.07219,7063,5,7063,0.56
1330,0.6843,81.42,6,11,0.545,1518.3251515151514,57.53161,7074,11,7074,1.25
1331,0.684,32.2,3,8,0.375,1379.795846153846,61.73565,7082,8,7082,0.96
1332,0.6838,70.02,4,5,0.8,1438.6286153846154,52.14166,7087,5,7087,0.56
1333,0.6836,50.5,5,7,0.714,1692.645111111111,57.67367,7094,7,7094,0.91
1334,0.6833,44.59,5,7,0.714,1880.0931666666665,65.99616,7101,7,7101,0.88
1335,0.6831,37.01,4,4,1.0,1218.4481739130435,62.70145,7105,4,7105,0.49
1336,0.6829,62.51,7,9,0.778,1520.5023703703703,61.07143,7114,9,7114,1.11
1337,0.6826,20.46,3,8,0.375,1611.1534814814815,56.75022,7122,8,7122,1.0
1338,0.6824,45.94,3,5,0.6,1853.9852307692308,59.81103,7127,5,7127,0.64
1339,0.6821,53.47,3,7,0.429,1413.8495,60.92299,7134,7,7134,0.9
1340,0.6819,32.5,2,8,0.25,1075.5713846153847,55.93313,7142,8,7142,1.04
1341,0.6817,86.18,4,4,1.0,1187.7401666666667,54.75817,7146,4,7146,0.52
1342,0.6814,21.36,4,9,0.444,1640.669375,55.11318,7155,9,7155,1.09
1343,0.6812,38.72,2,5,0.4,1588.0558095238096,69.96924,7160,5,7160,0.65
1344,0.681,39.42,4,5,0.8,1145.01008,53.75358,7165,5,7165,0.64
1345,0.6807,29.69,2,5,0.4,1260.7960869565215,63.0645,7170,5,7170,0.65
1346,0.6805,33.75,1,4,0.25,1277.7916666666667,55.83977,7174,4,7174,0.5
1347,0.6802,48.19,4,6,0.667,1133.1084,64.05066,7180,6,7180,0.78
1348,0.68,26.21,3,5,0.6,1368.03456,56.30139,7185,5,7185,0.64
1349,0.6798,49.73,3,3,1.0,1237.6531666666667,57.93506,7188,3,7188,0.39
1350,0.6795,61.04,3,3,1.0,1241.7922500000002,58.40998,7191,3,7191,0.39
1351,0.6793,26.35,2,5,0.4,1284.794153846154,69.11471,7196,5,7196,0.66
1352,0.6791,59.21,3,6,0.5,1312.8306,58.88871,7202,6,7202,0.73
1353,0.6788,38.61,2,6,0.333,1159.134909090909,58.86146,7208,6,7208,0.75
1354,0.6786,5.35,0,5,0.0,1160.0,66.70023,7213,5,7213,0.64
1355,0.6783,50.39,2,3,0.667,1891.5400869565217,61.84542,7216,3,7216,0.39
1356,0.6781,13.17,1,4,0.25,1366.6770476190477,73.25658,7220,4,7220,0.53
1357,0.6779,3.05,2,2,1.0,1272.9112272727273,59.8541,7222,2,7222,0.25
1358,0.6776,38.73,2,5,0.4,1327.2934545454546,72.9882,7227,5,7227,0.65
1359,0.6774,15.34,1,3,0.333,1044.01885,56.49405,7230,3,7230,0.32
1360,0.6772,-5.2,0,3,0.0,1165.0,65.76976,7233,3,7233,0.34
1361,0.6769,38.05,3,8,0.375,1275.0304615384616,58.78616,7241,8,7241,1.03
1362,0.6767,45.43,2,4,0.5,1402.01028,63.51383,7245,4,7245,0.49
1363,0.6764,28.05,3,7,0.429,1157.7635384615385,66.27179,7252,7,7252,0.9
1364,0.6762,10.15,1,7,0.143,1184.103,63.25157,7259,7,7259,0.88
1365,0.676,20.55,3,4,0.75,1249.9435833333334,72.7247,7263,4,7263,0.51
1366,0.6757,31.23,3,6,0.5,1288.11832,56.43809,7269,6,7269,0.74
1367,0.6755,50.87,3,3,1.0,1233.5435,67.9288,7272,3,7272,0.37
1368,0.6753,36.69,1,4,0.25,1096.01264,56.67614,7276,4,7276,0.53
1369,0.675,85.01,5,6,0.833,1535.7796071428572,64.04879,7282,6,7282,0.77
1370,0.6748,3.26,1,6,0.167,1106.02312,74.19455,7288,6,7288,0.77
1371,0.6745,-3.12,2,4,0.5,1212.353304347826,65.7261,7292,4,7292,0.52
1372,0.6743,56.24,4,9,0.444,1476.9796923076924,66.14664,7301,9,7301,1.1
1373,0.6741,35.76,3,7,0.429,1427.8276296296299,66.72667,7308,7,7308,0.9
1374,0.6738,62.29,5,8,0.625,1672.021264705882,75.35067,7316,8,7316,1.03
1375,0.6736,7.26,2,2,1.0,1473.0745909090908,56.3058,7318,2,7318,0.25
1376,0.6734,61.86,4,4,1.0,1124.0566956521739,66.33219,7322,4,7322,0.53
1377,0.6731,50.02,3,7,0.429,1486.6851333333334,63.71866,7329,7,7329,0.92
1378,0.6729,77.32,5,6,0.833,1287.5868333333333,60.79499,7335,6,7335,0.78
1379,0.6726,35.35,3,5,0.6,1075.1812692307692,63.22234,7340,5,7340,0.67
1380,0.6724,25.17,2,4,0.5,1266.6996666666666,81.00951,7344,4,7344,0.51
1381,0.6722,49.56,6,9,0.667,1892.4408461538462,68.3881,7353,9,7353,1.11
1382,0.6719,33.44,2,7,0.286,1148.05328,65.36048,7360,7,7360,0.89
1383,0.6717,58.95,3,8,0.375,1108.821739130435,60.58234,7368,8,7368,1.05
1384,0.6715,33.15,2,5,0.4,1296.6441538461538,57.28246,7373,5,7373,0.63
1385,0.6712,54.99,3,4,0.75,1087.1280869565217,76.21034,7377,4,7377,0.5
1386,0.671,45.55,3,6,0.5,1427.3419545454547,61.91139,7383,6,7383,0.76
1387,0.6707,47.98,4,5,0.8,1357.3138800000002,82.31319,7388,5,7388,0.63
1388,0.6705,52.76,4,7,0.571,1887.2019999999998,69.01043,7395,7,7395,0.91
1389,0.6703,37.03,3,5,0.6,1155.8062307692308,71.42602,7400,5,7400,0.65
1390,0.67,23.99,2,4,0.5,1147.6611428571427,69.19786,7404,4,7404,0.52
1391,0.6698,16.42,1,6,0.167,1410.01545,66.94724,7410,6,7410,0.75
1392,0.6696,11.51,4,10,0.4,1873.5463529411766,62.061,7420,10,7420,1.23
1393,0.6693,66.55,4,7,0.571,1392.9892142857145,76.93573,7427,7,7427,0.92
1394,0.6691,51.03,4,5,0.8,1216.38364,66.6076,7432,5,7432,0.66
1395,0.6688,46.4,4,6,0.667,1493.7069615384617,65.6349,7438,6,7438,0.77
1396,0.6686,42.92,4,7,0.571,1644.944344827586,63.62484,7445,7,7445,0.91
1397,0.6684,56.03,4,8,0.5,1489.0705185185186,61.38741,7453,8,7453,1.01
1398,0.6681,37.11,4,5,0.8,1436.0583199999999,65.54419,7458,5,7458,0.64
1399,0.6679,74.18,4,4,1.0,1127.341181818182,58.02652,7462,4,7462,0.51
1400,0.6677,39.73,3,4,0.75,1604.412956521739,63.73042,7466,4,7466,0.41
1401,0.6674,16.69,3,5,0.6,1297.8863043478261,61.39214,7471,5,7471,0.54
1402,0.6672,-2.1,0,3,0.0,1087.5,77.21832,7474,3,7474,0.34
1403,0.6669,6.29,1,3,0.333,1068.0,65.00995,7477,3,7477,0.4
1404,0.6667,13.28,1,4,0.25,1420.00108,56.29381,7481,4,7481,0.52
1405,0.6665,35.56,2,5,0.4,1357.63216,71.8015,7486,5,7486,0.64
1406,0.6662,16.7,2,4,0.5,1370.8353333333334,67.62941,7490,4,7490,0.49
1407,0.666,74.03,5,6,0.833,1520.5206923076923,59.27095,7496,6,7496,0.78
1408,0.6658,74.48,5,7,0.714,1880.5222142857144,69.93894,7503,7,7503,0.91
1409,0.6655,56.74,5,6,0.833,1393.685258064516,67.16693,7509,6,7509,0.76
1410,0.6653,44.86,3,8,0.375,1200.7072,68.23432,7517,8,7517,1.0
1411,0.665,30.21,2,8,0.25,1018.2582727272728,63.12028,7525,8,7525,0.98
1412,0.6648,29.21,1,4,0.25,1386.9844347826088,75.12036,7529,4,7529,0.51
1413,0.6646,46.3,3,6,0.5,1592.6429629629629,69.44471,7535,6,7535,0.78
1414,0.6643,22.82,2,8,0.25,1543.7858125,66.60653,7543,8,7543,1.04
1415,0.6641,57.74,3,7,0.429,1631.0727586206897,62.18519,7550,7,7550,0.9
1416,0.6639,3.03,1,3,0.333,1269.1666666666667,56.36391,7553,3,7553,0.38
1417,0.6636,25.2,2,7,0.286,1550.81644,59.33182,7560,7,7560,0.88
1418,0.6634,88.72,5,6,0.833,1572.4894827586206,68.36748,7566,6,7566,0.76
1419,0.6631,11.11,1,6,0.167,1200.0310869565217,63.43455,7572,6,7572,0.75
1420,0.6629,28.42,1,3,0.333,1283.3825833333333,62.29497,7575,3,7575,0.38
1421,0.6627,1.65,0,3,0.0,1137.5,58.15612,7578,3,7578,0.38
1422,0.6624,10.13,4,8,0.5,1121.1203870967743,54.90503,7586,8,7586,0.98
1423,0.6622,27.62,2,5,0.4,1135.46375,63.07123,7591,5,7591,0.59
1424,0.662,39.29,2,4,0.5,1208.1771904761904,68.75943,7595,4,7595,0.48
1425,0.6617,45.2,7,8,0.875,1758.1527419354838,64.53089,7603,8,7603,1.03
1426,0.6615,23.56,2,6,0.333,1362.54325,58.96079,7609,6,7609,0.77
1427,0.6612,24.51,1,6,0.167,1610.0,67.64546,7615,6,7615,0.78
1428,0.661,-10.9,0,4,0.0,1300.0,66.05293,7619,4,7619,0.51
1429,0.6608,36.2,3,6,0.5,1462.5584642857143,60.06607,7625,6,7625,0.78
1430,0.6605,70.56,7,11,0.636,1785.8536,65.8562,7636,11,7636,1.38
1431,0.6603,32.42,2,6,0.333,1588.9316296296295,54.1887,7642,6,7642,0.76
1432,0.6601,54.77,3,8,0.375,1531.7959310344827,69.89292,7650,8,7650,0.99
1433,0.6598,17.69,2,5,0.4,1413.0659130434783,55.46123,7655,5,7655,0.66
1434,0.6596,34.57,4,6,0.667,1564.8824444444444,60.90957,7661,6,7661,0.73
1435,0.6593,43.04,4,7,0.571,1244.5271481481482,64.35116,7668,7,7668,0.8
1436,0.6591,49.04,5,7,0.714,1586.2840689655172,60.28336,7675,7,7675,0.9
1437,0.6589,35.72,2,6,0.333,1300.0319285714286,61.98512,7681,6,7681,0.8
1438,0.6586,40.1,3,7,0.429,1750.0465384615386,57.62478,7688,7,7688,0.86
1439,0.6584,15.26,2,7,0.286,1033.4158148148147,60.25014,7695,7,7695,0.82
1440,0.6582,-0.13,1,6,0.167,1341.3825517241378,61.55266,7701,6,7701,0.79
1441,0.6579,32.9,1,4,0.25,1304.2395833333333,48.95763,7705,4,7705,0.52
1442,0.6577,98.28,7,10,0.7,1396.9387741935484,59.20236,7715,10,7715,1.21
1443,0.6574,17.29,3,6,0.5,1256.9645384615385,61.67139,7721,6,7721,0.79
1444,0.6572,53.83,5,6,0.833,1707.4464444444443,60.58467,7727,6,7727,0.66
1445,0.657,-12.4,0,3,0.0,1366.4,49.84426,7730,3,7730,0.32
1446,0.6567,38.74,3,7,0.429,1380.0438800000002,60.39601,7737,7,7737,0.89
1447,0.6565,76.15,5,7,0.714,1555.2954137931035,66.41536,7744,7,7744,0.9
1448,0.6563,62.97,3,7,0.429,1280.0568400000002,61.79823,7751,7,7751,0.89
1449,0.656,17.01,1,7,0.143,1373.3392857142858,60.35752,7758,7,7758,0.9
1450,0.6558,7.38,1,5,0.2,1105.0164615384615,62.36547,7763,5,7763,0.63
1451,0.6555,25.44,2,6,0.333,1154.2392,56.90812,7769,6,7769,0.71
1452,0.6553,41.4,3,5,0.6,1227.3342272727273,57.69588,7774,5,7774,0.59
1453,0.6551,34.91,2,7,0.286,1233.3566666666666,61.2663,7781,7,7781,0.87
1454,0.6548,0.49,1,2,0.5,1082.6061000000002,73.54061,7783,2,7783,0.24
1455,0.6546,54.01,4,9,0.444,1408.8807666666667,57.49687,7792,9,7792,1.17
1456,0.6544,20.87,1,3,0.333,1054.5562727272727,59.00323,7795,3,7795,0.39
1457,0.6541,33.64,2,8,0.25,1108.0970399999999,66.42053,7803,8,7803,1.04
1458,0.6539,30.33,3,6,0.5,1461.5712307692306,65.90039,7809,6,7809,0.78
1459,0.6536,-5.95,1,5,0.2,988.716,58.13478,7814,5,7814,0.66
1460,0.6534,29.03,3,7,0.429,1246.2223846153845,60.81297,7821,7,7821,0.89
1461,0.6532,37.17,2,4,0.5,1097.6759523809524,60.46566,7825,4,7825,0.5
1462,0.6529,37.27,2,7,0.286,1820.4882727272727,61.04084,7832,7,7832,0.83
1463,0.6527,42.87,1,2,0.5,1604.9722380952383,64.50543,7834,2,7834,0.26
1464,0.6525,15.76,4,7,0.571,1623.5027333333335,60.02423,7841,7,7841,0.93
1465,0.6522,60.73,3,5,0.6,1168.02624,64.87917,7846,5,7846,0.65
1466,0.652,4.61,2,6,0.333,1389.4869230769232,55.88186,7852,6,7852,0.77
1467,0.6517,13.5,2,7,0.286,1416.3157500000002,64.01972,7859,7,7859,0.9
1468,0.6515,41.1,3,7,0.429,1298.5686666666666,59.75078,7866,7,7866,0.9
1469,0.6513,121.45,9,9,1.0,1685.4945588235294,67.12604,7875,9,7875,1.16
1470,0.651,5.48,1,2,0.5,1142.09065,76.51102,7877,2,7877,0.25
1471,0.6508,27.66,2,6,0.333,1313.1066956521738,67.00231,7883,6,7883,0.68
1472,0.6506,38.58,2,4,0.5,1546.172923076923,63.68944,7887,4,7887,0.46
1473,0.6503,22.35,2,5,0.4,1402.635043478261,70.42933,7892,5,7892,0.65
1474,0.6501,10.43,2,4,0.5,1441.7665,63.84243,7896,4,7896,0.5
1475,0.6498,45.06,5,12,0.417,1796.821741935484,60.36004,7908,12,7908,1.56
1476,0.6496,11.68,1,7,0.143,1131.5022222222221,60.10002,7915,7,7915,0.91
1477,0.6494,-6.71,1,3,0.333,1256.2740000000001,72.2082,7918,3,7918,0.38
1478,0.6491,43.93,4,6,0.667,1440.2727857142856,62.31161,7924,6,7924,0.76
1479,0.6489,30.74,3,5,0.6,1402.6340454545455,64.84186,7929,5,7929,0.54
1480,0.6486,52.2,4,8,0.5,1541.8195862068967,68.59606,7937,8,7937,1.0
1481,0.6484,11.1,0,5,0.0,1034.0,64.44927,7942,5,7942,0.65
1482,0.6482,-2.95,0,4,0.0,1073.5,55.62868,7946,4,7946,0.48
1483,0.6479,44.67,2,4,0.5,1337.7702727272726,72.14823,7950,4,7950,0.53
1484,0.6477,34.29,2,6,0.333,1307.7124615384614,63.92327,7956,6,7956,0.75
1485,0.6475,72.39,5,6,0.833,1588.1632,68.60049,7962,6,7962,0.76
1486,0.6472,8.79,2,2,1.0,1424.1798571428571,47.26066,7964,2,7964,0.27
1487,0.647,32.82,3,5,0.6,1395.0366551724137,54.46304,7969,5,7969,0.64
1488,0.6467,30.65,3,8,0.375,1600.0060967741936,63.61599,7977,8,7977,0.98
1489,0.6465,46.84,4,8,0.5,1410.386724137931,59.21249,7985,8,7985,1.03
1490,0.6463,24.92,2,7,0.286,1377.1776799999998,54.92427,7992,7,7992,0.89
1491,0.646,48.49,4,7,0.571,1685.2724074074072,62.30449,7999,7,7999,0.92
1492,0.6458,65.91,5,9,0.556,1640.6680540540542,63.8009,8008,9,8008,1.12
1493,0.6456,20.2,2,6,0.333,1207.5255,69.98106,8014,6,8014,0.74
1494,0.6453,12.56,2,4,0.5,1425.0647083333333,67.04636,8018,4,8018,0.47
1495,0.6451,48.65,6,9,0.667,1877.1760285714283,69.02934,8027,9,8027,1.13
1496,0.6448,30.02,2,4,0.5,1450.021,67.37211,8031,4,8031,0.51
1497,0.6446,5.52,2,8,0.25,1752.944588235294,64.77662,8039,8,8039,0.92
1498,0.6444,52.34,5,7,0.714,1192.756962962963,58.68577,8046,7,8046,0.88
1499,0.6441,31.19,3,5,0.6,1114.01856,69.48778,8051,5,8051,0.6
1500,0.6439,42.17,4,8,0.5,1466.7333333333333,54.17707,8059,8,8059,0.96
1501,0.6437,54.78,4,5,0.8,1480.9676923076925,54.24929,8064,5,8064,0.53
1502,0.6434,34.96,4,7,0.571,1402.0188461538464,55.33532,8071,7,8071,0.89
1503,0.6432,35.81,3,7,0.429,1010.8367931034483,56.68167,8078,7,8078,0.9
1504,0.6429,45.69,4,7,0.571,1391.4029,59.01844,8085,7,8085,0.92
1505,0.6427,20.75,1,4,0.25,1131.767956521739,56.20325,8089,4,8089,0.51
1506,0.6425,76.61,6,7,0.857,1720.8999655172415,63.75497,8096,7,8096,0.77
1507,0.6422,20.74,1,4,0.25,1031.05595,58.29169,8100,4,8100,0.52
1508,0.642,39.02,2,7,0.286,1396.5842068965517,70.71778,8107,7,8107,0.91
1509,0.6418,21.58,1,1,1.0,1520.13825,39.19838,8108,1,8108,0.12
1510,0.6415,43.62,4,4,1.0,1583.09224,67.91779,8112,4,8112,0.51
1511,0.6413,51.31,4,11,0.364,1655.5956944444445,58.35292,8123,11,8123,1.34
1512,0.641,55.48,2,4,0.5,1360.00832,54.68034,8127,4,8127,0.5
1513,0.6408,30.11,4,7,0.571,1431.5406296296296,59.71618,8134,7,8134,0.87
1514,0.6406,30.18,3,5,0.6,1430.8368461538462,64.17877,8139,5,8139,0.66
1515,0.6403,8.01,0,6,0.0,1078.0,58.69424,8145,6,8145,0.77
1516,0.6401,48.92,3,6,0.5,1179.7796153846155,55.0497,8151,6,8151,0.71
1517,0.6399,37.82,2,5,0.4,1585.787238095238,52.79526,8156,5,8156,0.56
1518,0.6396,46.9,4,6,0.667,1517.8865714285712,55.08856,8162,6,8162,0.76
1519,0.6394,32.89,2,5,0.4,1177.99088,62.73074,8167,5,8167,0.64
1520,0.6391,46.69,4,7,0.571,1265.9679166666667,61.82594,8174,7,8174,0.9
1521,0.6389,39.39,2,6,0.333,1074.8623703703704,62.12209,8180,6,8180,0.73
1522,0.6387,16.83,3,7,0.429,1187.0571481481481,58.91915,8187,7,8187,0.86
1523,0.6384,36.65,3,10,0.3,1458.6680344827587,62.1311,8197,10,8197,1.31
1524,0.6382,10.37,1,3,0.333,1015.0178333333333,67.29492,8200,3,8200,0.32
1525,0.638,52.65,4,8,0.5,1369.6587407407408,64.77412,8208,8,8208,1.0
1526,0.6377,23.94,2,8,0.25,1446.1690384615385,55.32911,8216,8,8216,1.03
1527,0.6375,40.69,2,5,0.4,1495.4979545454546,57.81427,8221,5,8221,0.63
1528,0.6372,4.75,2,3,0.667,1271.8294545454546,57.04761,8224,3,8224,0.39
1529,0.637,68.44,4,6,0.667,1387.8755555555556,68.3255,8230,6,8230,0.77
1530,0.6368,53.07,5,8,0.625,1569.2657307692307,64.87665,8238,8,8238,1.03
1531,0.6365,50.32,4,5,0.8,1488.5126923076923,57.55568,8243,5,8243,0.67
1532,0.6363,-9.3,0,2,0.0,961.0,47.5753,8245,2,8245,0.25
1533,0.6361,18.13,4,9,0.444,1825.15896875,56.78093,8254,9,8254,1.08
1534,0.6358,34.49,3,5,0.6,1454.2816923076923,58.32401,8259,5,8259,0.65
1535,0.6356,37.19,2,11,0.182,1551.4332,60.18581,8270,11,8270,1.37
1536,0.6353,37.19,3,8,0.375,1610.4011724137931,57.20664,8278,8,8278,1.02
1537,0.6351,20.46,3,7,0.429,1470.8695833333334,59.59927,8285,7,8285,0.85
1538,0.6349,55.33,3,5,0.6,1362.5458333333333,67.37091,8290,5,8290,0.63
1539,0.6346,41.84,3,3,1.0,1280.3420869565218,61.46854,8293,3,8293,0.36
1540,0.6344,68.88,4,5,0.8,1024.18352,51.17415,8298,5,8298,0.64
1541,0.6342,17.31,1,4,0.25,1360.00055,57.21521,8302,4,8302,0.49
1542,0.6339,51.35,6,11,0.545,1781.6645789473685,61.59687,8313,11,8313,1.24
1543,0.6337,18.65,2,8,0.25,1076.7310666666667,63.41503,8321,8,8321,0.86
1544,0.6334,5.36,2,5,0.4,1345.7178,66.51223,8326,5,8326,0.53
1545,0.6332,15.46,1,5,0.2,1016.6857619047618,61.01084,8331,5,8331,0.54
1546,0.633,39.1,2,5,0.4,1264.02696,60.01482,8336,5,8336,0.54
1547,0.6327,7.49,3,6,0.5,1325.0601538461538,63.79167,8342,6,8342,0.65
1548,0.6325,25.45,3,9,0.333,1603.3416333333334,62.47357,8351,9,8351,1.07
1549,0.6323,29.8,3,7,0.429,1720.808448275862,55.03517,8358,7,8358,0.87
1550,0.632,2.31,1,2,0.5,1405.4515714285715,57.30556,8360,2,8360,0.27
1551,0.6318,24.83,2,5,0.4,1040.967,59.33167,8365,5,8365,0.62
1552,0.6315,56.79,6,9,0.667,1557.7454285714284,65.96414,8374,9,8374,1.09
1553,0.6313,2.53,1,4,0.25,1079.5631818181819,53.70375,8378,4,8378,0.52
1554,0.6311,40.44,6,7,0.857,1585.3028518518518,57.76148,8385,7,8385,0.89
1555,0.6308,13.83,2,10,0.2,1170.8708333333334,58.73512,8395,10,8395,1.27
1556,0.6306,45.9,4,11,0.364,1122.7566896551723,60.67392,8406,11,8406,1.25
1557,0.6304,1.69,1,3,0.333,1357.5017500000001,61.7787,8409,3,8409,0.32
1558,0.6301,25.82,1,5,0.2,1041.313,57.72576,8414,5,8414,0.57
1559,0.6299,55.55,3,5,0.6,1243.6065652173913,61.08587,8419,5,8419,0.64
1560,0.6296,58.81,2,7,0.286,1171.7945185185185,55.89078,8426,7,8426,0.91
1561,0.6294,36.71,2,6,0.333,1018.07704,64.46934,8432,6,8432,0.66
1562,0.6292,29.07,2,7,0.286,1270.0958333333333,60.706,8439,7,8439,0.86
1563,0.6289,27.56,3,7,0.429,1526.6998333333331,55.51259,8446,7,8446,0.83
1564,0.6287,9.31,1,4,0.25,1110.09065,54.2829,8450,4,8450,0.45
1565,0.6285,51.4,4,9,0.444,1524.8883333333333,65.41721,8459,9,8459,1.14
1566,0.6282,41.46,3,5,0.6,1395.6858260869565,54.02712,8464,5,8464,0.63
1567,0.628,60.77,5,11,0.455,1497.1433235294116,64.33281,8475,11,8475,1.39
1568,0.6277,43.15,2,5,0.4,1096.2143076923078,72.67829,8480,5,8480,0.64
1569,0.6275,70.54,6,7,0.857,1737.628357142857,53.55526,8487,7,8487,0.89
1570,0.6273,13.63,2,7,0.286,1144.2747692307692,58.25632,8494,7,8494,0.94
1571,0.627,-10.8,0,3,0.0,1210.0,57.02622,8497,3,8497,0.39
1572,0.6268,33.94,2,4,0.5,1441.7357916666667,56.06489,8501,4,8501,0.48
1573,0.6266,32.92,2,4,0.5,1344.02592,54.04739,8505,4,8505,0.51
1574,0.6263,21.24,2,7,0.286,1525.9331481481481,62.71317,8512,7,8512,0.92
1575,0.6261,62.72,4,7,0.571,1096.3368888888888,63.42426,8519,7,8519,0.88
1576,0.6258,44.94,3,4,0.75,1104.5942173913045,49.72656,8523,4,8523,0.5
1577,0.6256,41.44,2,4,0.5,1408.0324799999999,68.47536,8527,4,8527,0.49
1578,0.6254,18.04,4,9,0.444,1443.5129375,59.42174,8536,9,8536,1.07
1579,0.6251,17.24,1,6,0.167,1482.9673913043478,58.01241,8542,6,8542,0.78
1580,0.6249,27.46,2,5,0.4,1363.7590909090907,57.94307,8547,5,8547,0.59
1581,0.6247,63.24,3,4,0.75,1671.0186666666666,62.64419,8551,4,8551,0.44
1582,0.6244,5.5,0,4,0.0,1064.0,58.87926,8555,4,8555,0.44
1583,0.6242,6.8,1,6,0.167,1176.50025,50.0432,8561,6,8561,0.75
1584,0.6239,31.56,2,7,0.286,1327.3026363636363,64.97024,8568,7,8568,0.92
1585,0.6237,37.73,3,9,0.333,1266.3711333333333,63.49579,8577,9,8577,1.01
1586,0.6235,24.08,1,4,0.25,1183.3408571428572,60.17113,8581,4,8581,0.43
1587,0.6232,20.54,1,5,0.2,1069.5654347826087,54.07046,8586,5,8586,0.54
1588,0.623,27.87,3,6,0.5,1532.2874516129032,58.27781,8592,6,8592,0.65
1589,0.6228,12.66,2,2,1.0,1145.624,56.24432,8594,2,8594,0.22
1590,0.6225,67.48,6,10,0.6,1788.6709142857144,59.01584,8604,10,8604,1.16
1591,0.6223,24.53,3,9,0.333,1233.3005714285714,59.07578,8613,9,8613,1.08
1592,0.622,16.82,3,5,0.6,1213.2432000000001,61.90912,8618,5,8618,0.63
1593,0.6218,17.43,3,4,0.75,1321.821304347826,49.73036,8622,4,8622,0.47
1594,0.6216,16.2,3,6,0.5,1217.1358333333335,59.48764,8628,6,8628,0.65
1595,0.6213,75.61,6,9,0.667,1205.1048214285713,57.57718,8637,9,8637,1.04
1596,0.6211,33.38,2,6,0.333,1362.7444090909091,47.92677,8643,6,8643,0.74
1597,0.6209,62.64,5,8,0.625,1399.3067199999998,58.54222,8651,8,8651,0.91
1598,0.6206,37.76,3,5,0.6,1400.0213846153845,57.20012,8656,5,8656,0.64
1599,0.6204,30.59,1,5,0.2,1017.3196363636363,61.50537,8661,5,8661,0.62
1600,0.6201,16.73,2,4,0.5,1676.0436800000002,56.17356,8665,4,8665,0.48
1601,0.6199,51.93,2,5,0.4,1147.4470434782609,55.47481,8670,5,8670,0.58
1602,0.6197,21.37,3,5,0.6,1144.13016,63.77743,8675,5,8675,0.63
1603,0.6194,50.72,3,5,0.6,1041.7593749999999,67.1839,8680,5,8680,0.63
1604,0.6192,58.62,4,6,0.667,1090.567076923077,58.26499,8686,6,8686,0.78
1605,0.619,94.78,8,10,0.8,1764.859382352941,60.98744,8696,10,8696,1.25
1606,0.6187,43.0,3,8,0.375,1690.0365666666664,52.10493,8704,8,8704,0.95
1607,0.6185,102.3,7,9,0.778,1543.2187000000001,62.66031,8713,9,8713,1.15
1608,0.6182,43.87,4,8,0.5,1757.2064642857144,59.83981,8721,8,8721,1.0
1609,0.618,43.53,3,7,0.429,1428.6313333333335,57.83675,8728,7,8728,0.88
1610,0.6178,8.21,2,3,0.667,1149.45796,48.12444,8731,3,8731,0.37
1611,0.6175,38.04,3,7,0.429,1248.3653703703706,52.51535,8738,7,8738,0.87
1612,0.6173,36.99,3,6,0.5,1204.321074074074,47.17251,8744,6,8744,0.72
1613,0.6171,69.36,4,5,0.8,1513.5466153846153,65.18233,8749,5,8749,0.63
1614,0.6168,30.36,2,4,0.5,1238.5687500000001,54.3312,8753,4,8753,0.51
1615,0.6166,42.25,3,5,0.6,1220.48704,64.92452,8758,5,8758,0.65
1616,0.6163,62.94,4,8,0.5,1146.7058928571428,56.11537,8766,8,8766,0.99
1617,0.6161,92.92,7,11,0.636,1613.9529655172414,56.53029,8777,11,8777,1.43
1618,0.6159,61.71,6,12,0.5,1657.2724857142857,60.71317,8789,12,8789,1.58
1619,0.6156,8.19,1,5,0.2,1880.0041999999999,56.58994,8794,5,8794,0.63
1620,0.6154,5.13,2,8,0.25,1678.579107142857,61.49442,8802,8,8802,1.0
1621,0.6152,49.92,3,7,0.429,1406.0502000000001,54.8292,8809,7,8809,0.85
1622,0.6149,35.41,4,8,0.5,1576.6969666666666,56.07613,8817,8,8817,0.98
1623,0.6147,52.56,6,9,0.667,1873.7162631578947,70.37857,8826,9,8826,1.15
1624,0.6144,34.65,4,8,0.5,1498.7024999999999,57.49738,8834,8,8834,0.99
1625,0.6142,68.03,6,7,0.857,1362.269448275862,52.94184,8841,7,8841,0.89
1626,0.614,36.71,3,8,0.375,1234.050785714286,57.6854,8849,8,8849,1.01
1627,0.6137,63.98,4,4,1.0,1102.2797391304348,71.39574,8853,4,8853,0.49
1628,0.6135,1.25,0,5,0.0,1067.9,63.22753,8858,5,8858,0.63
1629,0.6133,30.16,3,6,0.5,1254.0211199999999,52.5763,8864,6,8864,0.77
1630,0.613,42.62,2,4,0.5,1264.0243600000001,53.92473,8868,4,8868,0.44
1631,0.6128,17.5,3,6,0.5,1351.902185185185,64.05237,8874,6,8874,0.68
1632,0.6125,10.69,2,4,0.5,1117.5242608695653,65.71056,8878,4,8878,0.5
1633,0.6123,58.05,3,4,0.75,1304.5793636363635,57.8991,8882,4,8882,0.51
1634,0.6121,55.63,5,5,1.0,1485.5536249999998,56.12415,8887,5,8887,0.62
1635,0.6118,-0.22,2,8,0.25,1321.5325,54.81946,8895,8,8895,1.01
1636,0.6116,28.82,3,6,0.5,1546.4325000000001,59.94649,8901,6,8901,0.73
1637,0.6114,40.22,2,4,0.5,1776.15408,50.92195,8905,4,8905,0.53
1638,0.6111,54.58,2,4,0.5,1337.6228,51.23952,8909,4,8909,0.51
1639,0.6109,57.72,3,3,1.0,1254.872260869565,55.75745,8912,3,8912,0.41
1640,0.6106,15.61,1,5,0.2,1373.922347826087,58.42049,8917,5,8917,0.65
1641,0.6104,31.99,1,5,0.2,1084.5301904761905,49.68554,8922,5,8922,0.64
1642,0.6102,22.59,2,4,0.5,1320.8489166666666,65.91005,8926,4,8926,0.48
1643,0.6099,11.24,2,6,0.333,1167.3228846153847,60.44608,8932,6,8932,0.77
1644,0.6097,67.36,4,6,0.667,1204.242125,62.12397,8938,6,8938,0.77
1645,0.6095,43.6,3,5,0.6,1178.3318260869567,62.36271,8943,5,8943,0.64
1646,0.6092,21.05,3,5,0.6,1133.5548333333334,54.66992,8948,5,8948,0.65
1647,0.609,66.47,4,6,0.667,1463.9098,64.11416,8954,6,8954,0.78
1648,0.6087,18.73,1,3,0.333,1148.4782608695652,60.78721,8957,3,8957,0.38
1649,0.6085,40.19,6,10,0.6,1530.092133333333,56.9741,8967,10,8967,1.14
1650,0.6083,-1.47,2,7,0.286,1546.0007199999998,60.00795,8974,7,8974,0.88
1651,0.608,36.12,1,5,0.2,1391.6822916666667,53.14199,8979,5,8979,0.63
1652,0.6078,46.86,5,6,0.833,1892.92675,59.89661,8985,6,8985,0.73
1653,0.6076,28.27,2,5,0.4,1657.6940384615384,59.61412,8990,5,8990,0.62
1654,0.6073,-3.65,0,4,0.0,1295.0,54.5176,8994,4,8994,0.53
1655,0.6071,31.47,3,7,0.429,1392.1470714285715,56.5642,9001,7,9001,0.86
1656,0.6068,30.72,4,6,0.667,1540.844851851852,56.42007,9007,6,9007,0.77
1657,0.6066,60.57,4,6,0.667,1219.2698846153844,52.33377,9013,6,9013,0.77
1658,0.6064,48.18,3,7,0.429,1262.6791304347828,50.67953,9020,7,9020,0.92
1659,0.6061,64.15,3,8,0.375,1625.9611851851853,61.80255,9028,8,9028,1.01
1660,0.6059,17.86,1,4,0.25,1352.2175652173914,51.61154,9032,4,9032,0.52
1661,0.6057,27.42,1,5,0.2,1308.756304347826,57.65334,9037,5,9037,0.55
1662,0.6054,12.46,2,7,0.286,1215.4113461538461,53.49718,9044,7,9044,0.84
1663,0.6052,57.7,4,6,0.667,1338.5079200000002,55.49761,9050,6,9050,0.78
1664,0.6049,24.74,3,3,1.0,1270.6266363636364,63.63454,9053,3,9053,0.4
1665,0.6047,27.1,3,5,0.6,1700.0931428571428,63.33523,9058,5,9058,0.61
1666,0.6045,44.57,2,4,0.5,1504.6403478260868,54.66921,9062,4,9062,0.51
1667,0.6042,19.53,1,6,0.167,1030.0425,63.27423,9068,6,9068,0.74
1668,0.604,46.58,2,4,0.5,1434.6583076923077,51.40965,9072,4,9072,0.47
1669,0.6038,-11.75,0,3,0.0,1242.5,59.96482,9075,3,9075,0.37
1670,0.6035,49.33,4,8,0.5,1202.3314814814814,53.66359,9083,8,9083,0.91
1671,0.6033,60.62,3,7,0.429,1185.232814814815,53.12914,9090,7,9090,0.86
1672,0.603,37.95,3,6,0.5,954.5111428571428,54.85049,9096,6,9096,0.8
1673,0.6028,57.35,4,6,0.667,1223.4220833333331,59.12776,9102,6,9102,0.71
1674,0.6026,81.08,4,7,0.571,1551.7711034482757,57.62449,9109,7,9109,0.85
1675,0.6023,18.79,2,4,0.5,1224.6073333333334,61.985,9113,4,9113,0.44
1676,0.6021,66.1,5,6,0.833,1241.7854166666666,51.88118,9119,6,9119,0.71
1677,0.6019,77.55,5,6,0.833,1750.0244285714284,66.73175,9125,6,9125,0.73
1678,0.6016,23.7,3,6,0.5,1213.4278000000002,59.19704,9131,6,9131,0.7
1679,0.6014,40.59,3,9,0.333,1248.259785714286,54.79286,9140,9,9140,0.95
1680,0.6011,67.08,4,5,0.8,1377.850148148148,57.71875,9145,5,9145,0.56
1681,0.6009,8.86,3,7,0.429,1203.7890370370371,58.6439,9152,7,9152,0.69
1682,0.6007,33.97,2,4,0.5,1383.9708695652175,52.75562,9156,4,9156,0.43
1683,0.6004,59.55,5,7,0.714,1410.7751428571428,66.09101,9163,7,9163,0.69
1684,0.6002,32.55,1,4,0.25,1036.6692083333335,56.53429,9167,4,9167,0.43
1685,0.5999,38.3,2,4,0.5,1408.3465833333332,58.56042,9171,4,9171,0.44
1686,0.5997,21.4,2,8,0.25,1349.5803478260868,59.46194,9179,8,9179,0.86
1687,0.5995,49.43,4,6,0.667,1362.6689130434784,59.89344,9185,6,9185,0.63
1688,0.5992,27.05,2,5,0.4,1111.828761904762,64.81984,9190,5,9190,0.55
1689,0.599,15.69,2,6,0.333,1228.7099130434783,50.65844,9196,6,9196,0.63
1690,0.5988,-2.54,1,6,0.167,1065.10025,60.58475,9202,6,9202,0.59
1691,0.5985,16.87,4,6,0.667,1392.6422962962965,64.09322,9208,6,9208,0.58
1692,0.5983,25.3,2,3,0.667,1177.4172727272728,59.09575,9211,3,9211,0.29
1693,0.598,54.11,4,5,0.8,1279.2643333333333,65.44118,9216,5,9216,0.5
1694,0.5978,19.31,1,6,0.167,1112.5089166666667,61.45518,9222,6,9222,0.64
1695,0.5976,28.75,2,3,0.667,1393.570347826087,64.74713,9225,3,9225,0.31
1696,0.5973,76.46,6,9,0.667,1816.2431612903226,63.0062,9234,9,9234,0.91
1697,0.5971,33.8,3,7,0.429,1049.7636296296298,63.95809,9241,7,9241,0.74
1698,0.5969,39.75,5,10,0.5,1656.510064516129,60.20421,9251,10,9251,1.07
1699,0.5966,60.67,5,8,0.625,1277.1394814814817,58.02615,9259,8,9259,0.8
1700,0.5964,39.47,3,4,0.75,1091.3759130434782,64.38336,9263,4,9263,0.41
1701,0.5961,37.31,4,7,0.571,1551.7695517241377,59.99089,9270,7,9270,0.67
1702,0.5959,0.38,2,4,0.5,1504.3689565217394,61.9905,9274,4,9274,0.42
1703,0.5957,20.33,1,7,0.143,1117.2499655172414,61.77682,9281,7,9281,0.68
1704,0.5954,37.65,4,8,0.5,1675.9658620689656,61.47806,9289,8,9289,0.78
1705,0.5952,45.96,5,10,0.5,1881.1603783783787,62.73828,9299,10,9299,0.97
1706,0.595,11.5,0,4,0.0,1095.0,58.35428,9303,4,9303,0.4
1707,0.5947,22.09,3,8,0.375,1250.0355,52.70153,9311,8,9311,0.83
1708,0.5945,-5.79,1,4,0.25,1165.0147272727272,72.90828,9315,4,9315,0.45
1709,0.5942,51.26,3,7,0.429,1795.718391304348,78.77063,9322,7,9322,0.71
1710,0.594,37.74,4,5,0.8,1496.1119199999998,50.60019,9327,5,9327,0.49
1711,0.5938,34.76,3,6,0.5,1803.8741481481482,55.85486,9333,6,9333,0.65
1712,0.5935,61.91,4,4,1.0,1313.3149600000002,60.15033,9337,4,9337,0.41
1713,0.5933,6.77,2,9,0.222,1420.020111111111,60.06883,9346,9,9346,0.95
1714,0.5931,8.0,2,4,0.5,1336.0037599999998,61.45753,9350,4,9350,0.4
1715,0.5928,51.62,4,12,0.333,1460.0261333333333,66.48864,9362,12,9362,1.27
1716,0.5926,20.17,1,5,0.2,1220.02092,72.2915,9367,5,9367,0.52
1717,0.5923,70.2,3,4,0.75,1539.2910869565217,49.01043,9371,4,9371,0.41
1718,0.5921,20.66,1,4,0.25,1365.2176086956522,61.72692,9375,4,9375,0.42
1719,0.5919,31.72,1,4,0.25,1225.02875,59.38269,9379,4,9379,0.44
1720,0.5916,19.43,3,3,1.0,1142.55216,51.41158,9382,3,9382,0.33
1721,0.5914,37.62,2,4,0.5,1526.5736153846153,59.2788,9386,4,9386,0.41
1722,0.5912,35.61,1,3,0.333,1248.02864,62.51483,9389,3,9389,0.31
1723,0.5909,62.37,5,11,0.455,1291.2439310344826,49.1057,9400,11,9400,1.09
1724,0.5907,53.14,3,6,0.5,1171.4453846153847,56.78706,9406,6,9406,0.6
1725,0.5904,37.67,2,7,0.286,1643.5017391304348,56.01158,9413,7,9413,0.7
1726,0.5902,23.39,6,11,0.545,1812.8786923076927,65.33131,9424,11,9424,1.17
1727,0.59,47.34,4,6,0.667,1461.7151333333336,58.41182,9430,6,9430,0.66
1728,0.5897,52.29,5,7,0.714,1373.2476428571429,56.40845,9437,7,9437,0.81
1729,0.5895,35.3,2,7,0.286,1461.1784444444445,53.81759,9444,7,9444,0.88
1730,0.5893,9.62,1,8,0.125,1188.3600833333333,58.66707,9452,8,9452,1.07
1731,0.589,16.83,3,8,0.375,1428.6157142857144,61.36642,9460,8,9460,1.04
1732,0.5888,25.96,1,1,1.0,1080.09065,44.22385,9461,1,9461,0.14
1733,0.5885,41.31,3,7,0.429,1803.252387096774,54.07741,9468,7,9468,0.94
1734,0.5883,22.91,2,3,0.667,1134.8146086956522,48.26107,9471,3,9471,0.4
1735,0.5881,55.4,6,6,1.0,1872.1654999999998,64.34438,9477,6,9477,0.81
1736,0.5878,1.25,0,4,0.0,1115.0,66.44298,9481,4,9481,0.55
1737,0.5876,20.36,3,6,0.5,1537.0962499999998,58.14758,9487,6,9487,0.82
1738,0.5874,53.62,4,7,0.571,1508.5325599999999,61.4877,9494,7,9494,0.87
1739,0.5871,53.5,3,4,0.75,1177.3490416666666,57.0356,9498,4,9498,0.51
1740,0.5869,54.79,4,4,1.0,1154.2972083333334,65.30577,9502,4,9502,0.54
1741,0.5866,21.09,2,3,0.667,1140.9244782608696,65.85524,9505,3,9505,0.4
1742,0.5864,22.6,1,4,0.25,1087.5275,54.42618,9509,4,9509,0.51
1743,0.5862,39.37,3,7,0.429,1261.0505714285714,50.49999,9516,7,9516,0.93
1744,0.5859,-8.1,1,4,0.25,1325.0062500000001,76.49676,9520,4,9520,0.53
1745,0.5857,15.76,2,5,0.4,1254.626346153846,66.05103,9525,5,9525,0.65
1746,0.5855,41.73,3,6,0.5,1283.3780833333333,48.79328,9531,6,9531,0.72
1747,0.5852,-3.89,1,3,0.333,1210.4837142857145,68.50676,9534,3,9534,0.37
1748,0.585,68.78,6,7,0.857,1287.66875,59.26203,9541,7,9541,0.95
1749,0.5847,50.32,3,6,0.5,1753.3962333333334,70.55614,9547,6,9547,0.8
1750,0.5845,-6.48,1,3,0.333,1421.7423478260869,69.60483,9550,3,9550,0.41
1751,0.5843,33.64,2,6,0.333,1161.5803461538462,46.88635,9556,6,9556,0.8
1752,0.584,30.98,2,6,0.333,1218.3733636363636,55.57505,9562,6,9562,0.8
1753,0.5838,24.2,2,6,0.333,1723.1374615384616,52.99712,9568,6,9568,0.77
1754,0.5836,28.89,3,9,0.333,1270.918625,60.75206,9577,9,9577,1.18
1755,0.5833,13.91,1,6,0.167,1368.2574545454545,67.37187,9583,6,9583,0.81
1756,0.5831,23.8,1,5,0.2,1359.6815,51.36406,9588,5,9588,0.68
1757,0.5828,28.4,1,3,0.333,1380.9540952380953,44.14311,9591,3,9591,0.39
1758,0.5826,67.61,4,6,0.667,1116.7183750000002,50.42126,9597,6,9597,0.82
1759,0.5824,43.17,4,7,0.571,1351.897074074074,57.84672,9604,7,9604,0.9
1760,0.5821,77.27,4,6,0.667,1304.08392,59.76151,9610,6,9610,0.73
1761,0.5819,54.6,4,6,0.667,1014.1203599999999,59.81112,9616,6,9616,0.74
1762,0.5817,55.68,3,6,0.5,1892.890392857143,58.03643,9622,6,9622,0.7
1763,0.5814,74.39,6,9,0.667,1583.9610967741935,57.69844,9631,9,9631,1.11
1764,0.5812,41.6,2,7,0.286,1470.87025,59.20363,9638,7,9638,0.94
1765,0.5809,15.96,2,5,0.4,1105.4184285714286,52.65921,9643,5,9643,0.68
1766,0.5807,44.11,3,7,0.429,1626.1015999999997,57.05975,9650,7,9650,0.95
1767,0.5805,5.07,1,3,0.333,1375.1066999999998,61.18851,9653,3,9653,0.4
1768,0.5802,48.97,4,7,0.571,1456.0522,53.77949,9660,7,9660,0.95
1769,0.58,43.89,3,6,0.5,1398.2717142857143,65.42316,9666,6,9666,0.8
1770,0.5798,62.93,3,7,0.429,1496.3773448275863,56.53106,9673,7,9673,0.92
1771,0.5795,29.28,2,8,0.25,1172.5,56.86854,9681,8,9681,1.05
1772,0.5793,54.93,3,5,0.6,1318.5819629629632,58.33762,9686,5,9686,0.66
1773,0.579,45.22,3,3,1.0,1547.9854782608695,47.03006,9689,3,9689,0.39
1774,0.5788,55.3,2,4,0.5,1315.989,40.28256,9693,4,9693,0.54
1775,0.5786,23.27,3,8,0.375,1550.0426923076923,54.48669,9701,8,9701,1.01
1776,0.5783,34.03,3,5,0.6,1321.0048333333334,60.24959,9706,5,9706,0.67
1777,0.5781,14.6,1,6,0.167,1326.73455,57.88289,9712,6,9712,0.79
1778,0.5779,32.33,3,8,0.375,1633.9505357142857,53.70729,9720,8,9720,1.09
1779,0.5776,21.51,2,4,0.5,1040.2440833333333,63.91227,9724,4,9724,0.51
1780,0.5774,32.0,2,6,0.333,1342.9007619047618,56.25184,9730,6,9730,0.83
1781,0.5771,2.24,2,5,0.4,1441.6561599999998,51.79324,9735,5,9735,0.68
1782,0.5769,41.43,4,8,0.5,1449.5401379310347,50.45208,9743,8,9743,1.03
1783,0.5767,10.56,4,7,0.571,1710.3795862068966,62.46848,9750,7,9750,0.94
1784,0.5764,68.94,5,7,0.714,1570.8927333333334,52.5625,9757,7,9757,0.95
1785,0.5762,37.76,2,4,0.5,1147.3733333333332,74.24293,9761,4,9761,0.54
1786,0.576,10.68,1,4,0.25,1220.0,54.80268,9765,4,9765,0.47
1787,0.5757,-1.24,1,2,0.5,1828.586857142857,63.79074,9767,2,9767,0.26
1788,0.5755,26.36,2,6,0.333,1277.7071923076924,56.7931,9773,6,9773,0.81
1789,0.5752,2.96,1,2,0.5,1360.0,57.69522,9775,2,9775,0.27
1790,0.575,18.88,3,5,0.6,1141.8409545454545,48.12991,9780,5,9780,0.63
1791,0.5748,15.14,1,5,0.2,915.05015,59.29243,9785,5,9785,0.67
1792,0.5745,68.97,4,9,0.444,1370.078,52.61244,9794,9,9794,1.19
1793,0.5743,14.57,2,6,0.333,1453.4879130434783,50.39227,9800,6,9800,0.82
1794,0.5741,35.67,2,5,0.4,1355.5895925925927,49.69872,9805,5,9805,0.62
1795,0.5738,5.31,2,5,0.4,1035.4708333333333,50.05653,9810,5,9810,0.68
1796,0.5736,4.27,1,2,0.5,1330.6547,47.05806,9812,2,9812,0.28
1797,0.5733,13.37,2,4,0.5,1218.4905833333335,53.50906,9816,4,9816,0.54
1798,0.5731,13.07,4,10,0.4,1348.5479393939395,68.64702,9826,10,9826,1.31
1799,0.5729,73.37,3,4,0.75,1612.1096000000002,61.57615,9830,4,9830,0.53
1800,0.5726,38.47,3,6,0.5,1018.6638148148149,55.24056,9836,6,9836,0.84
1801,0.5724,22.62,1,6,0.167,1480.0049999999999,49.27438,9842,6,9842,0.63
1802,0.5722,69.52,5,7,0.714,1464.6346666666668,56.38371,9849,7,9849,0.85
1803,0.5719,43.5,2,3,0.667,1639.012695652174,52.64359,9852,3,9852,0.36
1804,0.5717,15.91,1,7,0.143,1397.6197142857143,53.30032,9859,7,9859,0.83
1805,0.5714,46.31,4,6,0.667,1214.7166666666667,54.23328,9865,6,9865,0.69
1806,0.5712,5.29,1,6,0.167,1269.5384761904763,63.24882,9871,6,9871,0.73
1807,0.571,61.43,3,8,0.375,1395.3557931034481,57.16145,9879,8,9879,0.93
1808,0.5707,8.91,2,2,1.0,1185.8784761904762,46.53025,9881,2,9881,0.23
1809,0.5705,29.3,2,9,0.222,1534.8672173913044,56.39656,9890,9,9890,1.09
1810,0.5703,19.61,2,9,0.222,1290.4030967741935,56.80915,9899,9,9899,1.12
1811,0.57,55.38,5,7,0.714,1152.9240399999999,55.11851,9906,7,9906,0.89
1812,0.5698,52.07,3,6,0.5,1276.03872,56.58992,9912,6,9912,0.77
1813,0.5695,14.97,3,7,0.429,1380.3700000000001,58.49246,9919,7,9919,0.93
1814,0.5693,65.29,4,5,0.8,1395.2688,51.39543,9924,5,9924,0.66
1815,0.5691,50.89,3,6,0.5,1682.4365714285711,60.92608,9930,6,9930,0.76
1816,0.5688,41.83,3,5,0.6,1700.0842499999999,61.76272,9935,5,9935,0.68
1817,0.5686,87.85,5,7,0.714,1396.2068076923076,59.2315,9942,7,9942,0.91
1818,0.5684,39.11,4,9,0.444,1300.0819999999999,57.13101,9951,9,9951,1.17
1819,0.5681,9.75,1,4,0.25,1084.796,62.18682,9955,4,9955,0.52
1820,0.5679,64.18,5,6,0.833,1355.6798888888889,51.31799,9961,6,9961,0.79
1821,0.5676,66.63,4,9,0.444,1221.08968,60.72946,9970,9,9970,1.17
1822,0.5674,1.98,1,7,0.143,1313.4666153846154,53.46182,9977,7,9977,0.85
1823,0.5672,24.94,2,6,0.333,1196.0306400000002,59.56149,9983,6,9983,0.8
1824,0.5669,59.24,3,7,0.429,1385.9575357142858,56.09665,9990,7,9990,0.93
1825,0.5667,32.21,3,8,0.375,1392.797925925926,60.649,9998,8,9998,0.97
1826,0.5665,48.23,3,7,0.429,1264.3563571428572,49.68067,10000,7,10005,0.92
1827,0.5662,55.94,3,5,0.6,1436.987304347826,56.63425,10000,5,10010,0.65
1828,0.566,52.39,4,10,0.4,1485.8309642857143,52.93921,10000,10,10020,1.29
1829,0.5657,59.87,4,7,0.571,1564.6292903225808,50.51888,10000,7,10027,0.93
1830,0.5655,43.64,2,5,0.4,1319.1307619047618,58.22516,10000,5,10032,0.65
1831,0.5653,34.31,4,7,0.571,1404.6998888888888,53.93358,10000,7,10039,0.89
1832,0.565,55.29,4,6,0.667,1444.720142857143,55.03304,10000,6,10045,0.77
1833,0.5648,28.64,3,8,0.375,1682.6988846153847,65.324,10000,8,10053,0.94
1834,0.5646,22.71,3,8,0.375,1884.0177600000002,50.61869,10000,8,10061,1.01
1835,0.5643,22.84,1,5,0.2,1204.6483076923078,58.90768,10000,5,10066,0.6
1836,0.5641,21.04,2,7,0.286,1551.9791538461538,59.74791,10000,7,10073,0.86
1837,0.5638,27.73,5,7,0.714,1641.4067931034483,54.86834,10000,7,10080,0.87
1838,0.5636,23.01,2,5,0.4,1845.0,56.53943,10000,5,10085,0.66
1839,0.5634,47.12,4,10,0.4,1415.7716666666665,52.55732,10000,10,10095,1.33
1840,0.5631,32.43,2,4,0.5,1062.365652173913,67.41879,10000,4,10099,0.52
1841,0.5629,19.74,2,3,0.667,1205.0288,42.64972,10000,3,10102,0.41
1842,0.5627,56.23,5,7,0.714,1688.0035862068964,54.87712,10000,7,10109,0.91
1843,0.5624,17.6,2,3,0.667,1596.7081739130435,57.74562,10000,3,10112,0.36
1844,0.5622,46.3,4,7,0.571,1201.68448,63.08839,10000,7,10119,0.85
1845,0.5619,77.24,6,6,1.0,1335.0300370370371,67.11247,10000,6,10125,0.77
1846,0.5617,31.12,3,8,0.375,1332.076,53.98619,10000,8,10133,1.03
1847,0.5615,41.71,3,5,0.6,1126.0911666666668,63.05383,10000,5,10138,0.66
1848,0.5612,56.04,3,6,0.5,1345.8642499999999,60.62004,10000,6,10144,0.8
1849,0.561,30.05,2,5,0.4,1252.205304347826,65.34593,10000,5,10149,0.65
1850,0.5608,31.46,2,5,0.4,1245.9357916666665,58.07141,10000,5,10154,0.65
1851,0.5605,19.99,2,9,0.222,1304.01948,61.40645,10000,9,10163,1.15
1852,0.5603,44.74,3,6,0.5,1314.575304347826,52.74847,10000,6,10169,0.78
1853,0.56,43.43,2,5,0.4,1195.8550833333334,49.82132,10000,5,10174,0.64
1854,0.5598,42.19,3,5,0.6,1181.314125,54.42773,10000,5,10179,0.64
1855,0.5596,75.71,6,9,0.667,1882.8427586206897,54.55653,10000,9,10188,1.07
1856,0.5593,16.42,1,5,0.2,1345.8381666666667,59.65059,10000,5,10193,0.64
1857,0.5591,17.65,1,4,0.25,1285.7352857142857,55.76155,10000,4,10197,0.45
1858,0.5589,2.88,1,8,0.125,1347.6454285714285,51.1956,10000,8,10205,1.03
1859,0.5586,53.6,2,6,0.333,1033.8107916666668,62.38355,10000,6,10211,0.8
1860,0.5584,30.59,1,2,0.5,1152.4792857142859,56.32038,10000,2,10213,0.26
1861,0.5581,55.82,4,9,0.444,1346.6178620689655,51.97468,10000,9,10222,1.14
1862,0.5579,63.65,4,5,0.8,1441.3602608695653,62.25966,10000,5,10227,0.65
1863,0.5577,-17.89,1,8,0.125,1159.2623703703703,57.97523,10000,8,10235,1.04
1864,0.5574,18.17,1,6,0.167,1248.2258571428572,54.52967,10000,6,10241,0.8
1865,0.5572,28.54,2,6,0.333,1200.2618695652175,52.90118,10000,6,10247,0.8
1866,0.557,25.95,2,7,0.286,1326.9581538461537,53.84473,10000,7,10254,0.86
1867,0.5567,7.29,3,6,0.5,1251.9131851851853,63.99961,10000,6,10260,0.75
1868,0.5565,45.32,2,7,0.286,1196.0224,64.55053,10000,7,10267,0.9
1869,0.5562,62.84,4,6,0.667,1557.8151923076923,60.91267,10000,6,10273,0.79
1870,0.556,19.25,2,5,0.4,1102.9653333333333,58.03045,10000,5,10278,0.67
1871,0.5558,48.58,3,7,0.429,1209.3995,51.45,10000,7,10285,0.93
1872,0.5555,43.7,3,6,0.5,1462.5745833333333,58.91189,10000,6,10291,0.79
1873,0.5553,71.36,5,11,0.455,1536.8602352941177,59.85537,10000,11,10302,1.44
1874,0.5551,37.8,6,8,0.75,1688.2589696969696,59.0293,10000,8,10310,0.94
1875,0.5548,47.87,5,6,0.833,1579.3546206896551,56.38995,10000,6,10316,0.77
1876,0.5546,43.28,3,8,0.375,1218.561962962963,52.36648,10000,8,10324,1.0
1877,0.5543,94.51,5,9,0.556,1496.7785333333334,55.20929,10000,9,10333,1.19
1878,0.5541,69.41,5,5,1.0,1283.3756666666666,65.77121,10000,5,10338,0.59
1879,0.5539,52.24,3,6,0.5,1095.5190454545454,58.99082,10000,6,10344,0.74
1880,0.5536,36.47,2,5,0.4,1238.6870000000001,52.12972,10000,5,10349,0.66
1881,0.5534,35.62,3,8,0.375,1890.6308125,60.28449,10000,8,10357,1.06
1882,0.5532,16.72,2,5,0.4,1155.22544,64.63066,10000,5,10362,0.65
1883,0.5529,69.83,6,8,0.75,1193.3536206896551,59.31007,10000,8,10370,1.03
1884,0.5527,11.34,1,6,0.167,1277.8574545454546,57.68566,10000,6,10376,0.81
1885,0.5524,52.55,3,4,0.75,1108.4860416666668,61.56958,10000,4,10380,0.52
1886,0.5522,8.89,2,4,0.5,1448.01016,59.52162,10000,4,10384,0.52
1887,0.552,17.55,1,8,0.125,1342.8723333333335,54.40929,10000,8,10392,1.05
1888,0.5517,35.97,5,7,0.714,1885.8036785714285,66.73595,10000,7,10399,0.91
1889,0.5515,31.81,2,5,0.4,1112.6432083333332,51.85226,10000,5,10404,0.61
1890,0.5513,31.97,3,7,0.429,1196.2171153846155,50.77028,10000,7,10411,0.93
1891,0.551,57.14,3,5,0.6,1395.86,51.44376,10000,5,10416,0.66
1892,0.5508,51.1,6,10,0.6,1883.9050967741937,56.22019,10000,10,10426,1.24
1893,0.5505,86.31,7,8,0.875,1403.6578275862068,59.02457,10000,8,10434,1.01
1894,0.5503,12.14,1,7,0.143,1140.40745,69.37378,10000,7,10441,0.95
1895,0.5501,22.43,2,6,0.333,1496.9187142857143,51.39205,10000,6,10447,0.76
1896,0.5498,39.79,4,8,0.5,1677.4953225806453,51.29861,10000,8,10455,0.92
1897,0.5496,40.04,2,7,0.286,1502.4279642857143,49.90343,10000,7,10462,0.93
1898,0.5493,40.38,2,5,0.4,1409.6207619047618,67.34638,10000,5,10467,0.66
1899,0.5491,18.4,2,2,1.0,1071.6929523809524,54.2588,10000,2,10469,0.28
1900,0.5489,37.41,3,6,0.5,1672.4747586206895,61.01005,10000,6,10475,0.75
1901,0.5486,34.22,2,5,0.4,1321.4862380952381,49.44672,10000,5,10480,0.53
1902,0.5484,15.52,1,4,0.25,1097.6489047619048,53.60222,10000,4,10484,0.49
1903,0.5482,36.34,2,6,0.333,1092.954,54.95966,10000,6,10490,0.75
1904,0.5479,15.95,2,3,0.667,1442.1737083333335,55.85237,10000,3,10493,0.38
1905,0.5477,1.56,1,6,0.167,1351.9238461538464,59.64884,10000,6,10499,0.76
1906,0.5474,42.35,4,7,0.571,1465.449,63.53789,10000,7,10506,0.86
1907,0.5472,13.95,1,4,0.25,1519.5524545454546,61.86734,10000,4,10510,0.5
1908,0.547,50.51,5,9,0.556,1881.836,53.76431,10000,9,10519,1.08
1909,0.5467,40.88,3,7,0.429,1400.0725416666664,51.60617,10000,7,10526,0.84
1910,0.5465,34.53,2,5,0.4,1077.0991666666666,55.91378,10000,5,10531,0.64
1911,0.5463,52.32,3,7,0.429,1011.703,60.58116,10000,7,10538,0.81
1912,0.546,4.26,1,4,0.25,1365.226695652174,50.3134,10000,4,10542,0.54
1913,0.5458,24.69,2,5,0.4,1587.5033333333333,50.54558,10000,5,10547,0.59
1914,0.5455,67.59,4,7,0.571,1492.336576923077,55.12972,10000,7,10554,0.79
1915,0.5453,118.1,7,10,0.7,1658.958088235294,52.93315,10000,10,10564,1.23
1916,0.5451,5.56,1,3,0.333,1260.5,53.5522,10000,3,10567,0.38
1917,0.5448,34.79,4,7,0.571,1564.8512,53.06012,10000,7,10574,0.85
1918,0.5446,29.26,4,7,0.571,1571.5144285714287,57.72536,10000,7,10581,0.76
1919,0.5444,21.88,1,3,0.333,1200.0283333333334,60.25328,10000,3,10584,0.31
1920,0.5441,46.71,4,7,0.571,1310.4632413793104,52.16698,10000,7,10591,0.7
1921,0.5439,8.46,3,8,0.375,1225.0597333333333,53.51046,10000,8,10599,0.83
1922,0.5436,33.21,4,6,0.667,1127.0083076923077,54.36419,10000,6,10605,0.62
1923,0.5434,53.66,3,4,0.75,1116.7677083333333,51.67581,10000,4,10609,0.44
1924,0.5432,37.35,2,6,0.333,1246.6011538461537,56.36426,10000,6,10615,0.61
1925,0.5429,54.07,5,9,0.556,1783.0212285714285,58.83849,10000,9,10624,0.91
1926,0.5427,24.84,2,3,0.667,1323.8261904761905,53.73982,10000,3,10627,0.29
1927,0.5425,59.08,5,6,0.833,1677.9186666666667,58.92142,10000,6,10633,0.61
1928,0.5422,39.6,2,6,0.333,1307.450814814815,51.36648,10000,6,10639,0.61
1929,0.542,34.08,4,8,0.5,1543.2200689655172,58.62754,10000,8,10647,0.88
1930,0.5417,48.16,4,9,0.444,1765.66596875,54.0429,10000,9,10656,0.95
1931,0.5415,45.31,3,6,0.5,1592.3373461538463,50.08417,10000,6,10662,0.61
1932,0.5413,16.68,4,8,0.5,1624.45796875,55.22834,10000,8,10670,0.81
1933,0.541,94.17,7,9,0.778,1482.3868571428573,53.17482,10000,9,10679,0.93
1934,0.5408,28.73,2,4,0.5,1497.8365217391304,57.47981,10000,4,10683,0.43
1935,0.5406,20.9,3,10,0.3,1274.2994193548386,52.71161,10000,10,10693,1.01
1936,0.5403,-3.89,1,4,0.25,1548.01476,61.9944,10000,4,10697,0.4
1937,0.5401,44.88,3,10,0.3,1324.186896551724,54.5257,10000,10,10707,1.03
1938,0.5398,68.47,5,7,0.714,1737.9842068965518,58.53161,10000,7,10714,0.73
1939,0.5396,9.01,1,9,0.111,1030.4488695652174,52.09113,10000,9,10723,1.01
1940,0.5394,51.78,3,7,0.429,1287.6293333333333,50.38809,10000,7,10730,0.72
1941,0.5391,10.99,1,3,0.333,1308.7,61.61263,10000,3,10733,0.3
1942,0.5389,69.84,4,8,0.5,1372.5594827586206,48.25053,10000,8,10741,0.81
1943,0.5387,8.86,1,5,0.2,1295.0125714285714,50.30342,10000,5,10746,0.52
1944,0.5384,63.14,4,5,0.8,1680.8860384615384,47.3454,10000,5,10751,0.51
1945,0.5382,70.26,5,7,0.714,1380.394392857143,54.54772,10000,7,10758,0.75
1946,0.5379,45.91,3,7,0.429,1421.7882608695652,48.99003,10000,7,10765,0.7
1947,0.5377,25.96,1,1,1.0,1440.1061000000002,77.83276,10000,1,10766,0.1
1948,0.5375,69.6,5,14,0.357,1343.84446875,56.32186,10000,14,10780,1.68
1949,0.5372,49.47,3,10,0.3,1433.8733846153846,54.73011,10000,10,10790,1.28
1950,0.537,15.91,1,5,0.2,1109.21232,60.18323,10000,5,10795,0.66
1951,0.5368,-5.19,1,4,0.25,1137.384380952381,52.2481,10000,4,10799,0.49
1952,0.5365,5.53,1,3,0.333,1152.1786086956522,54.51806,10000,3,10802,0.35
1953,0.5363,45.74,3,5,0.6,1327.0240384615386,74.61101,10000,5,10807,0.6
1954,0.536,54.88,3,7,0.429,1294.8868965517242,55.02285,10000,7,10814,0.86
1955,0.5358,32.91,2,6,0.333,1402.978962962963,62.84736,10000,6,10820,0.75
1956,0.5356,35.76,3,6,0.5,1078.3304782608695,55.75208,10000,6,10826,0.77
1957,0.5353,48.53,3,6,0.5,1208.0611199999998,68.03213,10000,6,10832,0.76
1958,0.5351,39.58,3,7,0.429,1465.3600869565216,55.2434,10000,7,10839,0.89
1959,0.5349,25.88,2,7,0.286,996.8624000000001,48.08835,10000,7,10846,0.85
1960,0.5346,24.32,2,5,0.4,1216.0430000000001,51.86689,10000,5,10851,0.64
1961,0.5344,33.52,2,3,0.667,1097.632761904762,54.8871,10000,3,10854,0.33
1962,0.5341,47.1,4,5,0.8,1828.3029999999999,46.57518,10000,5,10859,0.53
1963,0.5339,94.68,7,7,1.0,1614.9464814814814,59.0562,10000,7,10866,0.94
1964,0.5337,11.07,2,2,1.0,1560.00105,53.51134,10000,2,10868,0.27
1965,0.5334,17.52,3,6,0.5,1160.02784,51.15579,10000,6,10874,0.81
1966,0.5332,71.93,5,6,0.833,1393.1709615384616,55.77443,10000,6,10880,0.76
1967,0.533,48.06,6,6,1.0,1467.8111923076924,49.8573,10000,6,10886,0.75
1968,0.5327,42.97,3,4,0.75,1291.22212,56.13108,10000,4,10890,0.49
1969,0.5325,55.93,4,10,0.4,1717.7000294117647,58.35037,10000,10,10900,1.27
1970,0.5322,18.39,1,4,0.25,1210.0178333333333,53.49238,10000,4,10904,0.52
1971,0.532,42.74,4,6,0.667,1442.3961923076922,48.44078,10000,6,10910,0.79
1972,0.5318,26.17,3,7,0.429,1625.8398387096772,51.28808,10000,7,10917,0.87
1973,0.5315,16.14,2,6,0.333,1388.0,57.28304,10000,6,10923,0.75
1974,0.5313,52.36,3,5,0.6,1417.4429130434783,47.32459,10000,5,10928,0.69
1975,0.5311,49.32,4,7,0.571,1807.4897777777778,57.04135,10000,7,10935,0.86
1976,0.5308,34.13,3,7,0.429,1131.29175,56.55639,10000,7,10942,0.95
1977,0.5306,1.46,1,2,0.5,1255.2057,53.15231,10000,2,10944,0.27
1978,0.5303,33.52,3,4,0.75,1436.0073913043477,46.43775,10000,4,10948,0.53
1979,0.5301,44.83,5,9,0.556,1420.5891333333334,54.17151,10000,9,10957,1.2
1980,0.5299,60.7,3,9,0.333,1544.1363333333331,58.46641,10000,9,10966,1.1
1981,0.5296,13.86,1,4,0.25,1034.06365,62.21117,10000,4,10970,0.49
1982,0.5294,17.55,2,2,1.0,1077.2953333333332,46.35915,10000,2,10972,0.25
1983,0.5292,17.22,1,1,1.0,1334.1361000000002,49.21152,10000,1,10973,0.13
1984,0.5289,36.51,4,7,0.571,1418.5962222222222,57.25623,10000,7,10980,0.9
1985,0.5287,63.18,6,7,0.857,1596.369777777778,48.95432,10000,7,10987,0.87
1986,0.5284,38.74,3,8,0.375,1502.269,55.66924,10000,8,10995,1.04
1987,0.5282,58.77,3,5,0.6,1412.1607142857142,55.97346,10000,5,11000,0.66
1988,0.528,49.05,3,10,0.3,1520.8774583333334,52.57421,10000,10,11010,1.28
1989,0.5277,41.27,3,8,0.375,1393.4558333333334,56.41188,10000,8,11018,1.05
1990,0.5275,48.59,4,10,0.4,1448.7986666666666,54.25959,10000,10,11028,1.23
1991,0.5273,54.93,3,3,1.0,1626.2741739130433,62.03552,10000,3,11031,0.38
1992,0.527,41.43,4,6,0.667,1567.8454838709677,56.25569,10000,6,11037,0.71
1993,0.5268,12.19,2,7,0.286,1251.0842142857143,59.22037,10000,7,11044,0.85
1994,0.5265,33.04,2,8,0.25,1495.2846666666667,53.79612,10000,8,11052,1.03
1995,0.5263,27.87,3,12,0.25,1880.656387096774,52.35441,10000,12,11064,1.45
1996,0.5261,70.13,6,7,0.857,1478.6749642857144,53.65245,10000,7,11071,0.73
1997,0.5258,33.69,4,8,0.5,1702.986294117647,49.09848,10000,8,11079,0.8
1998,0.5256,18.67,1,7,0.143,1151.956,53.94666,10000,7,11086,0.69
1999,0.5254,45.35,3,8,0.375,1141.323652173913,57.71365,10000,8,11094,0.88
2000,0.5251,48.83,3,8,0.375,1458.7430344827587,50.18032,10000,8,11102,0.84
2001,0.5249,13.03,2,5,0.4,1450.007,53.63098,10000,5,11107,0.5
2002,0.5246,37.16,3,8,0.375,1353.7307407407407,50.31649,10000,8,11115,0.82
2003,0.5244,15.22,1,6,0.167,1010.4855714285715,49.18289,10000,6,11121,0.64
2004,0.5242,106.57,7,11,0.636,1396.3927647058827,54.15399,10000,11,11132,1.14
2005,0.5239,17.45,2,7,0.286,1194.3741333333335,51.18767,10000,7,11139,0.82
2006,0.5237,36.54,2,7,0.286,1663.0342962962964,47.80688,10000,7,11146,0.97
2007,0.5235,59.28,3,5,0.6,1039.0770476190478,59.37097,10000,5,11151,0.61
2008,0.5232,55.29,3,6,0.5,1425.0576785714286,56.19814,10000,6,11157,0.7
2009,0.523,65.11,4,7,0.571,1507.4851851851854,52.79458,10000,7,11164,0.86
2010,0.5227,0.12,1,4,0.25,1637.5076153846153,53.83552,10000,4,11168,0.66
2011,0.5225,49.49,3,6,0.5,1657.4550357142857,53.18499,10000,6,11174,0.84
2012,0.5223,17.19,1,4,0.25,1381.8215454545455,46.61523,10000,4,11178,0.44
2013,0.522,30.86,2,7,0.286,1441.0982857142858,55.33533,10000,7,11185,0.71
2014,0.5218,39.98,3,7,0.429,1472.00976,53.58842,10000,7,11192,0.72
2015,0.5216,22.79,1,8,0.125,1071.7912142857144,54.73836,10000,8,11200,0.8
2016,0.5213,45.95,3,7,0.429,1174.5974583333334,56.60652,10000,7,11207,0.72
2017,0.5211,28.0,7,10,0.7,1672.751212121212,53.45107,10000,10,11217,1.02
2018,0.5208,37.0,2,4,0.5,1500.0393846153847,59.26139,10000,4,11221,0.44
2019,0.5206,35.02,4,8,0.5,1248.1215757575758,51.52642,10000,8,11229,0.86
2020,0.5204,5.9,2,6,0.333,1231.5732307692308,47.62159,10000,6,11235,0.62
2021,0.5201,46.02,5,6,0.833,1094.3326153846153,51.93819,10000,6,11241,0.64
2022,0.5199,24.71,3,8,0.375,1236.5675384615386,57.02468,10000,8,11249,0.83
2023,0.5197,46.56,4,6,0.667,1306.911724137931,55.32504,10000,6,11255,0.69
2024,0.5194,45.25,3,7,0.429,1037.9660714285715,55.90923,10000,7,11262,0.75
2025,0.5192,15.66,3,9,0.333,1372.7174,49.08879,10000,9,11271,0.94
2026,0.5189,53.39,3,7,0.429,1468.635111111111,56.77404,10000,7,11278,0.71
2027,0.5187,35.02,3,5,0.6,1484.01408,47.15305,10000,5,11283,0.55
2028,0.5185,2.14,2,7,0.286,1306.4615714285715,54.51642,10000,7,11290,0.75
2029,0.5182,62.03,5,8,0.625,1422.3615862068966,55.76156,10000,8,11298,0.96
2030,0.518,22.05,0,2,0.0,1525.0,41.72611,10000,2,11300,0.22
2031,0.5178,16.6,1,4,0.25,1404.00592,52.98427,10000,4,11304,0.42
2032,0.5175,47.63,2,3,0.667,959.2475454545455,49.32848,10000,3,11307,0.34
2033,0.5173,38.95,1,2,0.5,1843.529,53.88743,10000,2,11309,0.21
2034,0.517,20.14,1,4,0.25,1418.8249090909092,58.75253,10000,4,11313,0.42
2035,0.5168,44.61,3,8,0.375,1585.2504814814815,50.50032,10000,8,11321,0.82
2036,0.5166,59.21,5,7,0.714,1606.6012258064513,62.45744,10000,7,11328,0.79
2037,0.5163,40.15,2,5,0.4,1422.782,49.12736,10000,5,11333,0.56
2038,0.5161,50.94,4,7,0.571,1475.9212413793105,46.56516,10000,7,11340,0.78
2039,0.5159,28.16,2,6,0.333,1321.9289629629627,51.49206,10000,6,11346,0.62
2040,0.5156,33.66,4,6,0.667,1152.2146086956523,54.74819,10000,6,11352,0.62
2041,0.5154,37.66,4,7,0.571,1457.7203846153845,62.45474,10000,7,11359,0.76
2042,0.5151,31.29,6,12,0.5,1812.168696969697,54.29398,10000,12,11371,1.26
2043,0.5149,52.1,2,4,0.5,1043.87825,69.98063,10000,4,11375,0.44
2044,0.5147,52.93,3,5,0.6,1353.9542608695651,55.60698,10000,5,11380,0.57
2045,0.5144,33.55,3,7,0.429,1159.7177307692307,49.04057,10000,7,11387,0.74
2046,0.5142,50.0,2,2,1.0,1206.9945,43.21699,10000,2,11389,0.2
2047,0.514,17.87,1,6,0.167,1338.6435454545453,54.1984,10000,6,11395,0.6
2048,0.5137,67.84,7,11,0.636,1637.3876285714286,55.61916,10000,11,11406,1.16
2049,0.5135,1.66,3,7,0.429,1711.5684615384614,56.56448,10000,7,11413,0.75
2050,0.5132,30.66,3,8,0.375,1449.5486451612903,54.06772,10000,8,11421,0.85
2051,0.513,37.32,3,5,0.6,1057.8341538461539,52.08572,10000,5,11426,0.52
2052,0.5128,94.24,7,8,0.875,1582.34284375,58.28344,10000,8,11434,0.9
2053,0.5125,62.44,3,5,0.6,1093.5706956521738,49.36808,10000,5,11439,0.53
2054,0.5123,61.56,4,7,0.571,1529.212125,53.74243,10000,7,11446,0.74
2055,0.5121,5.53,2,4,0.5,1185.2121481481481,49.67579,10000,4,11450,0.39
2056,0.5118,4.8,1,7,0.143,1098.1378333333334,52.09881,10000,7,11457,0.7
2057,0.5116,18.51,1,6,0.167,1405.4423333333334,64.90715,10000,6,11463,0.59
2058,0.5113,64.56,4,4,1.0,1061.7016538461537,58.86468,10000,4,11467,0.4
2059,0.5111,47.59,3,4,0.75,1284.8778695652175,53.43056,10000,4,11471,0.42
2060,0.5109,61.85,4,9,0.444,1212.9706923076924,51.96841,10000,9,11480,0.99
2061,0.5106,-7.75,0,5,0.0,1032.5,52.69077,10000,5,11485,0.54
2062,0.5104,21.23,1,7,0.143,1254.0,44.11008,10000,7,11492,0.74
2063,0.5102,69.17,5,10,0.5,1512.1028399999998,51.40379,10000,10,11502,1.1
2064,0.5099,-11.64,1,2,0.5,1114.3027619047618,43.68724,10000,2,11504,0.22
2065,0.5097,21.49,1,6,0.167,1465.1163076923076,57.11313,10000,6,11510,0.6
2066,0.5094,39.58,2,4,0.5,1390.9655454545455,56.11928,10000,4,11514,0.43
2067,0.5092,62.93,4,4,1.0,1381.8533636363636,51.00587,10000,4,11518,0.4
2068,0.509,45.43,3,6,0.5,1139.3463214285714,57.25083,10000,6,11524,0.6
2069,0.5087,23.23,3,6,0.5,1701.9229642857142,54.29225,10000,6,11530,0.66
2070,0.5085,34.77,3,7,0.429,1124.0667999999998,54.79888,10000,7,11537,0.74
2071,0.5083,20.69,1,6,0.167,1191.334956521739,53.55085,10000,6,11543,0.62
2072,0.508,9.07,2,4,0.5,1452.3833333333332,52.96293,10000,4,11547,0.41
2073,0.5078,54.23,5,7,0.714,1403.5081379310343,54.21693,10000,7,11554,0.76
2074,0.5075,85.98,6,11,0.545,1619.4968064516129,47.35717,10000,11,11565,1.37
2075,0.5073,45.13,3,7,0.429,1086.7065416666667,53.80599,10000,7,11572,0.82
2076,0.5071,24.76,2,5,0.4,1105.1979310344827,53.38553,10000,5,11577,0.66
2077,0.5068,7.37,2,3,0.667,1404.21525,59.11901,10000,3,11580,0.36
2078,0.5066,21.45,1,6,0.167,1365.21232,56.07929,10000,6,11586,0.78
2079,0.5064,26.98,3,6,0.5,1480.6630384615385,53.94038,10000,6,11592,0.77
2080,0.5061,44.15,3,5,0.6,1346.3228076923076,50.28958,10000,5,11597,0.62
2081,0.5059,76.19,5,6,0.833,1703.9508076923075,51.64804,10000,6,11603,0.76
2082,0.5056,38.46,3,5,0.6,1076.30275,41.91005,10000,5,11608,0.59
2083,0.5054,30.91,4,8,0.5,1210.073607142857,49.80924,10000,8,11616,1.06
2084,0.5052,39.61,1,3,0.333,1315.3592380952382,54.22272,10000,3,11619,0.39
2085,0.5049,49.34,5,11,0.455,1312.7681612903227,58.47057,10000,11,11630,1.36
2086,0.5047,14.13,3,6,0.5,1278.863,52.52861,10000,6,11636,0.72
2087,0.5045,49.98,2,2,1.0,1085.8625238095237,62.50476,10000,2,11638,0.26
2088,0.5042,34.1,4,5,0.8,1533.3597037037036,54.49589,10000,5,11643,0.66
2089,0.504,15.78,1,7,0.143,1152.5130000000001,49.1385,10000,7,11650,0.9
2090,0.5037,57.98,5,8,0.625,1740.1365666666668,58.30921,10000,8,11658,0.99
2091,0.5035,41.11,4,6,0.667,1242.2609565217392,52.14142,10000,6,11664,0.79
2092,0.5033,35.89,4,6,0.667,1266.03424,48.71052,10000,6,11670,0.78
2093,0.503,60.2,3,7,0.429,1381.5117777777778,51.65417,10000,7,11677,0.87
2094,0.5028,-8.0,0,3,0.0,1150.5,45.22436,10000,3,11680,0.4
2095,0.5026,34.7,3,5,0.6,1223.4583333333333,65.32535,10000,5,11685,0.64
2096,0.5023,21.35,1,3,0.333,1301.2,37.97663,10000,3,11688,0.4
2097,0.5021,12.69,1,6,0.167,1389.0032999999999,54.94245,10000,6,11694,0.76
2098,0.5018,40.16,3,10,0.3,1415.4246538461537,49.77509,10000,10,11704,1.24
2099,0.5016,26.64,3,9,0.333,1078.7706666666666,49.80507,10000,9,11713,1.07
2100,0.5014,40.66,4,7,0.571,1735.5398064516128,53.8368,10000,7,11720,0.86
2101,0.5011,47.68,3,9,0.333,1173.033851851852,58.27405,10000,9,11729,1.05
2102,0.5009,-9.94,1,12,0.083,1228.0194000000001,54.99497,10000,12,11741,1.47
2103,0.5007,8.12,1,2,0.5,1037.6361000000002,46.08752,10000,2,11743,0.22
2104,0.5004,24.92,2,4,0.5,1071.3415652173912,57.68462,10000,4,11747,0.45
2105,0.5002,37.3,7,10,0.7,1765.8067428571428,54.56804,10000,10,11757,1.22
2106,0.4999,44.03,3,9,0.333,1700.0285483870969,48.80947,10000,9,11766,1.13
2107,0.4997,64.07,6,9,0.667,1553.08134375,50.25968,10000,9,11775,1.13
2108,0.4995,75.71,7,9,0.778,1772.7981515151514,48.40707,10000,9,11784,1.19
2109,0.4992,19.75,3,6,0.5,1472.03152,46.34579,10000,6,11790,0.81
2110,0.499,34.46,3,8,0.375,1151.2605806451613,50.10092,10000,8,11798,0.96
2111,0.4987,17.19,2,6,0.333,1257.728076923077,56.60865,10000,6,11804,0.8
2112,0.4985,23.94,1,4,0.25,1219.26885,55.5571,10000,4,11808,0.44
2113,0.4983,48.9,4,7,0.571,1506.02916,46.46547,10000,7,11815,0.89
2114,0.498,23.86,1,5,0.2,1201.2549999999999,47.06216,10000,5,11820,0.65
2115,0.4978,38.11,2,9,0.222,1225.4032608695652,49.99744,10000,9,11829,1.17
2116,0.4976,10.51,2,11,0.182,1125.0432,50.23183,10000,11,11840,1.4
2117,0.4973,32.33,3,8,0.375,1603.6681785714286,50.61055,10000,8,11848,0.99
2118,0.4971,82.81,7,8,0.875,1640.1448333333333,48.15931,10000,8,11856,0.95
2119,0.4968,31.27,3,7,0.429,1870.3948888888888,43.91427,10000,7,11863,0.88
2120,0.4966,53.49,3,7,0.429,1629.1947916666668,50.25297,10000,7,11870,0.86
2121,0.4964,49.02,4,7,0.571,1428.4292,48.88569,10000,7,11877,0.85
2122,0.4961,70.86,5,7,0.714,1624.2120689655171,49.27473,10000,7,11884,0.88
2123,0.4959,39.53,4,10,0.4,1878.2598823529413,45.24334,10000,10,11894,1.23
2124,0.4957,32.9,4,7,0.571,1466.417103448276,49.76733,10000,7,11901,0.86
2125,0.4954,61.46,3,3,1.0,1381.3108750000001,63.16725,10000,3,11904,0.37
2126,0.4952,24.38,5,10,0.5,1256.8567333333333,45.95134,10000,10,11914,1.26
2127,0.4949,58.6,3,5,0.6,1076.50952,51.36649,10000,5,11919,0.6
2128,0.4947,7.99,2,4,0.5,1116.3051818181818,48.65177,10000,4,11923,0.47
2129,0.4945,47.68,3,5,0.6,1276.1896521739131,43.04908,10000,5,11928,0.62
2130,0.4942,38.83,3,8,0.375,1332.19525,51.31518,10000,8,11936,0.97
2131,0.494,26.63,2,6,0.333,1343.508,43.8433,10000,6,11942,0.72
2132,0.4938,36.37,3,5,0.6,1126.07,50.0146,10000,5,11947,0.57
2133,0.4935,16.31,2,4,0.5,1313.1704782608697,53.0332,10000,4,11951,0.5
2134,0.4933,73.64,5,7,0.714,1519.027551724138,60.27073,10000,7,11958,0.83
2135,0.493,55.01,4,7,0.571,1381.5546296296295,55.95831,10000,7,11965,0.82
2136,0.4928,18.21,2,4,0.5,1576.0266399999998,50.65693,10000,4,11969,0.44
2137,0.4926,34.36,2,5,0.4,1814.6465,49.62801,10000,5,11974,0.66
2138,0.4923,14.3,2,5,0.4,1328.6206666666667,48.09727,10000,5,11979,0.59
2139,0.4921,62.42,3,7,0.429,1257.3525454545454,43.38248,10000,7,11986,0.87
2140,0.4919,32.29,4,10,0.4,1360.0694400000002,45.62879,10000,10,11996,1.28
2141,0.4916,61.69,5,7,0.714,1195.12912,59.26361,10000,7,12003,0.85
2142,0.4914,54.33,3,7,0.429,1384.6750000000002,50.72764,10000,7,12010,0.9
2143,0.4911,27.85,2,5,0.4,1168.76475,52.11364,10000,5,12015,0.6
2144,0.4909,27.73,2,8,0.25,1173.9456086956523,52.59009,10000,8,12023,1.04
2145,0.4907,27.89,2,5,0.4,1195.859,52.44432,10000,5,12028,0.62
2146,0.4904,1.9,1,7,0.143,1212.05136,54.5659,10000,7,12035,0.86
2147,0.4902,58.83,4,5,0.8,1464.439304347826,47.20412,10000,5,12040,0.6
2148,0.49,36.2,2,7,0.286,1146.3201739130436,51.95006,10000,7,12047,0.89
2149,0.4897,23.14,2,5,0.4,1546.1729615384615,49.30904,10000,5,12052,0.62
2150,0.4895,78.2,7,10,0.7,1668.347818181818,54.02161,10000,10,12062,1.27
2151,0.4892,17.8,3,7,0.429,1448.286206896552,56.92786,10000,7,12069,0.89
2152,0.489,23.55,1,1,1.0,1895.1603,49.4885,10000,1,12070,0.13
2153,0.4888,49.53,4,5,0.8,1646.1975384615384,43.31048,10000,5,12075,0.67
2154,0.4885,32.85,2,5,0.4,1333.3786666666667,53.68841,10000,5,12080,0.68
2155,0.4883,85.36,5,9,0.556,1463.8079285714286,55.00904,10000,9,12089,1.17
2156,0.4881,12.54,1,2,0.5,1455.2391,44.25103,10000,2,12091,0.26
2157,0.4878,75.88,5,10,0.5,1329.7402592592591,50.97938,10000,10,12101,1.32
2158,0.4876,52.51,5,10,0.5,1340.2675862068963,53.57034,10000,10,12111,1.31
2159,0.4873,36.12,3,10,0.3,1600.0628965517242,48.04566,10000,10,12121,1.35
2160,0.4871,37.75,2,5,0.4,1360.0269199999998,66.29109,10000,5,12126,0.65
2161,0.4869,1.05,1,2,0.5,1330.0,54.4833,10000,2,12128,0.26
2162,0.4866,-1.35,0,5,0.0,1175.0,49.9891,10000,5,12133,0.65
2163,0.4864,5.4,1,3,0.333,1346.825,47.25572,10000,3,12136,0.39
2164,0.4862,61.15,4,5,0.8,1300.116,55.76769,10000,5,12141,0.63
2165,0.4859,41.93,4,5,0.8,1703.765925925926,58.94881,10000,5,12146,0.64
2166,0.4857,53.78,9,11,0.818,1609.338303030303,48.20214,10000,11,12157,1.49
2167,0.4854,28.69,2,7,0.286,1047.658,53.33679,10000,7,12164,0.9
2168,0.4852,-0.5,0,3,0.0,1465.0,48.53059,10000,3,12167,0.42
2169,0.485,-4.65,0,4,0.0,1242.5,52.98993,10000,4,12171,0.54
2170,0.4847,61.8,7,10,0.7,1231.171935483871,55.6936,10000,10,12181,1.35
2171,0.4845,27.73,2,6,0.333,1188.0296799999999,38.4217,10000,6,12187,0.8
2172,0.4843,22.7,1,7,0.143,926.3777826086957,41.59651,10000,7,12194,0.92
2173,0.484,18.21,2,6,0.333,1280.0581379310345,50.37631,10000,6,12200,0.75
2174,0.4838,19.65,1,5,0.2,1475.0030833333333,51.8849,10000,5,12205,0.6
2175,0.4835,-4.5,0,5,0.0,1255.5,53.90726,10000,5,12210,0.63
2176,0.4833,35.85,2,5,0.4,1250.2165,47.66151,10000,5,12215,0.61
2177,0.4831,61.04,3,7,0.429,1750.0569666666668,47.30787,10000,7,12222,0.88
2178,0.4828,7.98,5,12,0.417,1344.6129722222222,42.44678,10000,12,12234,1.45
2179,0.4826,21.42,2,10,0.2,1250.0207272727273,54.30917,10000,10,12244,1.19
2180,0.4824,38.07,4,8,0.5,1396.4832142857142,44.10944,10000,8,12252,0.97
2181,0.4821,-4.52,1,4,0.25,1150.00225,53.53131,10000,4,12256,0.48
2182,0.4819,45.05,3,5,0.6,1391.121392857143,46.71968,10000,5,12261,0.64
2183,0.4816,49.38,3,5,0.6,1424.3085999999998,47.19383,10000,5,12266,0.61
2184,0.4814,42.13,2,5,0.4,1067.695619047619,47.28453,10000,5,12271,0.58
2185,0.4812,16.87,1,4,0.25,1372.7275,44.33824,10000,4,12275,0.49
2186,0.4809,55.76,3,7,0.429,1381.2892173913044,45.52403,10000,7,12282,0.86
2187,0.4807,28.06,1,4,0.25,1349.5719130434784,55.30878,10000,4,12286,0.49
2188,0.4805,18.86,1,5,0.2,1128.0803448275863,47.19693,10000,5,12291,0.63
2189,0.4802,76.26,5,6,0.833,1256.6946666666665,46.72975,10000,6,12297,0.78
2190,0.48,37.25,4,7,0.571,1161.2022222222222,51.02846,10000,7,12304,0.91
2191,0.4797,34.7,2,6,0.333,1433.3900370370372,45.61506,10000,6,12310,0.77
2192,0.4795,54.83,3,6,0.5,1279.1935833333334,45.68559,10000,6,12316,0.78
2193,0.4793,26.92,1,1,1.0,1292.6639,38.11515,10000,1,12317,0.14
2194,0.479,21.15,1,5,0.2,1156.0108,46.99375,10000,5,12322,0.63
2195,0.4788,25.65,2,5,0.4,1382.5,57.96614,10000,5,12327,0.62
2196,0.4786,51.43,6,8,0.75,1728.5974642857143,45.08305,10000,8,12335,1.01
2197,0.4783,20.77,1,7,0.143,1038.200090909091,53.1268,10000,7,12342,0.87
2198,0.4781,41.03,3,5,0.6,1602.2500833333334,53.54296,10000,5,12347,0.67
2199,0.4778,19.74,3,7,0.429,1272.8889642857143,51.92575,10000,7,12354,0.9
2200,0.4776,111.2,8,11,0.727,1313.6866666666667,48.60042,10000,11,12365,1.45
2201,0.4774,49.99,3,8,0.375,1503.9398846153845,52.63997,10000,8,12373,0.92
2202,0.4771,53.79,3,4,0.75,1500.082,48.49814,10000,4,12377,0.48
2203,0.4769,24.45,1,6,0.167,1104.0998518518518,50.02237,10000,6,12383,0.72
2204,0.4767,17.01,2,8,0.25,1696.888875,45.62784,10000,8,12391,0.99
2205,0.4764,96.88,7,10,0.7,1873.4612,48.38272,10000,10,12401,1.25
2206,0.4762,68.58,4,8,0.5,1126.1007407407408,57.3307,10000,8,12409,0.96
2207,0.4759,43.69,3,4,0.75,1218.3664545454544,44.74902,10000,4,12413,0.48
2208,0.4757,81.87,6,7,0.857,1239.7888461538462,52.23823,10000,7,12420,0.84
2209,0.4755,35.69,3,7,0.429,1812.5054583333333,46.46326,10000,7,12427,0.82
2210,0.4752,24.87,2,7,0.286,1474.01552,53.53128,10000,7,12434,0.83
2211,0.475,81.59,5,6,0.833,1807.0095172413792,52.2704,10000,6,12440,0.82
2212,0.4748,36.0,2,5,0.4,1319.7987826086955,64.74585,10000,5,12445,0.67
2213,0.4745,50.23,3,10,0.3,1413.8975,46.65197,10000,10,12455,1.35
2214,0.4743,54.76,5,6,0.833,1412.03616,59.41313,10000,6,12461,0.81
2215,0.474,22.52,1,8,0.125,1420.0442,51.70813,10000,8,12469,1.09
2216,0.4738,43.99,3,5,0.6,1244.15456,45.44649,10000,5,12474,0.67
2217,0.4736,94.71,6,6,1.0,1639.5145357142858,50.61167,10000,6,12480,0.81
2218,0.4733,43.02,2,4,0.5,1339.1699130434783,38.11255,10000,4,12484,0.53
2219,0.4731,36.37,3,5,0.6,1320.06052,41.63124,10000,5,12489,0.64
2220,0.4729,61.86,4,8,0.5,1150.0843333333332,60.52468,10000,8,12497,1.01
2221,0.4726,36.86,2,8,0.25,1524.356909090909,52.47937,10000,8,12505,1.08
2222,0.4724,35.3,3,8,0.375,1257.7412307692307,46.8653,10000,8,12513,0.99
2223,0.4721,30.46,7,13,0.538,1372.859875,48.99689,10000,13,12526,1.77
2224,0.4719,53.61,4,8,0.5,1223.3190714285715,49.8616,10000,8,12534,1.09
2225,0.4717,31.89,5,8,0.625,1678.720857142857,51.08811,10000,8,12542,1.03
2226,0.4714,74.5,4,5,0.8,1762.6408333333331,51.07554,10000,5,12547,0.68
2227,0.4712,61.31,6,9,0.667,1484.6203076923075,55.98665,10000,9,12556,1.21
2228,0.471,38.17,2,6,0.333,1317.4107826086956,49.72057,10000,6,12562,0.8
2229,0.4707,80.31,8,13,0.615,1566.2256363636363,46.98817,10000,13,12575,1.75
2230,0.4705,40.62,3,8,0.375,1265.439142857143,49.6017,10000,8,12583,1.07
2231,0.4702,61.48,5,9,0.556,1432.8512758620689,41.64945,10000,9,12592,1.2
2232,0.47,21.08,2,4,0.5,1081.3617916666667,40.94636,10000,4,12596,0.54
2233,0.4698,65.49,6,11,0.545,1814.3739142857146,47.57626,10000,11,12607,1.48
2234,0.4695,43.83,2,3,0.667,1168.2358181818183,53.27116,10000,3,12610,0.42
2235,0.4693,62.88,3,3,1.0,1859.2166818181818,56.10864,10000,3,12613,0.4
2236,0.4691,13.47,2,5,0.4,1124.0395999999998,50.02467,10000,5,12618,0.67
2237,0.4688,46.11,4,7,0.571,1551.941925925926,52.49542,10000,7,12625,0.95
2238,0.4686,56.14,3,8,0.375,1580.6350000000002,49.13196,10000,8,12633,1.07
2239,0.4683,19.43,2,7,0.286,1186.2327586206898,46.76635,10000,7,12640,0.93
2240,0.4681,12.5,2,3,0.667,1143.5539130434781,40.60006,10000,3,12643,0.4
2241,0.4679,20.93,1,4,0.25,1130.8393333333333,54.50819,10000,4,12647,0.49
2242,0.4676,9.42,2,7,0.286,1164.873037037037,50.14039,10000,7,12654,0.87
2243,0.4674,37.59,3,9,0.333,1318.82440625,45.55342,10000,9,12663,1.21
2244,0.4672,11.35,1,5,0.2,1295.0,38.98081,10000,5,12668,0.67
2245,0.4669,73.7,6,7,0.857,1274.849,50.0002,10000,7,12675,0.96
2246,0.4667,18.66,1,1,1.0,1265.10025,49.64404,10000,1,12676,0.14
2247,0.4664,64.42,4,7,0.571,1235.2728,49.49227,10000,7,12683,0.92
2248,0.4662,16.48,1,6,0.167,1247.0878333333333,53.68465,10000,6,12689,0.82
2249,0.466,50.32,5,11,0.455,1810.5751842105265,50.43415,10000,11,12700,1.46
2250,0.4657,12.26,1,4,0.25,1463.6372272727274,53.8609,10000,4,12704,0.54
2251,0.4655,29.15,2,7,0.286,1142.9588095238096,51.31105,10000,7,12711,0.95
2252,0.4653,44.22,4,6,0.667,1313.6550769230769,47.70788,10000,6,12717,0.7
2253,0.465,11.21,3,7,0.429,1782.202,55.63815,10000,7,12724,0.92
2254,0.4648,0.43,0,9,0.0,1305.0,46.3098,10000,9,12733,1.2
2255,0.4645,53.53,5,9,0.556,1396.8627000000001,52.08204,10000,9,12742,1.21
2256,0.4643,56.1,3,7,0.429,1386.176392857143,40.95622,10000,7,12749,0.95
2257,0.4641,57.06,4,6,0.667,1493.4048666666667,46.33457,10000,6,12755,0.8
2258,0.4638,10.19,1,6,0.167,1135.1907407407407,41.61612,10000,6,12761,0.82
2259,0.4636,47.63,4,7,0.571,1355.2368620689654,51.45243,10000,7,12768,0.95
2260,0.4634,64.95,4,5,0.8,1328.11152,43.02176,10000,5,12773,0.64
2261,0.4631,11.73,1,6,0.167,997.5228999999999,50.97692,10000,6,12779,0.77
2262,0.4629,62.36,4,6,0.667,1884.6671153846155,47.3519,10000,6,12785,0.79
2263,0.4626,34.11,2,5,0.4,1561.5633846153846,47.73692,10000,5,12790,0.67
2264,0.4624,30.92,2,3,0.667,1422.7817272727273,45.78935,10000,3,12793,0.41
2265,0.4622,49.92,4,5,0.8,1127.1802500000001,52.21503,10000,5,12798,0.65
2266,0.4619,-5.1,1,3,0.333,1566.40432,43.46685,10000,3,12801,0.34
2267,0.4617,28.29,3,5,0.6,1392.0938,63.37726,10000,5,12806,0.67
2268,0.4615,19.35,2,4,0.5,1388.03144,45.93853,10000,4,12810,0.53
2269,0.4612,8.2,0,3,0.0,1367.5,42.10649,10000,3,12813,0.39
2270,0.461,42.26,3,6,0.5,1519.8618148148148,46.53383,10000,6,12819,0.82
2271,0.4607,33.43,2,5,0.4,1194.04872,54.61455,10000,5,12824,0.67
2272,0.4605,65.77,5,8,0.625,1418.5820740740742,49.4937,10000,8,12832,1.09
2273,0.4603,30.35,2,5,0.4,1566.046,47.36635,10000,5,12837,0.68
2274,0.46,65.25,4,8,0.5,1350.1278620689654,47.77648,10000,8,12845,1.09
2275,0.4598,18.33,4,6,0.667,1600.159642857143,47.36722,10000,6,12851,0.79
2276,0.4596,-1.41,1,4,0.25,1263.6568636363636,47.48314,10000,4,12855,0.57
2277,0.4593,59.98,3,3,1.0,1340.9086521739132,59.27854,10000,3,12858,0.41
2278,0.4591,41.78,3,7,0.429,1643.5864166666668,46.87604,10000,7,12865,0.89
2279,0.4588,24.31,3,6,0.5,1058.56152,50.01061,10000,6,12871,0.82
2280,0.4586,3.21,1,6,0.167,1355.0049999999999,55.15314,10000,6,12877,0.8
2281,0.4584,53.17,3,4,0.75,1492.4669199999998,48.40609,10000,4,12881,0.54
2282,0.4581,40.45,3,10,0.3,1479.5714827586207,44.53127,10000,10,12891,1.34
2283,0.4579,45.92,4,8,0.5,1680.7833846153846,50.28815,10000,8,12899,1.06
2284,0.4577,61.78,4,9,0.444,1579.608142857143,44.22194,10000,9,12908,1.22
2285,0.4574,61.89,4,4,1.0,1190.8161739130435,61.54448,10000,4,12912,0.53
2286,0.4572,51.2,2,4,0.5,1178.3108695652174,53.08821,10000,4,12916,0.53
2287,0.4569,29.63,3,6,0.5,1853.1624375000001,56.74874,10000,6,12922,0.79
2288,0.4567,8.26,1,7,0.143,1256.0049999999999,45.50001,10000,7,12929,0.87
2289,0.4565,22.55,2,4,0.5,1433.414125,39.46436,10000,4,12933,0.5
2290,0.4562,42.24,3,7,0.429,1180.0975,44.57722,10000,7,12940,0.95
2291,0.456,26.71,2,4,0.5,918.2401818181818,48.91668,10000,4,12944,0.47
2292,0.4558,72.03,3,6,0.5,1453.9143846153847,46.26441,10000,6,12950,0.78
2293,0.4555,50.42,4,7,0.571,1442.845423076923,46.14978,10000,7,12957,0.94
2294,0.4553,64.93,4,8,0.5,1437.0856666666664,52.14826,10000,8,12965,1.07
2295,0.455,29.93,2,4,0.5,1019.080380952381,49.70673,10000,4,12969,0.53
2296,0.4548,19.48,2,3,0.667,1325.5054545454548,53.45204,10000,3,12972,0.41
2297,0.4546,38.04,3,5,0.6,1227.8888260869564,53.26014,10000,5,12977,0.63
2298,0.4543,20.62,3,7,0.429,1312.53925,50.87084,10000,7,12984,0.93
2299,0.4541,33.06,2,5,0.4,1628.01024,48.70889,10000,5,12989,0.57
2300,0.4539,-8.73,0,6,0.0,1055.0,52.0504,10000,6,12995,0.76
2301,0.4536,35.96,3,7,0.429,1610.0903333333333,41.7476,10000,7,13002,0.84
2302,0.4534,67.5,3,4,0.75,1446.2703076923076,55.17686,10000,4,13006,0.5
2303,0.4531,29.37,2,6,0.333,1633.1875833333331,51.14742,10000,6,13012,0.69
2304,0.4529,19.24,2,10,0.2,1551.598375,45.52514,10000,10,13022,1.2
2305,0.4527,28.84,1,4,0.25,1116.01232,53.58406,10000,4,13026,0.51
2306,0.4524,28.69,3,7,0.429,1317.6573999999998,48.21612,10000,7,13033,0.84
2307,0.4522,53.01,6,12,0.5,1437.6542258064517,46.25483,10000,12,13045,1.51
2308,0.452,65.98,4,6,0.667,1282.2527142857143,46.11494,10000,6,13051,0.74
2309,0.4517,49.57,4,9,0.444,1659.1855151515153,47.6154,10000,9,13060,1.15
2310,0.4515,57.88,4,5,0.8,1300.1508000000001,43.2088,10000,5,13065,0.68
2311,0.4512,39.57,2,6,0.333,1085.4592173913043,44.25093,10000,6,13071,0.82
2312,0.451,46.54,2,7,0.286,1175.1403636363636,44.16208,10000,7,13078,0.95
2313,0.4508,26.06,3,5,0.6,1331.5214814814815,44.2228,10000,5,13083,0.67
2314,0.4505,53.34,3,7,0.429,1426.3178846153846,42.70769,10000,7,13090,0.93
2315,0.4503,40.27,7,10,0.7,1722.3416944444443,49.11015,10000,10,13100,1.35
2316,0.4501,67.33,5,7,0.714,1710.4378965517244,44.3395,10000,7,13107,0.86
2317,0.4498,-3.41,1,3,0.333,1295.241619047619,40.7738,10000,3,13110,0.39
2318,0.4496,35.02,2,7,0.286,1238.921740740741,56.20655,10000,7,13117,0.93
2319,0.4493,8.23,1,6,0.167,1057.5849,56.6345,10000,6,13123,0.81
2320,0.4491,18.16,1,3,0.333,1284.0567999999998,39.67263,10000,3,13126,0.38
2321,0.4489,59.23,4,10,0.4,1263.0869655172412,49.09289,10000,10,13136,1.32
2322,0.4486,74.79,3,6,0.5,1266.7148888888887,49.21223,10000,6,13142,0.81
2323,0.4484,15.03,2,7,0.286,1146.7106666666666,46.1709,10000,7,13149,0.88
2324,0.4481,48.2,4,6,0.667,1396.7145,53.92052,10000,6,13155,0.77
2325,0.4479,34.08,2,12,0.167,1417.6939705882353,45.81692,10000,12,13167,1.5
2326,0.4477,71.19,5,11,0.455,1362.6081666666666,51.95153,10000,11,13178,1.43
2327,0.4474,34.22,3,5,0.6,1461.691653846154,43.56747,10000,5,13183,0.64
2328,0.4472,74.09,6,6,1.0,1392.0921600000001,47.1372,10000,6,13189,0.8
2329,0.447,11.61,3,4,0.75,1488.0696399999997,50.88873,10000,4,13193,0.54
2330,0.4467,30.23,2,7,0.286,1333.421238095238,48.44583,10000,7,13200,0.94
2331,0.4465,60.95,5,6,0.833,1430.1441538461538,50.59354,10000,6,13206,0.8
2332,0.4462,-3.67,1,5,0.2,1435.4193750000002,49.51374,10000,5,13211,0.66
2333,0.446,25.39,4,7,0.571,1716.263193548387,44.75198,10000,7,13218,0.95
2334,0.4458,27.74,3,4,0.75,1884.3525200000001,47.62937,10000,4,13222,0.55
2335,0.4455,25.26,2,4,0.5,1200.0487826086955,44.84017,10000,4,13226,0.52
2336,0.4453,10.04,1,9,0.111,1452.2767272727272,42.26352,10000,9,13235,1.17
2337,0.4451,79.97,4,6,0.667,1638.517307692308,46.36131,10000,6,13241,0.82
2338,0.4448,67.56,5,5,1.0,1844.1119999999999,42.75198,10000,5,13246,0.69
2339,0.4446,31.9,3,6,0.5,1401.03,46.67761,10000,6,13252,0.83
2340,0.4443,22.6,2,3,0.667,1090.0922608695653,58.55789,10000,3,13255,0.42
2341,0.4441,25.3,1,6,0.167,1240.7462222222223,56.2443,10000,6,13261,0.76
2342,0.4439,86.22,7,10,0.7,1735.5303529411765,48.0908,10000,10,13271,1.35
2343,0.4436,30.08,2,7,0.286,1598.124,52.21012,10000,7,13278,0.9
2344,0.4434,47.29,2,7,0.286,1210.0708928571428,42.81973,10000,7,13285,0.91
2345,0.4432,73.43,4,7,0.571,1292.2479615384616,46.17385,10000,7,13292,0.95
2346,0.4429,19.7,2,5,0.4,1304.03144,47.29955,10000,5,13297,0.64
2347,0.4427,28.3,2,7,0.286,1134.8423846153846,45.65613,10000,7,13304,0.84
2348,0.4424,64.2,3,8,0.375,1385.2345185185184,50.0545,10000,8,13312,1.06
2349,0.4422,45.11,4,6,0.667,1307.469148148148,43.42553,10000,6,13318,0.82
2350,0.442,44.16,2,6,0.333,1260.887304347826,41.54502,10000,6,13324,0.8
2351,0.4417,31.91,3,5,0.6,1258.4320833333334,44.45045,10000,5,13329,0.67
2352,0.4415,11.15,2,8,0.25,1305.26216,46.97514,10000,8,13337,1.09
2353,0.4413,63.93,4,8,0.5,1254.2685,49.88879,10000,8,13345,1.09
2354,0.441,22.43,2,7,0.286,1236.02096,45.11842,10000,7,13352,0.96
2355,0.4408,46.36,6,12,0.5,1894.6862972972972,47.69773,10000,12,13364,1.58
2356,0.4405,24.74,2,3,0.667,1340.00165,53.90651,10000,3,13367,0.39
2357,0.4403,47.25,2,3,0.667,1285.8233333333333,48.95472,10000,3,13370,0.34
2358,0.4401,42.33,3,5,0.6,1400.02544,49.01895,10000,5,13375,0.65
2359,0.4398,49.18,3,4,0.75,1032.15408,44.53875,10000,4,13379,0.55
2360,0.4396,13.46,2,4,0.5,1200.0596666666668,48.82827,10000,4,13383,0.53
2361,0.4394,61.27,5,8,0.625,1323.4134000000001,42.50816,10000,8,13391,1.0
2362,0.4391,26.92,2,3,0.667,1416.7645714285713,43.13448,10000,3,13394,0.4
2363,0.4389,47.86,4,7,0.571,1177.8902222222223,50.33773,10000,7,13401,0.96
2364,0.4386,92.71,6,10,0.6,1280.2155333333333,56.54722,10000,10,13411,1.3
2365,0.4384,9.28,1,3,0.333,1217.1909,57.91398,10000,3,13414,0.42
2366,0.4382,87.21,5,7,0.714,1370.444,51.56415,10000,7,13421,0.94
2367,0.4379,23.39,2,7,0.286,1276.04768,47.02456,10000,7,13428,0.88
2368,0.4377,-1.73,2,7,0.286,1250.0046428571427,48.42809,10000,7,13435,0.89
2369,0.4375,35.31,2,4,0.5,1535.0881739130434,40.33663,10000,4,13439,0.55
2370,0.4372,30.43,5,10,0.5,1136.06021875,47.32288,10000,10,13449,1.32
2371,0.437,-1.6,0,4,0.0,1170.2,44.20262,10000,4,13453,0.51
2372,0.4367,14.85,1,6,0.167,1451.851851851852,52.78605,10000,6,13459,0.79
2373,0.4365,37.42,2,5,0.4,1390.04888,46.576,10000,5,13464,0.68
2374,0.4363,83.49,4,7,0.571,1689.6388749999999,49.78326,10000,7,13471,0.93
2375,0.436,52.69,3,4,0.75,1495.7242608695653,44.26632,10000,4,13475,0.54
2376,0.4358,44.26,3,9,0.333,1192.9085,52.47261,10000,9,13484,1.18
2377,0.4356,56.57,2,7,0.286,1500.0466785714286,47.89674,10000,7,13491,0.94
2378,0.4353,35.49,3,5,0.6,1260.878347826087,56.77356,10000,5,13496,0.68
2379,0.4351,1.95,0,4,0.0,1045.0,59.02858,10000,4,13500,0.56
2380,0.4348,48.02,2,4,0.5,1195.6568695652174,55.7715,10000,4,13504,0.53
2381,0.4346,35.45,7,10,0.7,1894.0560606060606,50.26709,10000,10,13514,1.36
2382,0.4344,37.62,4,5,0.8,1106.981153846154,54.68358,10000,5,13519,0.67
2383,0.4341,53.24,3,6,0.5,1152.2722608695651,54.44691,10000,6,13525,0.81
2384,0.4339,30.21,2,4,0.5,1273.125,47.67628,10000,4,13529,0.55
2385,0.4337,44.3,2,6,0.333,1128.9032307692307,46.23053,10000,6,13535,0.8
2386,0.4334,22.78,1,1,1.0,1430.13805,51.06695,10000,1,13536,0.12
2387,0.4332,15.31,2,6,0.333,1347.8554782608696,48.37784,10000,6,13542,0.75
2388,0.4329,54.89,4,9,0.444,1881.1224054054057,43.02811,10000,9,13551,1.22
2389,0.4327,39.88,4,7,0.571,1242.4498461538462,55.09953,10000,7,13558,0.88
2390,0.4325,49.29,5,7,0.714,1237.6855714285714,42.31351,10000,7,13565,0.93
2391,0.4322,39.46,2,5,0.4,1451.883851851852,47.33478,10000,5,13570,0.68
2392,0.432,61.1,6,8,0.75,1883.449133333333,52.51045,10000,8,13578,1.07
2393,0.4318,28.4,4,7,0.571,1356.0410399999998,52.87898,10000,7,13585,0.93
2394,0.4315,35.7,3,5,0.6,1191.55216,44.30844,10000,5,13590,0.61
2395,0.4313,34.46,6,7,0.857,1514.2252068965518,51.22224,10000,7,13597,0.86
2396,0.431,36.19,2,7,0.286,1617.458956521739,47.79876,10000,7,13604,0.95
2397,0.4308,41.53,4,8,0.5,1515.4267096774195,44.8317,10000,8,13612,1.09
2398,0.4306,29.4,2,8,0.25,1480.8284615384616,42.27821,10000,8,13620,0.97
2399,0.4303,12.06,1,5,0.2,1152.2111304347825,43.72057,10000,5,13625,0.68
2400,0.4301,2.17,1,2,0.5,1650.0327000000002,45.16971,10000,2,13627,0.28
2401,0.4299,-4.26,1,2,0.5,1286.3767272727273,52.6754,10000,2,13629,0.23
2402,0.4296,9.44,1,3,0.333,1087.59555,32.06069,10000,3,13632,0.35
2403,0.4294,20.56,2,6,0.333,1084.0494,45.5621,10000,6,13638,0.75
2404,0.4291,53.71,2,3,0.667,1445.3769523809524,57.51457,10000,3,13641,0.36
2405,0.4289,34.38,3,7,0.429,1350.0251785714286,46.37946,10000,7,13648,0.88
2406,0.4287,48.39,5,7,0.714,1481.6765925925924,49.88412,10000,7,13655,0.86
2407,0.4284,31.47,1,2,0.5,1566.59065,43.80671,10000,2,13657,0.24
2408,0.4282,54.79,3,9,0.333,1879.5921363636364,49.54039,10000,9,13666,1.12
2409,0.428,45.45,4,6,0.667,1440.8254444444444,47.53618,10000,6,13672,0.75
2410,0.4277,12.09,2,6,0.333,1123.8664999999999,54.73134,10000,6,13678,0.8
2411,0.4275,53.72,3,4,0.75,1024.0175652173912,49.52505,10000,4,13682,0.55
2412,0.4272,34.29,3,6,0.5,1424.0726399999999,46.45815,10000,6,13688,0.78
2413,0.427,42.79,2,4,0.5,1616.00836,40.46025,10000,4,13692,0.54
2414,0.4268,47.72,5,7,0.714,1521.542714285714,45.45837,10000,7,13699,0.87
2415,0.4265,68.65,4,9,0.444,1624.1984827586207,42.66386,10000,9,13708,1.2
2416,0.4263,12.71,1,5,0.2,1257.6245714285715,43.68994,10000,5,13713,0.64
2417,0.4261,60.95,7,12,0.583,1553.85896875,48.87743,10000,12,13725,1.55
2418,0.4258,69.71,5,5,1.0,1570.9234583333334,42.03051,10000,5,13730,0.68
2419,0.4256,22.56,2,8,0.25,1200.0602083333333,47.86265,10000,8,13738,0.96
2420,0.4253,46.33,2,5,0.4,1291.3420869565216,46.9039,10000,5,13743,0.66
2421,0.4251,17.73,3,6,0.5,1218.21192,55.30472,10000,6,13749,0.81
2422,0.4249,54.97,4,8,0.5,1140.1778666666664,47.22238,10000,8,13757,1.05
2423,0.4246,46.95,3,6,0.5,1144.751642857143,46.28257,10000,6,13763,0.82
2424,0.4244,-5.65,1,4,0.25,1226.82,53.6886,10000,4,13767,0.54
2425,0.4242,63.46,9,11,0.818,1808.957617647059,53.15565,10000,11,13778,1.47
2426,0.4239,51.44,5,6,0.833,1372.04296,49.58981,10000,6,13784,0.82
2427,0.4237,54.78,4,5,0.8,1640.0978400000001,47.72143,10000,5,13789,0.66
2428,0.4234,36.77,3,6,0.5,1317.4239130434783,49.97636,10000,6,13795,0.83
2429,0.4232,17.05,1,6,0.167,1504.3527391304347,55.18285,10000,6,13801,0.85
2430,0.423,27.21,3,9,0.333,1755.0455161290322,46.67339,10000,9,13810,1.22
2431,0.4227,49.91,3,7,0.429,1625.9563703703705,51.42254,10000,7,13817,0.95
2432,0.4225,41.89,2,6,0.333,1530.033,46.31857,10000,6,13823,0.8
2433,0.4223,72.32,5,6,0.833,1438.5983846153847,42.97186,10000,6,13829,0.75
2434,0.422,36.31,4,8,0.5,1538.3533333333335,43.16537,10000,8,13837,1.03
2435,0.4218,22.74,2,7,0.286,1246.163,44.70604,10000,7,13844,0.95
2436,0.4215,61.46,3,4,0.75,1547.9662608695653,53.64375,10000,4,13848,0.56
2437,0.4213,26.97,1,6,0.167,1272.7321818181817,46.79359,10000,6,13854,0.77
2438,0.4211,42.47,2,5,0.4,1736.05056,47.42639,10000,5,13859,0.67
2439,0.4208,31.81,3,8,0.375,1030.4339285714286,48.1122,10000,8,13867,1.07
2440,0.4206,40.46,4,5,0.8,1304.05504,50.68061,10000,5,13872,0.58
2441,0.4204,0.73,1,4,0.25,1344.006,41.12528,10000,4,13876,0.55
2442,0.4201,53.16,3,5,0.6,1348.5574814814813,40.83154,10000,5,13881,0.66
2443,0.4199,57.13,3,7,0.429,1270.4831851851852,45.36433,10000,7,13888,0.93
2444,0.4196,58.46,3,5,0.6,1679.1929583333333,47.74293,10000,5,13893,0.67
2445,0.4194,63.1,6,9,0.667,1381.0223703703703,46.22679,10000,9,13902,1.19
2446,0.4192,10.58,2,10,0.2,1473.1248076923077,42.77765,10000,10,13912,1.27
2447,0.4189,48.21,4,7,0.571,1559.3377037037037,44.12193,10000,7,13919,0.88
2448,0.4187,79.52,4,7,0.571,1296.372,46.99096,10000,7,13926,0.91
2449,0.4185,29.5,3,10,0.3,1459.281259259259,40.77213,10000,10,13936,1.25
2450,0.4182,45.36,3,5,0.6,1105.4799166666667,51.23802,10000,5,13941,0.62
2451,0.418,6.4,3,9,0.333,1180.2960416666667,44.31919,10000,9,13950,1.15
2452,0.4177,11.6,0,4,0.0,1190.0,45.72674,10000,4,13954,0.51
2453,0.4175,51.81,2,3,0.667,1204.6672173913043,55.87483,10000,3,13957,0.41
2454,0.4173,8.0,2,3,0.667,1120.465181818182,50.11659,10000,3,13960,0.41
2455,0.417,14.04,1,9,0.111,1414.2975454545456,55.72786,10000,9,13969,1.18
2456,0.4168,42.46,3,6,0.5,1105.8459615384616,44.18375,10000,6,13975,0.81
2457,0.4166,23.59,2,5,0.4,1170.0575199999998,40.84993,10000,5,13980,0.68
2458,0.4163,36.42,2,4,0.5,1452.02032,43.6239,10000,4,13984,0.56
2459,0.4161,26.57,1,3,0.333,968.02135,43.25678,10000,3,13987,0.41
2460,0.4158,23.6,1,8,0.125,1238.1019047619047,45.20707,10000,8,13995,1.09
2461,0.4156,29.85,2,8,0.25,1120.8280344827585,47.72606,10000,8,14003,1.08
2462,0.4154,40.18,3,6,0.5,1777.6065517241377,45.45761,10000,6,14009,0.81
2463,0.4151,77.23,7,9,0.778,1646.57075,44.83427,10000,9,14018,1.23
2464,0.4149,36.78,2,4,0.5,1533.354925925926,43.50628,10000,4,14022,0.51
2465,0.4147,37.91,4,13,0.308,1269.7728787878787,46.37613,10000,13,14035,1.76
2466,0.4144,73.56,5,8,0.625,1413.8889199999999,56.79269,10000,8,14043,1.08
2467,0.4142,62.56,4,4,1.0,1474.4690434782608,47.26775,10000,4,14047,0.54
2468,0.4139,89.04,5,5,1.0,1350.62008,44.78948,10000,5,14052,0.65
2469,0.4137,44.6,3,9,0.333,1712.5583749999998,52.72834,10000,9,14061,1.11
2470,0.4135,48.34,2,7,0.286,1193.0621739130436,44.80353,10000,7,14068,0.96
2471,0.4132,18.29,2,6,0.333,1366.00492,49.34526,10000,6,14074,0.8
2472,0.413,77.29,6,6,1.0,1640.1620333333333,47.50245,10000,6,14080,0.8
2473,0.4128,33.01,3,8,0.375,1439.3077777777778,51.32115,10000,8,14088,1.08
2474,0.4125,2.41,1,2,0.5,1390.1281,31.25506,10000,2,14090,0.27
2475,0.4123,76.71,5,9,0.556,1793.6369032258065,41.16073,10000,9,14099,1.21
2476,0.412,23.25,3,10,0.3,1152.0372,49.78401,10000,10,14109,1.34
2477,0.4118,38.65,3,5,0.6,1289.6854999999998,49.51541,10000,5,14114,0.7
2478,0.4116,75.62,5,8,0.625,1506.35275,42.99074,10000,8,14122,1.03
2479,0.4113,61.31,5,7,0.714,1424.9076153846154,50.84299,10000,7,14129,0.95
2480,0.4111,42.88,3,6,0.5,1510.3920909090907,47.42937,10000,6,14135,0.81
2481,0.4109,14.14,1,4,0.25,1040.4440869565217,40.25629,10000,4,14139,0.53
2482,0.4106,51.43,5,5,1.0,1130.97076,48.78466,10000,5,14144,0.65
2483,0.4104,49.21,3,7,0.429,1368.7827826086957,45.7008,10000,7,14151,0.94
2484,0.4101,39.49,1,2,0.5,1309.654476190476,47.77116,10000,2,14153,0.28
2485,0.4099,44.32,4,6,0.667,1658.9874285714286,46.09119,10000,6,14159,0.75
2486,0.4097,57.79,4,7,0.571,1469.5,42.93359,10000,7,14166,0.96
2487,0.4094,7.02,1,4,0.25,1400.2670869565218,58.75939,10000,4,14170,0.54
2488,0.4092,17.8,1,9,0.111,1530.7708461538462,52.08092,10000,9,14179,1.16
2489,0.409,67.95,4,8,0.5,1371.6486428571427,43.04938,10000,8,14187,1.07
2490,0.4087,19.53,1,7,0.143,1396.405,47.08997,10000,7,14194,0.94
2491,0.4085,32.69,3,4,0.75,1684.7488846153844,53.59779,10000,4,14198,0.52
2492,0.4082,39.25,3,4,0.75,1545.9852499999997,49.13183,10000,4,14202,0.54
2493,0.408,4.61,2,4,0.5,1226.5607083333334,40.87266,10000,4,14206,0.53
2494,0.4078,33.55,3,9,0.333,1536.0952000000002,38.29271,10000,9,14215,1.25
2495,0.4075,20.16,6,11,0.545,1888.640885714286,46.07789,10000,11,14226,1.48
2496,0.4073,18.28,1,3,0.333,1425.0692,57.74554,10000,3,14229,0.38
2497,0.4071,82.66,5,6,0.833,1707.463037037037,48.14608,10000,6,14235,0.8
2498,0.4068,31.54,3,6,0.5,1176.8724642857144,45.8948,10000,6,14241,0.76
2499,0.4066,34.14,2,4,0.5,1022.9804166666667,47.41278,10000,4,14245,0.48
2500,0.4063,58.9,4,6,0.667,1518.627851851852,43.23814,10000,6,14251,0.83
2501,0.4061,41.73,4,7,0.571,1510.8189285714286,48.50255,10000,7,14258,0.77
2502,0.4059,55.89,4,6,0.667,1376.174608695652,49.02237,10000,6,14264,0.71
2503,0.4056,18.13,2,8,0.25,1022.4648000000001,51.38615,10000,8,14272,0.91
2504,0.4054,44.01,3,11,0.273,1389.3084285714285,48.38333,10000,11,14283,1.29
2505,0.4052,65.86,6,10,0.6,1194.9099687500002,48.098,10000,10,14293,1.31
2506,0.4049,76.03,5,8,0.625,1742.712393939394,49.66457,10000,8,14301,1.0
2507,0.4047,26.08,2,7,0.286,1040.88208,49.27163,10000,7,14308,0.92
2508,0.4044,28.89,2,12,0.167,1379.1816666666666,48.66989,10000,12,14320,1.57
2509,0.4042,38.95,4,7,0.571,1517.3051034482758,47.03324,10000,7,14327,0.91
2510,0.404,57.16,5,6,0.833,1654.5481428571427,61.91853,10000,6,14333,0.8
2511,0.4037,24.77,1,7,0.143,1662.980074074074,47.41511,10000,7,14340,0.88
2512,0.4035,61.32,3,4,0.75,1417.416304347826,48.8867,10000,4,14344,0.52
2513,0.4033,72.63,5,5,1.0,1467.5069565217393,45.70767,10000,5,14349,0.67
2514,0.403,55.77,3,7,0.429,1520.7602758620687,47.25577,10000,7,14356,0.95
2515,0.4028,40.05,3,7,0.429,1069.4868965517242,55.11184,10000,7,14363,0.94
2516,0.4025,85.85,6,10,0.6,1219.455714285714,46.87323,10000,10,14373,1.33
2517,0.4023,26.33,2,7,0.286,1613.0559130434783,47.66,10000,7,14380,0.9
2518,0.4021,72.44,3,3,1.0,1486.4209545454544,62.77348,10000,3,14383,0.39
2519,0.4018,61.86,5,11,0.455,1278.4241818181818,50.1241,10000,11,14394,1.48
2520,0.4016,7.02,1,4,0.25,1203.8124285714287,38.59946,10000,4,14398,0.49
2521,0.4014,4.05,0,5,0.0,1012.5,46.74472,10000,5,14403,0.63
2522,0.4011,60.1,5,8,0.625,1252.13632,47.39844,10000,8,14411,1.05
2523,0.4009,114.51,7,8,0.875,1410.9362857142858,53.70277,10000,8,14419,1.01
2524,0.4006,19.48,2,4,0.5,1036.8602727272728,48.86079,10000,4,14423,0.46
2525,0.4004,80.77,5,10,0.5,1417.7873636363636,46.30842,10000,10,14433,1.32
2526,0.4002,59.64,4,7,0.571,1419.7156785714285,45.77379,10000,7,14440,0.9
2527,0.3999,26.45,1,4,0.25,1515.0049999999999,45.40971,10000,4,14444,0.49
2528,0.3997,10.26,1,4,0.25,1264.3572173913044,54.60053,10000,4,14448,0.42
2529,0.3994,85.89,6,10,0.6,1475.9278064516127,52.63047,10000,10,14458,1.01
2530,0.3992,42.16,3,6,0.5,1544.4772592592592,48.20394,10000,6,14464,0.65
2531,0.399,80.94,4,6,0.667,1461.6443076923074,46.0605,10000,6,14470,0.78
2532,0.3987,7.75,0,5,0.0,961.0,50.85781,10000,5,14475,0.61
2533,0.3985,26.49,7,10,0.7,1862.948657142857,46.0063,10000,10,14485,1.24
2534,0.3983,26.31,2,3,0.667,1440.9692727272727,53.66229,10000,3,14488,0.39
2535,0.398,70.09,6,9,0.667,1634.6661538461535,41.73817,10000,9,14497,1.13
2536,0.3978,56.34,4,7,0.571,1600.061,43.45202,10000,7,14504,0.9
2537,0.3975,45.79,3,7,0.429,1495.89175,46.45496,10000,7,14511,0.82
2538,0.3973,41.74,2,3,0.667,1350.2220909090909,52.01481,10000,3,14514,0.38
2539,0.3971,50.47,2,5,0.4,1317.6927600000001,46.11953,10000,5,14519,0.66
2540,0.3968,45.75,3,5,0.6,1118.2373181818182,44.72392,10000,5,14524,0.65
2541,0.3966,13.7,1,1,1.0,1360.0,44.47999,10000,1,14525,0.13
2542,0.3964,66.99,6,10,0.6,1790.0810666666666,47.55466,10000,10,14535,1.31
2543,0.3961,49.43,3,6,0.5,1074.0267826086958,50.62424,10000,6,14541,0.77
2544,0.3959,25.98,1,4,0.25,1269.1397391304347,51.17168,10000,4,14545,0.52
2545,0.3956,36.29,3,7,0.429,1130.0481599999998,46.49861,10000,7,14552,0.89
2546,0.3954,46.83,3,8,0.375,1273.0179166666667,48.15597,10000,8,14560,1.02
2547,0.3952,80.09,3,5,0.6,1362.21416,39.45062,10000,5,14565,0.65
2548,0.3949,69.3,4,6,0.667,1553.7599285714284,44.39109,10000,6,14571,0.82
2549,0.3947,54.31,5,7,0.714,1746.534642857143,42.21396,10000,7,14578,0.89
2550,0.3945,2.24,1,5,0.2,1382.9359130434784,46.2931,10000,5,14583,0.64
2551,0.3942,-6.55,0,3,0.0,1045.0,47.10246,10000,3,14586,0.4
2552,0.394,52.25,5,9,0.556,1533.0233333333333,51.74239,10000,9,14595,1.18
2553,0.3937,24.48,1,3,0.333,1050.0004999999999,49.18124,10000,3,14598,0.37
2554,0.3935,30.43,3,5,0.6,1546.2003076923077,51.81211,10000,5,14603,0.63
2555,0.3933,62.78,5,13,0.385,1267.8773235294118,46.77375,10000,13,14616,1.71
2556,0.393,22.91,4,9,0.444,1117.2164545454543,43.46791,10000,9,14625,1.13
2557,0.3928,3.7,2,3,0.667,1379.5871304347827,37.06725,10000,3,14628,0.37
2558,0.3926,11.83,2,4,0.5,1066.7042916666667,42.8061,10000,4,14632,0.5
2559,0.3923,65.61,4,7,0.571,1296.5454285714284,41.3544,10000,7,14639,0.88
2560,0.3921,64.09,4,5,0.8,1229.713230769231,38.01358,10000,5,14644,0.61
2561,0.3918,25.56,2,6,0.333,1042.671851851852,48.23309,10000,6,14650,0.78
2562,0.3916,82.43,5,6,0.833,1389.189333333333,48.8817,10000,6,14656,0.79
2563,0.3914,58.56,5,7,0.714,1533.4189629629632,43.83883,10000,7,14663,0.9
2564,0.3911,9.6,0,3,0.0,1110.0,43.42029,10000,3,14666,0.39
2565,0.3909,49.36,5,10,0.5,1511.9200344827584,40.98937,10000,10,14676,1.34
2566,0.3907,66.5,4,7,0.571,1430.8267692307693,47.50798,10000,7,14683,0.89
2567,0.3904,97.15,7,10,0.7,1487.2551935483868,46.78427,10000,10,14693,1.33
2568,0.3902,33.41,4,8,0.5,1143.4405666666667,46.05521,10000,8,14701,1.04
2569,0.3899,28.79,2,6,0.333,1669.2630769230768,41.88419,10000,6,14707,0.77
2570,0.3897,28.88,2,6,0.333,1118.40888,43.44481,10000,6,14713,0.77
2571,0.3895,31.17,2,5,0.4,1191.3140434782608,45.48186,10000,5,14718,0.64
2572,0.3892,30.38,3,6,0.5,1524.0595199999998,43.13478,10000,6,14724,0.79
2573,0.389,17.92,2,4,0.5,1330.4717826086958,50.76993,10000,4,14728,0.51
2574,0.3888,52.57,4,9,0.444,1571.4795357142855,49.43811,10000,9,14737,1.14
2575,0.3885,47.71,3,8,0.375,1137.779423076923,44.64637,10000,8,14745,0.97
2576,0.3883,11.67,1,6,0.167,1093.5108695652175,48.77237,10000,6,14751,0.83
2577,0.388,52.84,3,5,0.6,1454.2140833333333,58.00815,10000,5,14756,0.66
2578,0.3878,28.88,4,10,0.4,1484.3719999999998,48.30138,10000,10,14766,1.3
2579,0.3876,63.24,4,7,0.571,1470.3546785714284,51.34811,10000,7,14773,0.88
2580,0.3873,-0.42,1,2,0.5,1371.4285714285713,44.25625,10000,2,14775,0.25
2581,0.3871,80.83,6,7,0.857,1740.1317999999999,44.35261,10000,7,14782,0.88
2582,0.3869,63.52,4,5,0.8,1064.7751153846152,47.78298,10000,5,14787,0.68
2583,0.3866,59.13,4,5,0.8,1251.4191250000001,46.17188,10000,5,14792,0.63
2584,0.3864,66.33,4,5,0.8,1341.7142500000002,45.41815,10000,5,14797,0.65
2585,0.3861,56.51,4,7,0.571,1271.68815625,45.67611,10000,7,14804,0.94
2586,0.3859,55.88,4,7,0.571,1298.1091999999999,47.66205,10000,7,14811,0.91
2587,0.3857,38.7,4,6,0.667,1172.9743333333333,50.02797,10000,6,14817,0.79
2588,0.3854,30.92,5,12,0.417,1612.1588484848485,49.10634,10000,12,14829,1.6
2589,0.3852,36.83,2,5,0.4,1161.9538095238095,60.59137,10000,5,14834,0.68
2590,0.385,65.82,5,10,0.5,1788.7119142857143,46.27088,10000,10,14844,1.3
2591,0.3847,34.13,2,4,0.5,1215.5000909090909,42.08804,10000,4,14848,0.51
2592,0.3845,65.4,5,6,0.833,1234.2918846153846,41.78252,10000,6,14854,0.75
2593,0.3842,61.52,4,9,0.444,1391.3900869565218,43.45707,10000,9,14863,1.14
2594,0.384,18.75,0,4,0.0,1150.5,53.98235,10000,4,14867,0.51
2595,0.3838,44.33,3,8,0.375,1326.416074074074,50.80593,10000,8,14875,1.06
2596,0.3835,75.22,4,7,0.571,1351.1237142857142,50.40611,10000,7,14882,0.94
2597,0.3833,33.67,1,5,0.2,1359.2366923076925,38.94414,10000,5,14887,0.67
2598,0.3831,51.78,5,9,0.556,1496.6977931034485,48.26303,10000,9,14896,1.16
2599,0.3828,41.76,2,5,0.4,1054.5197777777778,40.94899,10000,5,14901,0.71
2600,0.3826,17.68,5,8,0.625,1716.3172580645162,44.4169,10000,8,14909,1.12
2601,0.3823,58.59,3,5,0.6,1161.523875,48.25078,10000,5,14914,0.57
2602,0.3821,89.5,6,9,0.667,1200.2922068965518,46.70362,10000,9,14923,1.11
2603,0.3819,11.29,1,8,0.125,1134.0428,45.31542,10000,8,14931,0.99
2604,0.3816,58.79,3,6,0.5,1077.1842083333333,52.37074,10000,6,14937,0.75
2605,0.3814,63.4,7,10,0.7,1765.8819142857142,41.25972,10000,10,14947,1.28
2606,0.3812,46.56,4,8,0.5,1703.2817419354838,50.29162,10000,8,14955,1.02
2607,0.3809,61.8,5,9,0.556,1588.8300344827585,45.97165,10000,9,14964,1.11
2608,0.3807,53.44,2,10,0.2,1734.7206153846155,48.12066,10000,10,14974,1.3
2609,0.3804,82.11,5,9,0.556,1455.2549310344825,49.49977,10000,9,14983,1.14
2610,0.3802,3.7,0,5,0.0,1139.25,40.31124,10000,5,14988,0.63
2611,0.38,27.86,1,5,0.2,1210.01545,51.88348,10000,5,14993,0.68
2612,0.3797,19.59,2,3,0.667,1225.1760000000002,40.13067,10000,3,14996,0.41
2613,0.3795,39.79,3,7,0.429,1542.6257407407409,51.21602,10000,7,15003,0.96
2614,0.3793,64.9,4,5,0.8,1305.3175,52.88249,10000,5,15008,0.67
2615,0.379,42.34,4,11,0.364,1267.3359696969696,40.91899,10000,11,15019,1.49
2616,0.3788,40.77,3,8,0.375,1069.6108695652174,40.51571,10000,8,15027,1.1
2617,0.3785,97.09,5,9,0.556,1571.6022857142855,49.25795,10000,9,15036,1.15
2618,0.3783,73.83,6,10,0.6,1685.9110285714285,46.00553,10000,10,15046,1.29
2619,0.3781,26.24,1,8,0.125,1875.0049999999999,48.52959,10000,8,15054,1.02
2620,0.3778,44.35,5,9,0.556,1706.3382812500001,43.76461,10000,9,15063,1.21
2621,0.3776,41.35,2,6,0.333,1370.5001818181818,39.93321,10000,6,15069,0.84
2622,0.3774,44.62,3,7,0.429,1641.4133103448278,39.00226,10000,7,15076,0.9
2623,0.3771,32.9,6,9,0.667,1887.2021785714285,45.48764,10000,9,15085,1.17
2624,0.3769,31.41,3,9,0.333,1532.7002758620688,50.48497,10000,9,15094,1.16
2625,0.3766,46.08,3,7,0.429,1416.0381599999998,44.23679,10000,7,15101,0.92
2626,0.3764,21.47,6,10,0.6,1305.2694,43.77641,10000,10,15111,1.31
2627,0.3762,9.21,1,5,0.2,1087.9334166666667,44.99517,10000,5,15116,0.63
2628,0.3759,27.94,3,5,0.6,1116.4422272727272,42.60102,10000,5,15121,0.62
2629,0.3757,38.64,2,4,0.5,1306.5365217391304,44.92311,10000,4,15125,0.51
2630,0.3755,-11.0,0,2,0.0,1290.0,40.34663,10000,2,15127,0.26
2631,0.3752,83.28,6,11,0.545,1443.5401666666667,43.63474,10000,11,15138,1.47
2632,0.375,47.02,3,8,0.375,1144.7732857142857,47.12326,10000,8,15146,1.08
2633,0.3747,71.0,4,6,0.667,1326.1418695652173,43.90061,10000,6,15152,0.79
2634,0.3745,8.05,1,4,0.25,1492.8674285714285,42.88478,10000,4,15156,0.55
2635,0.3743,42.06,5,6,0.833,1330.9090769230768,41.65791,10000,6,15162,0.83
2636,0.374,24.21,2,3,0.667,1550.1162272727272,53.08416,10000,3,15165,0.4
2637,0.3738,19.25,2,6,0.333,1814.64625,44.16331,10000,6,15171,0.77
2638,0.3736,25.08,3,5,0.6,1395.7561600000001,47.6642,10000,5,15176,0.68
2639,0.3733,65.1,4,5,0.8,1296.142956521739,48.1584,10000,5,15181,0.64
2640,0.3731,7.9,0,9,0.0,1390.0,44.35447,10000,9,15190,1.08
2641,0.3728,50.03,3,5,0.6,1139.192956521739,45.82242,10000,5,15195,0.67
2642,0.3726,58.78,5,8,0.625,1411.1834814814813,55.02285,10000,8,15203,1.03
2643,0.3724,32.86,2,6,0.333,1135.7533333333333,45.44933,10000,6,15209,0.82
2644,0.3721,97.93,6,7,0.857,1246.3032307692306,46.85025,10000,7,15216,0.89
2645,0.3719,18.63,1,5,0.2,1180.01245,43.55047,10000,5,15221,0.63
2646,0.3717,70.7,5,9,0.556,1213.1554838709678,45.31297,10000,9,15230,1.22
2647,0.3714,46.38,4,7,0.571,1499.2682,45.14463,10000,7,15237,0.96
2648,0.3712,30.86,2,8,0.25,1152.270827586207,46.39533,10000,8,15245,1.11
2649,0.3709,53.23,5,9,0.556,1603.5594137931034,46.06792,10000,9,15254,1.23
2650,0.3707,61.17,6,8,0.75,1617.9435714285714,57.07398,10000,8,15262,1.06
2651,0.3705,55.96,4,8,0.5,1470.4183333333333,50.97259,10000,8,15270,1.07
2652,0.3702,28.22,4,8,0.5,1894.5128888888892,52.15082,10000,8,15278,0.99
2653,0.37,48.16,4,10,0.4,1730.388787878788,44.83011,10000,10,15288,1.3
2654,0.3698,37.62,4,8,0.5,1403.7803703703703,45.03086,10000,8,15296,1.08
2655,0.3695,67.35,5,11,0.455,1508.8700000000001,42.97234,10000,11,15307,1.49
2656,0.3693,31.6,3,6,0.5,1553.7655,53.30654,10000,6,15313,0.82
2657,0.369,24.2,2,7,0.286,1315.460769230769,51.8239,10000,7,15320,0.94
2658,0.3688,53.96,5,8,0.625,1293.5915862068966,47.8938,10000,8,15328,1.02
2659,0.3686,80.18,7,11,0.636,1706.1245757575757,45.9908,10000,11,15339,1.45
2660,0.3683,57.17,2,2,1.0,1331.9429545454548,47.48852,10000,2,15341,0.26
2661,0.3681,45.03,3,6,0.5,1295.8700000000001,45.41145,10000,6,15347,0.79
2662,0.3679,46.2,3,4,0.75,1200.0600909090908,50.79809,10000,4,15351,0.52
2663,0.3676,45.31,2,3,0.667,1282.2712608695654,46.04709,10000,3,15354,0.38
2664,0.3674,51.22,2,4,0.5,1276.02568,41.80817,10000,4,15358,0.49
2665,0.3671,25.13,3,5,0.6,1688.5108461538462,45.61931,10000,5,15363,0.62
2666,0.3669,28.21,1,6,0.167,1486.367,42.51313,10000,6,15369,0.75
2667,0.3667,81.5,5,9,0.556,1174.2097777777776,46.75456,10000,9,15378,1.3
2668,0.3664,72.42,3,3,1.0,1482.6957391304347,42.06435,10000,3,15381,0.48
2669,0.3662,33.84,3,7,0.429,1314.116,48.8608,10000,7,15388,1.03
2670,0.366,5.24,1,4,0.25,1098.2859130434783,42.64618,10000,4,15392,0.61
2671,0.3657,58.38,3,6,0.5,1244.5459259259262,44.5323,10000,6,15398,0.87
2672,0.3655,6.57,1,3,0.333,935.103090909091,55.82857,10000,3,15401,0.42
2673,0.3652,72.99,4,9,0.444,1291.546357142857,43.95897,10000,9,15410,1.27
2674,0.365,52.83,3,5,0.6,1500.1069583333335,39.95367,10000,5,15415,0.72
2675,0.3648,33.54,3,6,0.5,1241.4714545454544,44.40234,10000,6,15421,0.83
2676,0.3645,52.48,5,6,0.833,1248.11264,37.94952,10000,6,15427,0.88
2677,0.3643,70.63,7,11,0.636,1753.4149333333335,44.7197,10000,11,15438,1.63
2678,0.3641,68.89,6,8,0.75,1310.8659642857144,42.36096,10000,8,15446,1.15
2679,0.3638,30.08,2,6,0.333,1301.8592592592593,40.83293,10000,6,15452,0.85
2680,0.3636,63.96,5,10,0.5,1477.732741935484,50.02675,10000,10,15462,1.39
2681,0.3633,33.45,2,7,0.286,1140.7807777777778,40.83106,10000,7,15469,0.98
2682,0.3631,21.22,2,4,0.5,1365.1252727272727,44.78083,10000,4,15473,0.51
2683,0.3629,41.25,2,5,0.4,1404.02584,47.34979,10000,5,15478,0.69
2684,0.3626,72.92,4,5,0.8,1109.71872,41.252,10000,5,15483,0.64
2685,0.3624,58.39,4,7,0.571,1473.1944230769232,51.15206,10000,7,15490,0.94
2686,0.3622,28.71,2,8,0.25,1383.7744666666665,48.40195,10000,8,15498,1.14
2687,0.3619,24.3,3,6,0.5,1461.2827692307692,49.91892,10000,6,15504,0.8
2688,0.3617,43.56,2,3,0.667,1098.5742272727273,42.59464,10000,3,15507,0.39
2689,0.3614,81.61,7,11,0.636,1357.6312580645163,47.98666,10000,11,15518,1.43
2690,0.3612,39.49,7,11,0.636,1222.8770967741937,43.56358,10000,11,15529,1.44
2691,0.361,51.43,3,5,0.6,1425.1215714285715,54.50968,10000,5,15534,0.64
2692,0.3607,10.4,0,5,0.0,1205.0,41.8013,10000,5,15539,0.61
2693,0.3605,33.07,3,3,1.0,1271.8756086956523,44.49493,10000,3,15542,0.38
2694,0.3603,67.81,5,7,0.714,1203.863925925926,49.20421,10000,7,15549,0.9
2695,0.36,43.96,3,8,0.375,1422.9962500000001,40.13649,10000,8,15557,1.05
2696,0.3598,41.77,3,8,0.375,1796.00864,45.37932,10000,8,15565,1.03
2697,0.3595,38.64,2,6,0.333,1041.5322222222223,42.72601,10000,6,15571,0.79
2698,0.3593,85.07,7,8,0.875,1613.7773333333332,44.58029,10000,8,15579,1.08
2699,0.3591,60.9,4,6,0.667,1298.5542307692308,50.95964,10000,6,15585,0.79
2700,0.3588,20.11,2,6,0.333,1170.3998148148148,48.00602,10000,6,15591,0.78
2701,0.3586,42.24,3,6,0.5,1478.2839565217394,38.39766,10000,6,15597,0.91
2702,0.3584,63.37,4,7,0.571,1550.0487407407406,43.44325,10000,7,15604,1.01
2703,0.3581,57.47,3,7,0.429,1081.3448461538462,50.51413,10000,7,15611,1.05
2704,0.3579,45.69,7,11,0.636,1726.6923235294119,43.71502,10000,11,15622,1.47
2705,0.3576,64.55,6,10,0.6,1874.270806451613,41.80976,10000,10,15632,1.45
2706,0.3574,77.95,5,6,0.833,1140.6303076923077,48.63133,10000,6,15638,0.87
2707,0.3572,63.02,5,9,0.556,1350.1665357142858,44.80868,10000,9,15647,1.38
2708,0.3569,87.89,4,5,0.8,1182.225730769231,44.40202,10000,5,15652,0.75
2709,0.3567,46.5,2,7,0.286,1770.8478333333333,40.53581,10000,7,15659,1.03
2710,0.3565,51.49,2,3,0.667,1415.325043478261,48.00472,10000,3,15662,0.53
2711,0.3562,53.67,4,6,0.667,1818.8695624999998,43.87977,10000,6,15668,0.85
2712,0.356,48.07,4,6,0.667,1425.256,48.67082,10000,6,15674,0.8
2713,0.3557,56.37,4,11,0.364,1485.8084285714285,45.15327,10000,11,15685,1.55
2714,0.3555,44.96,3,4,0.75,1369.6068695652173,40.09239,10000,4,15689,0.56
2715,0.3553,46.07,3,7,0.429,1455.730074074074,42.93013,10000,7,15696,1.16
2716,0.355,39.45,3,6,0.5,1272.776090909091,47.854,10000,6,15702,0.78
2717,0.3548,81.33,5,7,0.714,1603.3982666666666,50.80721,10000,7,15709,1.09
2718,0.3546,64.81,4,6,0.667,1438.5201923076925,50.45916,10000,6,15715,0.85
2719,0.3543,57.58,4,6,0.667,1344.5002222222222,54.22045,10000,6,15721,0.83
2720,0.3541,31.68,3,6,0.5,1179.2283333333332,48.36646,10000,6,15727,0.81
2721,0.3538,35.48,5,6,0.833,1537.89956,45.90412,10000,6,15733,0.75
2722,0.3536,19.91,3,9,0.333,1281.5624074074074,46.82278,10000,9,15742,1.24
2723,0.3534,16.36,2,4,0.5,1226.7335833333334,43.55169,10000,4,15746,0.64
2724,0.3531,56.9,5,8,0.625,1250.202888888889,49.52834,10000,8,15754,1.22
2725,0.3529,49.95,3,4,0.75,1691.7116666666668,46.47689,10000,4,15758,0.58
2726,0.3527,63.6,4,8,0.5,1810.0601666666664,50.33688,10000,8,15766,1.25
2727,0.3524,8.55,2,4,0.5,1479.5996923076925,55.3263,10000,4,15770,0.65
2728,0.3522,37.0,3,4,0.75,1400.4435769230768,49.91722,10000,4,15774,0.56
2729,0.3519,108.37,7,9,0.778,1542.623655172414,47.52381,10000,9,15783,1.29
2730,0.3517,31.46,3,6,0.5,1271.31424,39.97511,10000,6,15789,0.91
2731,0.3515,90.14,5,5,1.0,1414.7372500000001,40.24896,10000,5,15794,0.72
2732,0.3512,38.1,3,8,0.375,1083.9883870967742,43.86135,10000,8,15802,1.11
2733,0.351,61.36,6,12,0.5,1776.7434666666668,41.2803,10000,12,15814,1.73
2734,0.3508,16.95,2,3,0.667,1156.550086956522,50.8711,10000,3,15817,0.44
2735,0.3505,24.96,1,7,0.143,1870.0049999999999,43.36042,10000,7,15824,0.92
2736,0.3503,67.24,4,6,0.667,1144.09372,46.35321,10000,6,15830,0.86
2737,0.35,67.22,3,7,0.429,1538.9825384615385,52.44189,10000,7,15837,1.01
2738,0.3498,57.36,4,8,0.5,1588.093576923077,45.62803,10000,8,15845,1.15
2739,0.3496,17.35,2,6,0.333,1198.121076923077,47.46412,10000,6,15851,0.84
2740,0.3493,7.91,1,9,0.111,1160.8910434782608,46.4971,10000,9,15860,1.28
2741,0.3491,64.39,4,5,0.8,1201.792625,43.89428,10000,5,15865,0.69
2742,0.3488,48.69,4,9,0.444,1174.226962962963,45.20253,10000,9,15874,1.24
2743,0.3486,41.42,3,6,0.5,1232.0232799999999,47.14694,10000,6,15880,0.83
2744,0.3484,10.06,1,4,0.25,1295.0062,53.04666,10000,4,15884,0.56
2745,0.3481,22.05,2,9,0.222,1279.3621785714288,47.55142,10000,9,15893,1.24
2746,0.3479,9.92,2,3,0.667,1264.0220000000002,46.05705,10000,3,15896,0.38
2747,0.3477,34.24,3,5,0.6,1233.1367826086957,55.76341,10000,5,15901,0.73
2748,0.3474,26.07,2,5,0.4,1257.5476296296297,38.43016,10000,5,15906,0.67
2749,0.3472,97.54,7,12,0.583,1805.7086111111114,43.37127,10000,12,15918,1.77
2750,0.3469,28.18,4,8,0.5,1507.7520769230769,44.55597,10000,8,15926,1.16
2751,0.3467,36.44,2,9,0.222,1142.913142857143,49.58159,10000,9,15935,1.21
2752,0.3465,50.71,4,8,0.5,1304.1068400000001,44.13333,10000,8,15943,1.08
2753,0.3462,37.63,2,6,0.333,1770.425777777778,39.77414,10000,6,15949,0.78
2754,0.346,18.71,2,5,0.4,1315.4048076923077,44.94578,10000,5,15954,0.67
2755,0.3458,25.94,2,9,0.222,1385.2374444444445,48.28774,10000,9,15963,1.21
2756,0.3455,49.49,5,9,0.556,1379.5869375,43.44306,10000,9,15972,1.35
2757,0.3453,9.92,1,5,0.2,1422.736090909091,51.02726,10000,5,15977,0.69
2758,0.345,75.54,7,10,0.7,1276.1096551724136,48.04197,10000,10,15987,1.32
2759,0.3448,44.9,3,6,0.5,1345.8898333333334,41.14881,10000,6,15993,0.69
2760,0.3446,36.51,2,5,0.4,1276.0312,50.57105,10000,5,15998,0.66
2761,0.3443,4.4,1,5,0.2,1044.271923076923,42.11294,10000,5,16003,0.59
2762,0.3441,22.22,2,6,0.333,1883.3607916666667,44.09974,10000,6,16009,0.91
2763,0.3439,50.04,3,8,0.375,1590.0329333333334,45.37757,10000,8,16017,1.22
2764,0.3436,44.07,3,7,0.429,1489.3353571428572,47.65093,10000,7,16024,0.93
2765,0.3434,32.07,2,4,0.5,1120.9223333333332,34.3038,10000,4,16028,0.48
2766,0.3431,67.57,3,5,0.6,1585.2565185185185,51.42741,10000,5,16033,0.78
2767,0.3429,35.4,4,7,0.571,1482.9823793103449,42.32782,10000,7,16040,0.94
2768,0.3427,45.13,2,6,0.333,1431.883,39.33231,10000,6,16046,0.72
2769,0.3424,60.8,5,11,0.455,1523.4284666666665,46.23631,10000,11,16057,1.63
2770,0.3422,47.25,4,5,0.8,1542.1373846153847,44.83795,10000,5,16062,0.62
2771,0.342,-7.8,0,5,0.0,1222.5,36.77558,10000,5,16067,0.71
2772,0.3417,88.82,6,10,0.6,1487.3689677419356,44.07747,10000,10,16077,1.27
2773,0.3415,37.93,2,7,0.286,1581.2938333333332,41.25877,10000,7,16084,1.0
2774,0.3412,23.61,3,12,0.25,1489.8711764705884,44.55277,10000,12,16096,1.64
2775,0.341,25.21,2,3,0.667,1500.0970476190475,51.94466,10000,3,16099,0.49
2776,0.3408,29.67,2,5,0.4,1260.8985217391305,41.89312,10000,5,16104,0.76
2777,0.3405,49.18,3,5,0.6,1323.396875,51.65981,10000,5,16109,0.72
2778,0.3403,52.78,5,12,0.417,1654.680846153846,44.41335,10000,12,16121,1.91
2779,0.3401,52.57,4,7,0.571,1065.1425,44.86872,10000,7,16128,1.08
2780,0.3398,63.34,4,6,0.667,1353.9063461538462,47.49915,10000,6,16134,0.81
2781,0.3396,48.23,3,7,0.429,1463.8941538461538,43.36707,10000,7,16141,0.93
2782,0.3393,4.03,1,5,0.2,1436.6109166666665,45.06244,10000,5,16146,0.67
2783,0.3391,79.06,6,7,0.857,1732.4422580645162,47.18833,10000,7,16153,0.93
2784,0.3389,45.2,4,8,0.5,1597.8206060606062,43.62679,10000,8,16161,1.09
2785,0.3386,16.49,2,3,0.667,1145.0875454545455,39.41144,10000,3,16164,0.4
2786,0.3384,34.34,1,2,0.5,1152.1864347826088,36.28313,10000,2,16166,0.27
2787,0.3382,58.1,3,6,0.5,1842.8883214285718,41.55448,10000,6,16172,0.77
2788,0.3379,19.74,1,8,0.125,1262.8791428571428,40.90402,10000,8,16180,1.07
2789,0.3377,16.63,1,7,0.143,1542.8626428571426,44.99899,10000,7,16187,0.96
2790,0.3374,0.36,1,4,0.25,1120.0101904761905,44.61724,10000,4,16191,0.54
2791,0.3372,6.23,1,3,0.333,928.5988571428572,47.05064,10000,3,16194,0.4
2792,0.337,55.93,4,11,0.364,1442.9087857142856,38.83568,10000,11,16205,1.44
2793,0.3367,53.73,4,7,0.571,1483.4825555555553,43.67648,10000,7,16212,0.97
2794,0.3365,55.56,4,9,0.444,1469.027551724138,41.96769,10000,9,16221,1.22
2795,0.3363,41.46,2,4,0.5,1028.3637826086956,47.71725,10000,4,16225,0.54
2796,0.336,54.04,2,4,0.5,1352.8634285714284,52.19172,10000,4,16229,0.55
2797,0.3358,30.14,4,9,0.444,1280.0980714285713,42.98543,10000,9,16238,1.21
2798,0.3355,80.54,5,12,0.417,1370.3375405405407,45.19949,10000,12,16250,1.63
2799,0.3353,83.66,4,5,0.8,1648.2707777777778,44.18425,10000,5,16255,0.67
2800,0.3351,19.69,1,5,0.2,1042.873142857143,45.76595,10000,5,16260,0.68
2801,0.3348,30.78,2,8,0.25,1615.1619393939395,40.17746,10000,8,16268,1.13
2802,0.3346,22.95,2,4,0.5,1395.7311304347825,51.51869,10000,4,16272,0.63
2803,0.3344,39.68,2,4,0.5,1631.2659999999998,39.02791,10000,4,16276,0.61
2804,0.3341,81.8,4,4,1.0,1516.8407037037036,55.0372,10000,4,16280,0.61
2805,0.3339,62.95,3,3,1.0,1152.3857272727273,44.59091,10000,3,16283,0.47
2806,0.3336,18.36,2,7,0.286,1293.511923076923,46.15936,10000,7,16290,1.13
2807,0.3334,43.92,2,5,0.4,1333.291923076923,45.14733,10000,5,16295,0.77
2808,0.3332,79.47,5,6,0.833,1274.2072962962961,46.26158,10000,6,16301,0.85
2809,0.3329,41.49,2,9,0.222,1642.3801250000001,44.45123,10000,9,16310,1.25
2810,0.3327,29.73,2,3,0.667,1266.0442727272728,38.62723,10000,3,16313,0.41
2811,0.3325,41.59,3,6,0.5,1148.7219599999999,44.69958,10000,6,16319,0.8
2812,0.3322,57.25,4,6,0.667,1163.9444137931034,53.36686,10000,6,16325,0.79
2813,0.332,57.21,4,10,0.4,1440.5328387096774,44.71794,10000,10,16335,1.38
2814,0.3317,46.78,3,7,0.429,1440.8132692307695,52.0267,10000,7,16342,0.98
2815,0.3315,38.97,3,6,0.5,1670.4143333333332,44.3733,10000,6,16348,0.82
2816,0.3313,33.56,3,5,0.6,1718.2476363636363,39.07043,10000,5,16353,0.71
2817,0.331,74.42,4,8,0.5,1435.7917142857145,42.4171,10000,8,16361,1.09
2818,0.3308,11.44,2,4,0.5,1196.1217199999999,41.43847,10000,4,16365,0.56
2819,0.3306,27.34,2,6,0.333,1076.0495600000002,41.45375,10000,6,16371,0.82
2820,0.3303,75.35,5,6,0.833,1355.660888888889,41.90542,10000,6,16377,0.82
2821,0.3301,22.64,2,7,0.286,1263.4335714285714,42.19458,10000,7,16384,0.86
2822,0.3298,68.64,4,10,0.4,1350.1039310344827,41.4747,10000,10,16394,1.31
2823,0.3296,39.88,3,7,0.429,1192.3731153846154,40.805,10000,7,16401,0.95
2824,0.3294,31.01,1,6,0.167,1370.64568,42.85705,10000,6,16407,0.85
2825,0.3291,66.74,4,9,0.444,1414.4042142857143,44.95629,10000,9,16416,1.33
2826,0.3289,42.24,3,8,0.375,1291.5082068965517,47.08075,10000,8,16424,1.3
2827,0.3287,40.79,2,6,0.333,1427.3695,44.68035,10000,6,16430,0.88
2828,0.3284,34.42,2,9,0.222,1379.2465833333335,41.93655,10000,9,16439,1.27
2829,0.3282,60.98,3,6,0.5,1542.375923076923,43.69181,10000,6,16445,0.83
2830,0.3279,-0.33,1,6,0.167,1334.783260869565,49.1916,10000,6,16451,0.79
2831,0.3277,18.63,1,8,0.125,1337.7291818181818,44.34119,10000,8,16459,1.04
2832,0.3275,12.27,1,5,0.2,1415.3915384615384,45.20584,10000,5,16464,0.7
2833,0.3272,20.17,2,6,0.333,1672.0288,46.56791,10000,6,16470,0.87
2834,0.327,57.61,4,8,0.5,1877.8224444444447,45.47618,10000,8,16478,1.17
2835,0.3268,23.51,2,6,0.333,1169.1041818181818,49.40742,10000,6,16484,0.91
2836,0.3265,34.69,4,10,0.4,1612.1689393939394,49.21413,10000,10,16494,1.52
2837,0.3263,36.6,2,8,0.25,1595.4658181818181,44.40592,10000,8,16502,1.27
2838,0.326,33.04,3,8,0.375,1856.30584375,39.66514,10000,8,16510,1.2
2839,0.3258,97.19,8,12,0.667,1443.1348529411764,42.02231,10000,12,16522,1.9
2840,0.3256,21.14,1,4,0.25,1049.5786086956523,40.25767,10000,4,16526,0.61
2841,0.3253,68.17,4,4,1.0,1248.16696,44.48786,10000,4,16530,0.61
2842,0.3251,82.05,7,11,0.636,1747.117696969697,44.35241,10000,11,16541,1.55
2843,0.3249,41.59,1,4,0.25,1607.5682307692307,41.28873,10000,4,16545,0.66
2844,0.3246,64.51,5,9,0.556,1281.1440357142858,42.45534,10000,9,16554,1.3
2845,0.3244,35.63,1,7,0.143,1223.6255714285714,51.90573,10000,7,16561,1.03
2846,0.3241,16.25,1,10,0.1,1300.01545,42.23141,10000,10,16571,1.45
2847,0.3239,37.95,3,7,0.429,1138.5925,38.90957,10000,7,16578,1.04
2848,0.3237,46.64,4,7,0.571,1412.6114583333335,42.63618,10000,7,16585,1.1
2849,0.3234,72.44,5,6,0.833,1315.491653846154,42.42345,10000,6,16591,0.88
2850,0.3232,38.4,2,6,0.333,1266.7326666666665,44.52537,10000,6,16597,0.82
2851,0.323,54.39,6,11,0.545,1361.5185483870966,45.08942,10000,11,16608,1.46
2852,0.3227,72.11,5,11,0.455,1343.6647741935483,49.60785,10000,11,16619,1.68
2853,0.3225,12.94,4,7,0.571,1274.2162962962962,47.26113,10000,7,16626,1.15
2854,0.3222,49.8,7,10,0.7,1296.8972413793103,43.0529,10000,10,16636,1.48
2855,0.322,82.03,6,11,0.545,1894.201705882353,41.68452,10000,11,16647,1.64
2856,0.3218,40.55,3,6,0.5,1408.7384347826087,43.11578,10000,6,16653,0.9
2857,0.3215,31.4,2,5,0.4,1309.5501904761904,46.04343,10000,5,16658,0.7
2858,0.3213,10.95,1,5,0.2,1404.3666086956523,48.26716,10000,5,16663,0.75
2859,0.3211,-17.3,0,3,0.0,1044.0,42.69628,10000,3,16666,0.47
2860,0.3208,19.34,3,5,0.6,1312.07176,42.09702,10000,5,16671,0.74
2861,0.3206,33.9,4,9,0.444,1387.966724137931,48.69494,10000,9,16680,1.34
2862,0.3203,77.42,5,6,0.833,1466.13168,50.91531,10000,6,16686,0.91
2863,0.3201,47.92,3,9,0.333,1136.7369666666666,47.81535,10000,9,16695,1.38
2864,0.3199,28.23,3,7,0.429,1253.5918571428572,46.03615,10000,7,16702,0.98
2865,0.3196,24.52,1,6,0.167,1217.10025,38.73266,10000,6,16708,0.86
2866,0.3194,73.07,5,7,0.714,1279.4779655172415,47.85518,10000,7,16715,1.08
2867,0.3192,29.3,1,3,0.333,1272.8416818181818,37.83022,10000,3,16718,0.49
2868,0.3189,49.25,2,3,0.667,1029.7135454545455,39.54908,10000,3,16721,0.44
2869,0.3187,75.19,6,11,0.545,1616.8203055555557,40.26538,10000,11,16732,1.36
2870,0.3184,26.04,1,6,0.167,1082.21548,40.57444,10000,6,16738,0.84
2871,0.3182,39.79,5,6,0.833,1243.53592,43.68699,10000,6,16744,0.88
2872,0.318,35.17,2,4,0.5,1483.394,48.69262,10000,4,16748,0.51
2873,0.3177,53.98,3,9,0.333,1544.3517714285713,37.82008,10000,9,16757,1.43
2874,0.3175,60.32,4,7,0.571,1694.138357142857,45.49613,10000,7,16764,1.0
2875,0.3173,42.94,3,6,0.5,1607.4695185185183,48.67115,10000,6,16770,1.04
2876,0.317,55.85,4,9,0.444,1206.357875,43.65716,10000,9,16779,1.45
2877,0.3168,27.4,3,5,0.6,1488.9111481481482,41.72476,10000,5,16784,0.8
2878,0.3165,79.0,4,6,0.667,1287.6040833333334,45.71737,10000,6,16790,0.98
2879,0.3163,51.8,3,9,0.333,1103.9086923076923,44.73444,10000,9,16799,1.4
2880,0.3161,14.34,1,7,0.143,1242.5375,48.68744,10000,7,16806,0.97
2881,0.3158,46.88,6,8,0.75,1885.7879285714287,48.80767,10000,8,16814,1.21
2882,0.3156,44.71,3,9,0.333,1220.0835555555557,47.32965,10000,9,16823,1.36
2883,0.3154,9.38,2,6,0.333,1156.04596,43.43574,10000,6,16829,1.03
2884,0.3151,25.1,3,8,0.375,1336.0284583333334,42.91457,10000,8,16837,1.19
2885,0.3149,9.68,1,5,0.2,1108.7235652173913,49.42845,10000,5,16842,0.67
2886,0.3146,27.65,4,7,0.571,1526.076777777778,41.69855,10000,7,16849,0.95
2887,0.3144,57.7,4,7,0.571,1377.116,44.95423,10000,7,16856,0.95
2888,0.3142,62.29,7,9,0.778,1880.787111111111,44.28102,10000,9,16865,1.21
2889,0.3139,37.16,3,10,0.3,1220.4312962962965,39.68941,10000,10,16875,1.34
2890,0.3137,23.05,3,5,0.6,1196.3361851851853,46.16683,10000,5,16880,0.69
2891,0.3135,55.09,4,9,0.444,1475.9303448275864,44.13588,10000,9,16889,1.17
2892,0.3132,81.29,6,10,0.6,1877.4899032258065,47.32649,10000,10,16899,1.34
2893,0.313,24.63,2,10,0.2,1433.3506666666667,40.89575,10000,10,16909,1.35
2894,0.3127,10.09,2,5,0.4,1229.5091666666667,43.88773,10000,5,16914,0.67
2895,0.3125,42.9,3,5,0.6,1512.9952307692308,39.4784,10000,5,16919,0.68
2896,0.3123,31.49,3,9,0.333,1702.9888823529411,45.95215,10000,9,16928,1.21
2897,0.312,49.13,4,7,0.571,1526.2106896551725,47.72946,10000,7,16935,0.94
2898,0.3118,91.96,8,9,0.889,1483.1406896551725,45.25018,10000,9,16944,1.19
2899,0.3116,59.98,3,7,0.429,1100.038,43.08811,10000,7,16951,0.98
2900,0.3113,57.34,3,5,0.6,1668.2232727272726,49.61613,10000,5,16956,0.68
2901,0.3111,41.88,1,2,0.5,1331.014238095238,35.66415,10000,2,16958,0.24
2902,0.3108,53.87,4,7,0.571,1098.3855714285714,54.40409,10000,7,16965,0.84
2903,0.3106,44.8,3,9,0.333,1090.1038999999998,41.63366,10000,9,16974,1.19
2904,0.3104,58.13,5,11,0.455,1466.8000303030303,46.56019,10000,11,16985,1.5
2905,0.3101,34.24,2,7,0.286,1371.1703076923077,45.36466,10000,7,16992,0.96
2906,0.3099,36.9,2,6,0.333,1428.0667199999998,40.19703,10000,6,16998,0.81
2907,0.3097,23.76,2,6,0.333,1565.9472592592592,45.95878,10000,6,17004,0.82
2908,0.3094,56.2,6,11,0.545,1878.1675625,43.75912,10000,11,17015,1.48
2909,0.3092,35.18,3,8,0.375,1396.3384814814813,39.97233,10000,8,17023,1.07
2910,0.3089,40.85,2,5,0.4,1098.8627692307693,41.48575,10000,5,17028,0.66
2911,0.3087,49.71,4,11,0.364,1037.6325714285715,47.69679,10000,11,17039,1.31
2912,0.3085,12.61,2,7,0.286,1418.574962962963,47.57052,10000,7,17046,0.94
2913,0.3082,25.66,3,5,0.6,1633.3459583333333,40.87936,10000,5,17051,0.7
2914,0.308,28.78,1,6,0.167,1430.02875,52.33472,10000,6,17057,0.82
2915,0.3078,58.56,4,8,0.5,1666.747303030303,40.73272,10000,8,17065,1.07
2916,0.3075,62.6,4,7,0.571,1264.2766896551723,44.59509,10000,7,17072,0.95
2917,0.3073,19.46,2,5,0.4,1548.408,46.23904,10000,5,17077,0.66
2918,0.307,55.61,4,6,0.667,1565.2692608695652,51.36417,10000,6,17083,0.83
2919,0.3068,26.46,2,6,0.333,1308.03312,43.39271,10000,6,17089,0.78
2920,0.3066,40.53,3,7,0.429,1374.201896551724,46.24037,10000,7,17096,0.96
2921,0.3063,35.87,3,7,0.429,1212.5551785714285,40.26813,10000,7,17103,0.93
2922,0.3061,60.32,4,5,0.8,1140.6803461538461,39.40986,10000,5,17108,0.64
2923,0.3059,13.51,1,6,0.167,1113.478,46.49075,10000,6,17114,0.8
2924,0.3056,48.35,3,5,0.6,1258.9666923076925,43.17414,10000,5,17119,0.67
2925,0.3054,64.57,5,8,0.625,1765.7564375,45.53162,10000,8,17127,1.07
2926,0.3051,34.15,2,6,0.333,1315.3977307692307,40.93383,10000,6,17133,0.76
2927,0.3049,95.13,5,6,0.833,1684.6891153846154,49.95262,10000,6,17139,0.83
2928,0.3047,39.08,2,8,0.25,1292.3314615384616,46.82022,10000,8,17147,1.11
2929,0.3044,26.78,1,5,0.2,1460.8765217391306,43.44981,10000,5,17152,0.73
2930,0.3042,49.01,4,5,0.8,1778.7523214285713,43.45698,10000,5,17157,0.67
2931,0.304,53.73,3,7,0.429,1618.6013333333333,41.79646,10000,7,17164,0.97
2932,0.3037,84.85,6,10,0.6,1594.3184516129033,43.96778,10000,10,17174,1.39
2933,0.3035,80.81,6,8,0.75,1468.0170714285716,46.92615,10000,8,17182,1.16
2934,0.3032,54.5,3,6,0.5,1502.343,49.06766,10000,6,17188,0.88
2935,0.303,9.25,3,8,0.375,1296.6506896551723,40.5419,10000,8,17196,1.12
2936,0.3028,37.27,3,7,0.429,1569.2665769230769,44.34753,10000,7,17203,0.96
2937,0.3025,36.74,2,6,0.333,1348.03424,49.61604,10000,6,17209,0.77
2938,0.3023,114.52,8,9,0.889,1785.5014411764707,43.66199,10000,9,17218,1.19
2939,0.3021,56.11,5,10,0.5,1060.9667272727274,40.51724,10000,10,17228,1.32
2940,0.3018,32.53,2,9,0.222,1366.6776666666667,41.38463,10000,9,17237,1.19
2941,0.3016,37.27,4,6,0.667,1412.1576799999998,52.68203,10000,6,17243,0.77
2942,0.3013,44.12,3,6,0.5,1366.7115000000001,49.07125,10000,6,17249,0.79
2943,0.3011,11.5,1,8,0.125,1221.0144,45.3124,10000,8,17257,1.08
2944,0.3009,44.31,3,8,0.375,1681.5315925925927,54.67076,10000,8,17265,1.07
2945,0.3006,24.4,2,7,0.286,1388.8046666666667,49.94621,10000,7,17272,0.94
2946,0.3004,42.97,5,10,0.5,1500.131724137931,47.86059,10000,10,17282,1.32
2947,0.3002,73.36,4,6,0.667,1546.227423076923,43.89866,10000,6,17288,0.76
2948,0.2999,38.2,2,8,0.25,1300.0293333333334,47.53801,10000,8,17296,1.05
2949,0.2997,96.99,7,9,0.778,1496.326923076923,47.80793,10000,9,17305,1.21
2950,0.2994,41.13,3,5,0.6,1105.7060869565219,51.58865,10000,5,17310,0.67
2951,0.2992,37.85,4,10,0.4,1157.2428125000001,47.19306,10000,10,17320,1.27
2952,0.299,4.67,2,6,0.333,1258.3659583333333,41.09086,10000,6,17326,0.81
2953,0.2987,39.39,3,9,0.333,1321.4800714285716,44.01299,10000,9,17335,1.21
2954,0.2985,76.55,4,7,0.571,1175.120153846154,39.52424,10000,7,17342,0.93
2955,0.2982,80.5,7,14,0.5,1446.902833333333,41.71929,10000,14,17356,1.85
2956,0.298,24.77,2,4,0.5,1061.4353636363637,38.27932,10000,4,17360,0.54
2957,0.2978,12.02,1,8,0.125,1255.1947586206898,42.62604,10000,8,17368,1.06
2958,0.2975,17.25,1,5,0.2,1476.00592,52.53963,10000,5,17373,0.65
2959,0.2973,62.94,5,6,0.833,1024.827653846154,39.20856,10000,6,17379,0.78
2960,0.2971,47.38,5,9,0.556,1270.0679666666667,45.97304,10000,9,17388,1.28
2961,0.2968,29.74,2,6,0.333,1101.9244814814815,37.68849,10000,6,17394,0.83
2962,0.2966,42.68,2,8,0.25,1826.2178095238096,39.427,10000,8,17402,1.08
2963,0.2963,102.14,6,10,0.6,1703.3011250000002,43.44152,10000,10,17412,1.5
2964,0.2961,43.71,4,5,0.8,1604.11176,40.81664,10000,5,17417,0.74
2965,0.2959,45.61,3,6,0.5,1204.06732,38.15682,10000,6,17423,0.93
2966,0.2956,17.8,2,6,0.333,1395.6195555555557,47.87212,10000,6,17429,0.91
2967,0.2954,37.81,4,6,0.667,1474.429043478261,41.8319,10000,6,17435,0.96
2968,0.2952,2.64,0,7,0.0,1289.0,47.74259,10000,7,17442,1.08
2969,0.2949,57.6,8,10,0.8,1750.0989411764706,44.65663,10000,10,17452,1.4
2970,0.2947,18.95,2,5,0.4,1165.466818181818,40.43474,10000,5,17457,0.83
2971,0.2944,-4.4,0,5,0.0,1315.0,49.98436,10000,5,17462,0.7
2972,0.2942,63.6,5,8,0.625,1614.8847407407407,48.70793,10000,8,17470,1.14
2973,0.294,62.91,4,7,0.571,1450.4993599999998,47.53464,10000,7,17477,1.18
2974,0.2937,23.25,1,3,0.333,1369.5652173913043,50.21759,10000,3,17480,0.5
2975,0.2935,53.85,6,9,0.667,1800.0338148148148,54.39627,10000,9,17489,1.34
2976,0.2933,80.16,6,11,0.545,1198.4527931034484,46.1618,10000,11,17500,1.64
2977,0.293,22.35,3,5,0.6,1298.02472,42.23466,10000,5,17505,0.75
2978,0.2928,68.18,5,7,0.714,1513.4713214285714,48.01222,10000,7,17512,1.02
2979,0.2925,56.31,5,9,0.556,1420.962962962963,42.28638,10000,9,17521,1.32
2980,0.2923,34.11,3,7,0.429,1591.0191200000002,36.98095,10000,7,17528,1.14
2981,0.2921,52.96,3,6,0.5,1044.3180416666667,46.44608,10000,6,17534,0.92
2982,0.2918,67.57,4,6,0.667,1124.9408888888888,48.12248,10000,6,17540,0.86
2983,0.2916,40.77,3,5,0.6,1311.28196,43.74148,10000,5,17545,0.76
2984,0.2914,31.4,3,8,0.375,1360.922347826087,39.64806,10000,8,17553,1.14
2985,0.2911,44.43,3,5,0.6,1596.2536800000003,44.38818,10000,5,17558,0.8
2986,0.2909,51.24,4,7,0.571,1532.4975,49.07776,10000,7,17565,1.15
2987,0.2906,29.06,2,5,0.4,1454.8045,42.65645,10000,5,17570,0.83
2988,0.2904,43.33,2,4,0.5,1508.07068,53.11943,10000,4,17574,0.57
2989,0.2902,66.61,7,10,0.7,1429.5777352941175,48.73898,10000,10,17584,1.34
2990,0.2899,53.35,4,10,0.4,1441.9456153846152,47.45196,10000,10,17594,1.32
2991,0.2897,18.31,3,7,0.429,1692.598,44.12451,10000,7,17601,0.96
2992,0.2895,22.54,3,4,0.75,1589.3965,51.67624,10000,4,17605,0.56
2993,0.2892,44.13,7,11,0.636,1308.185172413793,40.87779,10000,11,17616,1.6
2994,0.289,7.94,1,5,0.2,1427.276090909091,45.21169,10000,5,17621,0.71
2995,0.2887,51.09,4,9,0.444,1883.4130555555555,45.92091,10000,9,17630,1.3
2996,0.2885,62.21,3,5,0.6,1464.05596,48.28786,10000,5,17635,0.69
2997,0.2883,86.02,5,7,0.714,1722.7451612903226,47.10114,10000,7,17642,1.04
2998,0.288,35.35,3,9,0.333,1194.7324285714287,47.47711,10000,9,17651,1.4
2999,0.2878,81.77,6,10,0.6,1266.2255,45.29321,10000,10,17661,1.49
3000,0.2876,30.14,2,6,0.333,1455.6036666666666,50.29165,10000,6,17667,0.86
3001,0.2873,80.43,6,6,1.0,1464.4007142857142,43.55685,10000,6,17673,0.81
3002,0.2871,20.38,4,11,0.364,1484.596551724138,45.61534,10000,11,17684,1.55
3003,0.2868,31.14,2,9,0.222,1000.07744,42.6276,10000,9,17693,1.33
3004,0.2866,22.97,2,7,0.286,1389.2907037037037,40.05703,10000,7,17700,1.04
3005,0.2864,52.19,5,12,0.417,1241.2346,46.82937,10000,12,17712,1.78
3006,0.2861,82.86,7,10,0.7,1747.2322352941176,44.71131,10000,10,17722,1.54
3007,0.2859,46.73,3,6,0.5,1087.8447826086956,42.07204,10000,6,17728,0.93
3008,0.2857,14.35,2,5,0.4,1364.3188,38.70326,10000,5,17733,0.8
3009,0.2854,76.55,6,6,1.0,1569.0668620689657,48.03341,10000,6,17739,0.86
3010,0.2852,75.16,6,6,1.0,1647.330962962963,39.77878,10000,6,17745,0.86
3011,0.2849,79.34,6,9,0.667,1711.9167058823532,43.81329,10000,9,17754,1.28
3012,0.2847,59.38,3,6,0.5,1460.088,41.81317,10000,6,17760,0.9
3013,0.2845,29.79,3,7,0.429,1470.0852,47.21091,10000,7,17767,1.03
3014,0.2842,26.56,3,8,0.375,1503.5983571428571,42.54429,10000,8,17775,1.21
3015,0.284,40.44,2,8,0.25,1071.718,42.95349,10000,8,17783,1.33
3016,0.2838,88.28,9,10,0.9,1266.0928,39.69636,10000,10,17793,1.36
3017,0.2835,38.62,3,9,0.333,1576.9466153846154,44.41979,10000,9,17802,1.18
3018,0.2833,51.83,4,7,0.571,1491.346695652174,43.78168,10000,7,17809,0.94
3019,0.283,86.7,6,9,0.667,1290.5251612903226,40.32229,10000,9,17818,1.18
3020,0.2828,29.65,3,5,0.6,1253.3880833333333,47.64773,10000,5,17823,0.63
3021,0.2826,39.27,4,7,0.571,1117.4640769230768,43.97059,10000,7,17830,0.83
3022,0.2823,65.17,6,11,0.545,1277.094576923077,41.15011,10000,11,17841,1.37
3023,0.2821,90.91,7,11,0.636,1460.9103214285715,43.85028,10000,11,17852,1.44
3024,0.2819,24.11,2,7,0.286,1058.1548846153846,41.5364,10000,7,17859,0.89
3025,0.2816,10.84,2,10,0.2,1388.1721481481482,41.23718,10000,10,17869,1.31
3026,0.2814,90.37,7,10,0.7,1498.664375,44.62083,10000,10,17879,1.31
3027,0.2811,46.02,2,4,0.5,1513.7559999999999,50.40643,10000,4,17883,0.53
3028,0.2809,56.88,4,6,0.667,1334.572222222222,46.95949,10000,6,17889,0.79
3029,0.2807,90.88,6,10,0.6,1465.9069999999997,45.44194,10000,10,17899,1.31
3030,0.2804,45.19,2,3,0.667,1508.7146956521738,48.2846,10000,3,17902,0.41
3031,0.2802,25.25,2,4,0.5,1460.8933043478262,37.27061,10000,4,17906,0.51
3032,0.28,26.68,1,4,0.25,961.0512999999999,40.90192,10000,4,17910,0.48
3033,0.2797,43.88,5,11,0.455,1865.8516578947372,43.63261,10000,11,17921,1.41
3034,0.2795,64.95,4,6,0.667,1496.3641538461538,45.7362,10000,6,17927,0.77
3035,0.2792,35.26,3,8,0.375,1625.042642857143,43.08524,10000,8,17935,1.06
3036,0.279,67.13,4,7,0.571,1621.5055714285713,45.5656,10000,7,17942,1.02
3037,0.2788,28.4,4,7,0.571,1550.0250666666666,42.0554,10000,7,17949,1.02
3038,0.2785,38.15,4,6,0.667,1392.6445555555556,43.26016,10000,6,17955,0.83
3039,0.2783,69.67,6,13,0.462,1369.0166470588235,40.88322,10000,13,17968,1.97
3040,0.2781,33.9,3,4,0.75,1113.0944782608694,42.20751,10000,4,17972,0.59
3041,0.2778,27.31,1,4,0.25,1310.0,41.55809,10000,4,17976,0.61
3042,0.2776,64.88,6,10,0.6,1776.7632,46.81118,10000,10,17986,1.35
3043,0.2773,23.35,2,4,0.5,1063.669909090909,48.8679,10000,4,17990,0.56
3044,0.2771,34.87,2,6,0.333,1318.215962962963,39.25773,10000,6,17996,0.83
3045,0.2769,88.55,5,6,0.833,1130.0906400000001,34.83372,10000,6,18002,0.87
3046,0.2766,86.68,5,8,0.625,1330.49525,45.49427,10000,8,18010,1.06
3047,0.2764,40.73,1,2,0.5,1361.5467727272728,43.39057,10000,2,18012,0.25
3048,0.2762,63.22,3,8,0.375,1531.27053125,37.67574,10000,8,18020,1.13
3049,0.2759,-2.9,0,5,0.0,1705.0,42.38311,10000,5,18025,0.73
3050,0.2757,61.44,4,6,0.667,1428.2058571428572,46.02218,10000,6,18031,0.9
3051,0.2754,28.88,5,6,0.833,1078.8184285714285,44.35116,10000,6,18037,0.84
3052,0.2752,50.28,5,12,0.417,1567.965,48.71503,10000,12,18049,1.66
3053,0.275,77.38,4,4,1.0,1098.0608750000001,37.919,10000,4,18053,0.61
3054,0.2747,67.37,4,8,0.5,1567.2323125,45.25997,10000,8,18061,1.17
3055,0.2745,86.68,6,9,0.667,1185.45,44.90084,10000,9,18070,1.33
3056,0.2743,82.08,5,8,0.625,1191.57075,51.65928,10000,8,18078,1.12
3057,0.274,37.51,3,8,0.375,1401.3483913043478,45.23106,10000,8,18086,1.16
3058,0.2738,41.9,2,3,0.667,1057.2120952380951,41.29764,10000,3,18089,0.44
3059,0.2735,50.66,3,7,0.429,1277.3184090909092,46.99763,10000,7,18096,0.95
3060,0.2733,71.53,6,12,0.5,1259.9917647058824,45.45802,10000,12,18108,1.76
3061,0.2731,51.43,4,8,0.5,1067.440448275862,42.14296,10000,8,18116,1.03
3062,0.2728,32.31,3,13,0.231,1390.827,47.29237,10000,13,18129,1.89
3063,0.2726,59.86,6,11,0.545,1577.5663548387097,41.78614,10000,11,18140,1.5
3064,0.2724,67.38,5,7,0.714,1136.3687586206897,44.58538,10000,7,18147,1.12
3065,0.2721,43.18,2,6,0.333,1440.62816,46.17311,10000,6,18153,0.93
3066,0.2719,32.83,1,2,0.5,1336.3734545454545,40.58685,10000,2,18155,0.24
3067,0.2716,46.98,3,8,0.375,1436.0868799999998,40.05908,10000,8,18163,1.26
3068,0.2714,53.17,3,8,0.375,1100.0720000000001,44.33692,10000,8,18171,1.21
3069,0.2712,30.74,4,9,0.444,1742.2480625,39.35808,10000,9,18180,1.42
3070,0.2709,40.26,3,9,0.333,1152.8190666666667,37.68206,10000,9,18189,1.39
3071,0.2707,19.62,3,5,0.6,1195.7269130434781,42.90472,10000,5,18194,0.67
3072,0.2705,31.11,2,4,0.5,1404.7670476190476,45.62879,10000,4,18198,0.49
3073,0.2702,55.8,3,6,0.5,1360.9631304347827,39.39904,10000,6,18204,0.78
3074,0.27,20.26,2,10,0.2,1545.8688750000001,41.22032,10000,10,18214,1.35
3075,0.2697,14.15,0,5,0.0,1059.0,46.7858,10000,5,18219,0.64
3076,0.2695,35.53,3,7,0.429,1129.7476296296297,40.80222,10000,7,18226,1.05
3077,0.2693,27.02,4,6,0.667,1463.3590333333334,48.99121,10000,6,18232,0.88
3078,0.269,37.61,4,8,0.5,1441.2394814814816,40.08876,10000,8,18240,1.19
3079,0.2688,50.26,3,6,0.5,1488.1885,43.80419,10000,6,18246,0.89
3080,0.2686,62.01,4,6,0.667,1422.7861818181818,42.76068,10000,6,18252,0.92
3081,0.2683,44.34,2,6,0.333,1719.5994782608695,46.06687,10000,6,18258,0.95
3082,0.2681,40.58,3,7,0.429,1084.6144166666666,39.4851,10000,7,18265,1.13
3083,0.2678,81.6,7,9,0.778,1295.8274999999999,37.66446,10000,9,18274,1.32
3084,0.2676,-8.32,2,5,0.4,1396.528347826087,49.9968,10000,5,18279,0.69
3085,0.2674,102.19,7,9,0.778,1297.7163571428573,49.59686,10000,9,18288,1.35
3086,0.2671,40.39,3,5,0.6,1212.0572,44.08172,10000,5,18293,0.65
3087,0.2669,35.83,4,9,0.444,1207.215392857143,46.81079,10000,9,18302,1.31
3088,0.2667,8.24,1,9,0.111,1510.0223,48.54011,10000,9,18311,1.33
3089,0.2664,43.44,3,6,0.5,1179.2627083333332,37.94689,10000,6,18317,0.9
3090,0.2662,61.01,5,10,0.5,1781.9690303030304,44.38322,10000,10,18327,1.42
3091,0.2659,36.66,3,6,0.5,1256.383925925926,48.129,10000,6,18333,0.9
3092,0.2657,52.15,3,5,0.6,1196.25975,47.68436,10000,5,18338,0.65
3093,0.2655,76.6,7,10,0.7,1471.5827142857145,49.15707,10000,10,18348,1.4
3094,0.2652,10.61,2,4,0.5,1169.544380952381,40.11793,10000,4,18352,0.59
3095,0.265,29.08,3,7,0.429,1302.3734615384615,46.04346,10000,7,18359,1.09
3096,0.2648,46.95,4,9,0.444,1394.3591923076924,46.00011,10000,9,18368,1.19
3097,0.2645,68.06,7,9,0.778,1495.3467586206896,46.33188,10000,9,18377,1.13
3098,0.2643,46.77,3,9,0.333,1473.3557333333333,48.21325,10000,9,18386,1.12
3099,0.264,30.49,2,6,0.333,1054.899851851852,47.75408,10000,6,18392,0.84
3100,0.2638,55.28,3,7,0.429,1720.7415517241382,45.10463,10000,7,18399,1.07
3101,0.2636,50.76,3,5,0.6,1173.5357307692307,38.24958,10000,5,18404,0.73
3102,0.2633,72.66,4,8,0.5,1188.16192,47.55545,10000,8,18412,1.07
3103,0.2631,31.94,2,8,0.25,1064.3408571428572,44.709,10000,8,18420,1.32
3104,0.2629,54.96,4,7,0.571,1086.5319666666667,42.34489,10000,7,18427,0.96
3105,0.2626,60.72,5,11,0.455,1726.768,41.93479,10000,11,18438,1.66
3106,0.2624,101.63,7,10,0.7,1709.5304999999998,47.40051,10000,10,18448,1.41
3107,0.2621,32.55,2,4,0.5,1512.82096,49.2168,10000,4,18452,0.46
3108,0.2619,62.11,7,11,0.636,1778.491351351351,43.23698,10000,11,18463,1.68
3109,0.2617,24.56,2,4,0.5,1439.1917391304348,40.45603,10000,4,18467,0.57
3110,0.2614,68.87,5,10,0.5,1150.6470322580644,46.13187,10000,10,18477,1.39
3111,0.2612,73.08,4,9,0.444,1314.4655,43.02379,10000,9,18486,1.28
3112,0.261,28.85,2,3,0.667,1226.6217272727272,46.63248,10000,3,18489,0.38
3113,0.2607,16.64,1,3,0.333,1541.3229565217391,38.08706,10000,3,18492,0.47
3114,0.2605,15.35,1,1,1.0,1201.25,47.41733,10000,1,18493,0.18
3115,0.2602,3.39,1,6,0.167,1228.8639230769231,49.35283,10000,6,18499,0.86
3116,0.26,40.87,2,5,0.4,1094.03684,49.10328,10000,5,18504,0.66
3117,0.2598,44.67,2,6,0.333,1570.4225185185185,44.69703,10000,6,18510,0.86
3118,0.2595,27.38,2,7,0.286,1632.1946428571428,47.20108,10000,7,18517,0.93
3119,0.2593,49.43,4,6,0.667,1860.1456666666666,38.43254,10000,6,18523,0.96
3120,0.2591,69.25,4,7,0.571,1639.5372857142859,38.57364,10000,7,18530,1.04
3121,0.2588,6.95,1,3,0.333,1370.4643636363637,45.29665,10000,3,18533,0.45
3122,0.2586,103.69,7,9,0.778,1640.755375,48.21254,10000,9,18542,1.28
3123,0.2583,77.81,4,8,0.5,1874.2666764705882,42.15513,10000,8,18550,1.23
3124,0.2581,22.88,2,10,0.2,1472.0864444444446,47.38457,10000,10,18560,1.41
3125,0.2579,35.36,2,5,0.4,1389.1788260869566,52.16775,10000,5,18565,0.67
3126,0.2576,16.86,2,6,0.333,1173.1261153846156,46.15262,10000,6,18571,0.92
3127,0.2574,20.75,2,4,0.5,1098.6876363636363,48.03463,10000,4,18575,0.65
3128,0.2572,38.94,4,8,0.5,1174.50408,39.80493,10000,8,18583,1.27
3129,0.2569,28.4,2,4,0.5,1331.3765,52.09967,10000,4,18587,0.62
3130,0.2567,44.95,3,6,0.5,1332.06568,42.06956,10000,6,18593,0.97
3131,0.2564,84.11,5,9,0.556,1392.7445185185186,45.26012,10000,9,18602,1.28
3132,0.2562,41.13,2,5,0.4,1139.242,41.86626,10000,5,18607,0.75
3133,0.256,74.67,5,6,0.833,1396.4988214285713,37.72751,10000,6,18613,0.9
3134,0.2557,55.52,3,6,0.5,1474.0783600000002,39.58789,10000,6,18619,0.93
3135,0.2555,16.8,1,3,0.333,1350.0306666666668,57.25577,10000,3,18622,0.4
3136,0.2553,60.4,3,6,0.5,1582.2029285714286,41.02993,10000,6,18628,0.86
3137,0.255,33.86,1,4,0.25,1793.1182068965518,42.00261,10000,4,18632,0.63
3138,0.2548,25.49,2,8,0.25,1379.7261304347826,43.76347,10000,8,18640,1.19
3139,0.2545,65.53,5,6,0.833,1336.63448,41.57576,10000,6,18646,1.03
3140,0.2543,43.0,3,5,0.6,1400.04328,41.02708,10000,5,18651,0.67
3141,0.2541,56.75,5,11,0.455,1183.1739200000002,45.26275,10000,11,18662,1.59
3142,0.2538,75.43,4,8,0.5,1435.802357142857,43.40008,10000,8,18670,1.16
3143,0.2536,70.15,3,4,0.75,1093.0504166666667,48.14095,10000,4,18674,0.73
3144,0.2534,16.42,2,5,0.4,1213.2104347826087,45.80476,10000,5,18679,0.76
3145,0.2531,25.29,2,8,0.25,1204.3694782608695,42.37123,10000,8,18687,1.28
3146,0.2529,52.53,6,10,0.6,1215.0927777777777,42.66938,10000,10,18697,1.45
3147,0.2526,22.28,2,5,0.4,1472.615347826087,42.16321,10000,5,18702,0.73
3148,0.2524,22.02,2,6,0.333,1140.2498333333333,38.63667,10000,6,18708,0.9
3149,0.2522,51.9,6,10,0.6,1576.7466666666667,41.51218,10000,10,18718,1.51
3150,0.2519,84.06,8,9,0.889,1698.8821666666665,39.88439,10000,9,18727,1.43
3151,0.2517,67.75,6,9,0.667,1471.0961290322582,44.82323,10000,9,18736,1.34
3152,0.2515,54.39,4,7,0.571,1889.6980344827587,45.55402,10000,7,18743,1.1
3153,0.2512,59.67,4,8,0.5,1646.9545,38.78371,10000,8,18751,1.26
3154,0.251,40.45,3,6,0.5,1341.0069999999998,41.67505,10000,6,18757,0.89
3155,0.2507,38.69,3,8,0.375,1470.8127857142858,45.45514,10000,8,18765,1.06
3156,0.2505,28.61,3,7,0.429,1582.232857142857,43.02874,10000,7,18772,0.91
3157,0.2503,55.23,4,6,0.667,1326.0345925925926,41.92607,10000,6,18778,0.8
3158,0.25,59.99,3,4,0.75,1302.8817272727272,46.17387,10000,4,18782,0.57
3159,0.2498,80.29,4,11,0.364,1662.1262758620692,47.85994,10000,11,18793,1.8
3160,0.2495,48.15,5,10,0.5,1420.0519,42.81192,10000,10,18803,1.33
3161,0.2493,23.92,2,4,0.5,1334.8105217391305,42.8905,10000,4,18807,0.63
3162,0.2491,80.86,6,11,0.545,1265.1117027027028,49.38493,10000,11,18818,1.57
3163,0.2488,69.62,5,6,0.833,1369.30892,42.14989,10000,6,18824,0.93
3164,0.2486,56.57,2,2,1.0,1297.9006818181817,46.18123,10000,2,18826,0.29
3165,0.2484,35.94,2,6,0.333,1659.102909090909,44.38523,10000,6,18832,0.91
3166,0.2481,75.49,5,6,0.833,1556.2079199999998,38.78192,10000,6,18838,0.83
3167,0.2479,43.58,3,12,0.25,1100.0786086956523,45.4172,10000,12,18850,1.9
3168,0.2476,81.9,5,6,0.833,1468.09112,39.07022,10000,6,18856,0.98
3169,0.2474,46.87,4,5,0.8,1314.6704166666666,43.20829,10000,5,18861,0.84
3170,0.2472,47.09,4,6,0.667,1198.51712,41.24425,10000,6,18867,0.97
3171,0.2469,9.59,1,9,0.111,1195.471181818182,45.05517,10000,9,18876,1.46
3172,0.2467,-1.0,0,4,0.0,916.95,44.35082,10000,4,18880,0.58
3173,0.2465,92.68,6,11,0.545,1314.59740625,40.9532,10000,11,18891,1.55
3174,0.2462,42.66,2,7,0.286,1548.0738799999997,40.27819,10000,7,18898,0.87
3175,0.246,42.74,3,5,0.6,1275.71984,44.98067,10000,5,18903,0.62
3176,0.2457,37.91,4,8,0.5,1274.1613333333332,42.41538,10000,8,18911,1.04
3177,0.2455,108.87,7,9,0.778,1790.462322580645,43.51962,10000,9,18920,1.17
3178,0.2453,79.91,7,9,0.778,1318.922125,39.9663,10000,9,18929,1.18
3179,0.245,84.06,6,11,0.545,1309.50453125,43.54441,10000,11,18940,1.62
3180,0.2448,65.37,4,9,0.444,1428.7460000000003,42.83263,10000,9,18949,1.46
3181,0.2446,29.44,2,5,0.4,1147.6749523809524,41.04978,10000,5,18954,0.78
3182,0.2443,53.9,3,4,0.75,1389.4511538461536,39.18351,10000,4,18958,0.6
3183,0.2441,81.11,6,12,0.5,1509.53715625,47.8786,10000,12,18970,1.5
3184,0.2438,59.01,4,5,0.8,1105.5064166666666,46.52457,10000,5,18975,0.64
3185,0.2436,24.14,4,7,0.571,1530.8873076923073,45.26437,10000,7,18982,0.87
3186,0.2434,97.69,8,12,0.667,1488.6858333333334,40.45211,10000,12,18994,1.48
3187,0.2431,12.31,3,8,0.375,1441.1005517241379,41.76561,10000,8,19002,1.02
3188,0.2429,16.16,1,4,0.25,1120.2751304347826,32.75157,10000,4,19006,0.5
3189,0.2427,66.51,5,12,0.417,1325.8847500000002,44.29518,10000,12,19018,1.71
3190,0.2424,56.51,5,8,0.625,1175.1645,43.24091,10000,8,19026,1.16
3191,0.2422,43.44,2,4,0.5,1387.0354347826087,35.7267,10000,4,19030,0.61
3192,0.2419,-4.65,0,4,0.0,1205.0,44.91588,10000,4,19034,0.61
3193,0.2417,83.37,5,7,0.714,1324.2054814814812,40.38553,10000,7,19041,1.1
3194,0.2415,3.03,1,5,0.2,1145.8409166666668,40.37653,10000,5,19046,0.73
3195,0.2412,41.34,3,5,0.6,1408.4076666666667,39.08679,10000,5,19051,0.87
3196,0.241,98.57,7,9,0.778,1733.4533333333336,44.67092,10000,9,19060,1.38
3197,0.2408,38.91,3,9,0.333,1051.6537307692308,43.07277,10000,9,19069,1.38
3198,0.2405,58.52,5,10,0.5,1650.0914482758621,50.25522,10000,10,19079,1.58
3199,0.2403,45.45,3,12,0.25,1298.44876,42.20206,10000,12,19091,1.92
3200,0.24,75.97,5,12,0.417,1331.2865517241378,42.63911,10000,12,19103,1.84
3201,0.2398,71.83,4,7,0.571,1507.496666666667,44.92405,10000,7,19110,0.78
3202,0.2396,60.12,4,7,0.571,1548.2729285714288,36.98403,10000,7,19117,0.87
3203,0.2393,58.25,3,9,0.333,1103.669607142857,43.59629,10000,9,19126,1.13
3204,0.2391,78.11,6,11,0.545,1713.0270967741938,39.94441,10000,11,19137,1.39
3205,0.2389,58.1,5,11,0.455,1881.241918918919,43.26942,10000,11,19148,1.4
3206,0.2386,44.57,2,8,0.25,1124.2925172413793,46.68493,10000,8,19156,1.03
3207,0.2384,22.87,1,7,0.143,1233.344,50.8662,10000,7,19163,0.86
3208,0.2381,52.63,3,5,0.6,1184.0142608695653,38.31991,10000,5,19168,0.63
3209,0.2379,73.74,5,8,0.625,1823.4749333333334,38.278,10000,8,19176,0.99
3210,0.2377,54.12,4,6,0.667,1551.8630689655174,40.72522,10000,6,19182,0.75
3211,0.2374,48.81,3,6,0.5,1803.7709629629628,48.06138,10000,6,19188,0.83
3212,0.2372,68.74,5,6,0.833,1428.37736,36.09671,10000,6,19194,0.82
3213,0.237,103.53,7,10,0.7,1457.7622121212123,45.406,10000,10,19204,1.35
3214,0.2367,-4.74,1,5,0.2,1395.6533913043477,46.59374,10000,5,19209,0.75
3215,0.2365,39.24,6,13,0.462,1504.9907804878048,43.01469,10000,13,19222,1.7
3216,0.2362,68.68,7,9,0.778,1334.7121034482757,41.4358,10000,9,19231,1.29
3217,0.236,55.89,3,6,0.5,1550.0587916666666,47.46725,10000,6,19237,0.86
3218,0.2358,57.37,4,7,0.571,1464.11612,43.3525,10000,7,19244,0.96
3219,0.2355,73.51,4,6,0.667,1304.247125,44.21587,10000,6,19250,0.87
3220,0.2353,79.85,6,8,0.75,1163.5485999999999,46.87398,10000,8,19258,1.11
3221,0.2351,51.09,3,7,0.429,1518.2235,44.51332,10000,7,19265,0.9
3222,0.2348,47.5,4,7,0.571,1292.4343076923078,39.94898,10000,7,19272,0.94
3223,0.2346,65.83,7,12,0.583,1317.1349375,45.73523,10000,12,19284,1.67
3224,0.2343,42.8,5,8,0.625,1231.7323333333334,48.88869,10000,8,19292,1.12
3225,0.2341,32.61,3,13,0.231,1681.1532702702702,41.10315,10000,13,19305,1.86
3226,0.2339,112.38,8,10,0.8,1820.1293142857141,44.8914,10000,10,19315,1.56
3227,0.2336,82.77,6,6,1.0,1496.507,38.34267,10000,6,19321,0.84
3228,0.2334,28.14,2,4,0.5,1319.5862173913044,43.55342,10000,4,19325,0.6
3229,0.2332,47.37,3,9,0.333,1508.8323076923077,43.20669,10000,9,19334,1.46
3230,0.2329,43.47,3,11,0.273,1271.3154399999999,43.25883,10000,11,19345,1.46
3231,0.2327,80.27,7,11,0.636,1452.099,38.19382,10000,11,19356,1.6
3232,0.2324,22.63,2,5,0.4,1084.8255652173912,42.16259,10000,5,19361,0.73
3233,0.2322,58.73,5,12,0.417,1777.8171944444446,40.61751,10000,12,19373,1.74
3234,0.232,50.41,3,4,0.75,1156.6131304347825,43.94836,10000,4,19377,0.55
3235,0.2317,53.42,5,10,0.5,1869.2905,46.31908,10000,10,19387,1.51
3236,0.2315,35.1,2,3,0.667,1123.8197142857143,41.87686,10000,3,19390,0.46
3237,0.2313,53.11,3,7,0.429,1575.8639032258063,42.37746,10000,7,19397,1.01
3238,0.231,51.48,3,8,0.375,1537.3703703703704,48.97678,10000,8,19405,1.18
3239,0.2308,16.71,3,6,0.5,1246.16072,46.12504,10000,6,19411,0.89
3240,0.2305,9.83,1,5,0.2,1154.357043478261,40.48571,10000,5,19416,0.76
3241,0.2303,40.56,2,6,0.333,1174.8286086956523,48.0584,10000,6,19422,0.8
3242,0.2301,49.04,5,8,0.625,1163.0674074074075,56.75599,10000,8,19430,1.12
3243,0.2298,72.4,6,10,0.6,1400.208,43.05891,10000,10,19440,1.47
3244,0.2296,34.6,2,5,0.4,1304.05284,46.71978,10000,5,19445,0.69
3245,0.2294,66.13,3,7,0.429,1253.6769199999999,42.96788,10000,7,19452,1.0
3246,0.2291,7.0,2,6,0.333,1325.9708148148147,42.28822,10000,6,19458,0.84
3247,0.2289,44.18,4,7,0.571,1293.469111111111,51.40322,10000,7,19465,1.02
3248,0.2286,18.46,3,9,0.333,1310.4516333333333,47.23681,10000,9,19474,1.32
3249,0.2284,49.18,6,12,0.5,1793.93484375,42.35039,10000,12,19486,1.85
3250,0.2282,35.83,1,5,0.2,1443.4839130434782,39.72561,10000,5,19491,0.72
3251,0.2279,47.24,3,5,0.6,1160.4992083333334,42.46822,10000,5,19496,0.72
3252,0.2277,47.4,3,5,0.6,1259.1329090909092,47.08708,10000,5,19501,0.65
3253,0.2275,3.25,0,3,0.0,1755.0,43.6265,10000,3,19504,0.42
3254,0.2272,91.54,6,8,0.75,1430.9573846153846,35.65714,10000,8,19512,1.13
3255,0.227,45.52,5,12,0.417,1377.9458888888892,41.76214,10000,12,19524,1.7
3256,0.2267,57.63,6,12,0.5,1427.784303030303,43.15714,10000,12,19536,1.83
3257,0.2265,56.63,3,3,1.0,1456.6455217391306,41.12841,10000,3,19539,0.42
3258,0.2263,29.76,3,12,0.25,1264.4712857142856,42.15384,10000,12,19551,1.88
3259,0.226,87.6,6,9,0.667,1393.0302857142856,46.45864,10000,9,19560,1.27
3260,0.2258,47.51,4,6,0.667,1334.7456923076923,47.256,10000,6,19566,0.84
3261,0.2256,31.91,2,5,0.4,1018.84675,35.43691,10000,5,19571,0.7
3262,0.2253,34.33,3,7,0.429,1888.0698399999999,44.98577,10000,7,19578,1.03
3263,0.2251,50.98,4,8,0.5,1651.9797037037035,41.70216,10000,8,19586,1.13
3264,0.2248,28.9,4,5,0.8,1482.629565217391,46.39091,10000,5,19591,0.66
3265,0.2246,69.63,4,10,0.4,1132.7654347826087,51.17456,10000,10,19601,1.3
3266,0.2244,40.21,3,5,0.6,1621.5597407407408,43.83558,10000,5,19606,0.66
3267,0.2241,19.89,3,8,0.375,1506.29946875,42.1455,10000,8,19614,1.04
3268,0.2239,69.25,6,10,0.6,1503.6743571428572,41.67349,10000,10,19624,1.32
3269,0.2237,33.86,2,5,0.4,1414.6007083333334,48.74929,10000,5,19629,0.64
3270,0.2234,13.8,1,6,0.167,1470.8630952380952,47.12016,10000,6,19635,0.74
3271,0.2232,38.35,5,11,0.455,1172.5,43.06938,10000,11,19646,1.33
3272,0.2229,44.26,3,7,0.429,1383.3743333333332,41.01779,10000,7,19653,0.92
3273,0.2227,23.34,1,1,1.0,1532.59795,40.66008,10000,1,19654,0.14
3274,0.2225,23.33,4,9,0.444,1475.1785666666665,46.12467,10000,9,19663,1.19
3275,0.2222,42.55,3,7,0.429,1612.9341935483872,43.95948,10000,7,19670,0.89
3276,0.222,45.39,4,6,0.667,1344.5624074074074,45.67671,10000,6,19676,0.78
3277,0.2218,39.72,3,9,0.333,1368.4624230769232,42.32839,10000,9,19685,1.17
3278,0.2215,65.74,5,9,0.556,1676.3221379310344,46.05979,10000,9,19694,1.17
3279,0.2213,33.34,3,8,0.375,1068.9828518518518,40.49319,10000,8,19702,1.01
3280,0.221,72.63,5,6,0.833,1384.0510800000002,45.73398,10000,6,19708,0.76
3281,0.2208,49.32,5,11,0.455,1501.0442903225805,42.40861,10000,11,19719,1.35
3282,0.2206,87.25,6,9,0.667,1510.5771,46.46873,10000,9,19728,1.11
3283,0.2203,47.02,4,8,0.5,1750.055,43.83902,10000,8,19736,1.03
3284,0.2201,45.32,2,3,0.667,1610.7214615384617,37.00616,10000,3,19739,0.38
3285,0.2199,54.68,5,7,0.714,1223.6558400000001,42.5612,10000,7,19746,0.88
3286,0.2196,27.15,3,7,0.429,1256.1278,42.12348,10000,7,19753,0.88
3287,0.2194,36.92,4,7,0.571,1843.4375,44.86032,10000,7,19760,0.9
3288,0.2191,17.16,1,8,0.125,1293.1065384615385,42.94674,10000,8,19768,1.02
3289,0.2189,40.87,4,6,0.667,1464.06128,45.21865,10000,6,19774,0.78
3290,0.2187,50.64,5,9,0.556,1168.9804800000002,45.02527,10000,9,19783,1.13
3291,0.2184,63.63,3,4,0.75,916.7846666666668,41.57847,10000,4,19787,0.49
3292,0.2182,75.86,6,10,0.6,1464.6148387096773,42.95838,10000,10,19797,1.21
3293,0.218,43.97,5,10,0.5,1504.4902333333334,48.12853,10000,10,19807,1.28
3294,0.2177,93.47,8,11,0.727,1509.067588235294,44.30508,10000,11,19818,1.38
3295,0.2175,60.54,3,6,0.5,1017.502347826087,45.39347,10000,6,19824,0.78
3296,0.2172,57.62,4,7,0.571,1418.985037037037,44.47914,10000,7,19831,0.9
3297,0.217,61.44,5,7,0.714,1249.7817142857143,44.36154,10000,7,19838,0.89
3298,0.2168,76.65,6,11,0.545,1442.0390967741935,41.99743,10000,11,19849,1.4
3299,0.2165,75.36,5,6,0.833,1614.8827037037036,38.80661,10000,6,19855,0.76
3300,0.2163,38.63,2,8,0.25,1054.4252173913044,42.85095,10000,8,19863,0.99
3301,0.2161,15.58,3,6,0.5,1511.5524615384616,39.55933,10000,6,19869,0.68
3302,0.2158,63.85,4,10,0.4,1537.627142857143,44.076,10000,10,19879,1.25
3303,0.2156,23.28,3,8,0.375,1670.3227499999998,47.09685,10000,8,19887,1.02
3304,0.2153,82.42,5,9,0.556,1543.2933103448277,43.33312,10000,9,19896,1.07
3305,0.2151,24.25,2,6,0.333,1218.16,38.97999,10000,6,19902,0.97
3306,0.2149,34.9,4,11,0.364,1352.2178,43.28436,10000,11,19913,1.5
3307,0.2146,38.15,3,11,0.273,1417.901423076923,40.56244,10000,11,19924,1.59
3308,0.2144,42.69,3,5,0.6,1212.08348,47.48067,10000,5,19929,0.72
3309,0.2142,99.22,6,8,0.75,1633.5790303030303,42.46231,10000,8,19937,1.06
3310,0.2139,15.76,1,6,0.167,1266.674238095238,46.18753,10000,6,19943,0.84
3311,0.2137,67.55,4,6,0.667,1139.898043478261,34.08252,10000,6,19949,0.96
3312,0.2134,42.1,3,7,0.429,1282.8784615384614,45.177,10000,7,19956,1.03
3313,0.2132,76.36,4,7,0.571,1374.2123703703703,40.47087,10000,7,19963,1.14
3314,0.213,15.17,3,11,0.273,1548.015,43.72723,10000,11,19974,1.57
3315,0.2127,46.67,5,12,0.417,1711.825117647059,41.69971,10000,12,19986,1.76
3316,0.2125,62.65,4,6,0.667,1724.0538399999998,40.1607,10000,6,19992,0.92
3317,0.2123,66.09,4,6,0.667,1414.8934074074075,45.67243,10000,6,19998,0.91
3318,0.212,37.53,4,8,0.5,1309.0906785714285,43.83762,10000,8,20006,1.3
3319,0.2118,60.54,4,7,0.571,1079.267,39.09114,10000,7,20013,1.06
3320,0.2115,48.97,2,2,1.0,1333.354,42.73041,10000,2,20015,0.31
3321,0.2113,46.97,3,8,0.375,1239.5126923076923,40.13053,10000,8,20023,1.11
3322,0.2111,48.95,3,4,0.75,1263.1036521739131,48.9769,10000,4,20027,0.58
3323,0.2108,17.5,2,6,0.333,1124.0166399999998,42.80634,10000,6,20033,0.92
3324,0.2106,56.01,4,10,0.4,1386.9809666666667,43.16798,10000,10,20043,1.42
3325,0.2104,50.67,3,12,0.25,1353.6335714285713,38.52944,10000,12,20055,1.87
3326,0.2101,102.64,6,7,0.857,1286.3318965517242,42.62638,10000,7,20062,1.03
3327,0.2099,23.11,2,8,0.25,1494.6563571428571,46.13324,10000,8,20070,1.04
3328,0.2096,33.57,2,9,0.222,1359.1455454545453,44.68378,10000,9,20079,1.38
3329,0.2094,108.08,6,6,1.0,1540.8983703703705,44.35301,10000,6,20085,0.85
3330,0.2092,31.23,2,6,0.333,1356.0264000000002,49.29197,10000,6,20091,0.95
3331,0.2089,59.19,4,12,0.333,1449.3067741935486,43.82783,10000,12,20103,1.82
3332,0.2087,16.6,1,4,0.25,1376.195238095238,40.3082,10000,4,20107,0.67
3333,0.2085,27.54,3,6,0.5,1660.7691785714287,41.08515,10000,6,20113,0.9
3334,0.2082,97.96,7,9,0.778,1883.5050666666668,43.20962,10000,9,20122,1.25
3335,0.208,38.06,3,6,0.5,1216.7545833333334,39.86909,10000,6,20128,0.87
3336,0.2077,78.87,6,11,0.545,1606.4667499999998,42.24944,10000,11,20139,1.63
3337,0.2075,67.33,4,9,0.444,1596.7340666666669,46.86091,10000,9,20148,1.3
3338,0.2073,56.05,2,2,1.0,1839.3187826086955,43.00315,10000,2,20150,0.31
3339,0.207,106.54,8,11,0.727,1414.58459375,39.93932,10000,11,20161,1.75
3340,0.2068,25.33,2,8,0.25,1085.4970454545453,39.58103,10000,8,20169,1.32
3341,0.2066,78.08,7,10,0.7,1369.1235862068966,39.86365,10000,10,20179,1.44
3342,0.2063,41.58,4,11,0.364,1728.003176470588,40.67629,10000,11,20190,1.66
3343,0.2061,48.26,4,7,0.571,1654.9872307692308,39.74413,10000,7,20197,1.05
3344,0.2058,57.75,4,7,0.571,1174.7352857142857,48.22664,10000,7,20204,1.02
3345,0.2056,34.49,1,3,0.333,1231.6433636363638,44.67928,10000,3,20207,0.39
3346,0.2054,50.4,4,9,0.444,1303.9679615384616,45.17372,10000,9,20216,1.29
3347,0.2051,-0.3,0,5,0.0,1076.25,41.92865,10000,5,20221,0.8
3348,0.2049,52.06,3,5,0.6,1380.0755199999999,42.95212,10000,5,20226,0.77
3349,0.2047,32.62,3,7,0.429,1337.0824074074073,44.0401,10000,7,20233,1.02
3350,0.2044,82.13,4,5,0.8,1288.11276,44.18696,10000,5,20238,0.64
3351,0.2042,50.58,5,11,0.455,1323.4649666666667,38.86943,10000,11,20249,1.51
3352,0.2039,64.76,4,9,0.444,1345.7118620689655,37.34312,10000,9,20258,1.29
3353,0.2037,49.33,3,8,0.375,1233.4127407407407,43.27538,10000,8,20266,1.18
3354,0.2035,68.97,5,9,0.556,1227.7821379310344,47.93721,10000,9,20275,1.37
3355,0.2032,74.7,6,11,0.545,1897.4616315789474,40.19083,10000,11,20286,1.71
3356,0.203,62.0,4,6,0.667,1493.02875,38.29428,10000,6,20292,0.91
3357,0.2028,18.74,2,7,0.286,1362.0860344827588,45.304,10000,7,20299,0.92
3358,0.2025,59.41,4,7,0.571,1396.0897599999998,39.27489,10000,7,20306,0.92
3359,0.2023,45.14,2,6,0.333,1043.7334545454544,43.27576,10000,6,20312,0.91
3360,0.202,17.28,1,7,0.143,1280.777076923077,44.21999,10000,7,20319,1.04
3361,0.2018,32.18,2,8,0.25,1241.3520434782608,40.00404,10000,8,20327,1.22
3362,0.2016,64.74,4,8,0.5,1452.025923076923,44.81538,10000,8,20335,1.18
3363,0.2013,95.04,6,12,0.5,1200.2426249999999,40.66122,10000,12,20347,1.88
3364,0.2011,91.62,5,8,0.625,1250.189607142857,40.67972,10000,8,20355,1.17
3365,0.2009,50.59,4,7,0.571,1246.5095714285712,39.29773,10000,7,20362,1.06
3366,0.2006,63.17,4,6,0.667,1370.454962962963,40.10046,10000,6,20368,0.9
3367,0.2004,18.84,2,8,0.25,1284.0339999999999,39.01477,10000,8,20376,1.15
3368,0.2001,56.1,3,7,0.429,1212.9902962962963,42.67412,10000,7,20383,0.92
3369,0.1999,56.51,4,12,0.333,1594.5530555555556,38.85172,10000,12,20395,1.56
3370,0.1997,45.21,5,7,0.714,1120.1553333333334,43.87611,10000,7,20402,0.93
3371,0.1994,72.74,5,6,0.833,1228.64775,37.44197,10000,6,20408,0.79
3372,0.1992,64.08,5,11,0.455,1500.0972,44.3937,10000,11,20419,1.43
3373,0.1989,81.96,5,9,0.556,1557.1591944444444,42.48842,10000,9,20428,1.21
3374,0.1987,85.0,5,8,0.625,1691.6530769230772,40.45724,10000,8,20436,1.08
3375,0.1985,49.21,2,2,1.0,1471.5807619047619,39.99555,10000,2,20438,0.27
3376,0.1982,42.77,4,7,0.571,1164.04068,42.02449,10000,7,20445,0.94
3377,0.198,40.4,2,11,0.182,1553.3798,43.99086,10000,11,20456,1.47
3378,0.1978,3.73,1,2,0.5,1200.002380952381,45.45376,10000,2,20458,0.26
3379,0.1975,6.71,1,9,0.111,1045.01545,46.57818,10000,9,20467,1.21
3380,0.1973,69.53,3,3,1.0,1257.0026363636364,36.66387,10000,3,20470,0.41
3381,0.197,66.63,4,9,0.444,1893.179379310345,44.38603,10000,9,20479,1.16
3382,0.1968,100.73,6,11,0.545,1253.4692592592592,42.70669,10000,11,20490,1.48
3383,0.1966,61.05,3,7,0.429,1151.9788888888888,45.09915,10000,7,20497,0.93
3384,0.1963,10.36,1,6,0.167,1324.4279999999999,40.93456,10000,6,20503,0.8
3385,0.1961,74.56,5,7,0.714,1146.3051153846154,42.97586,10000,7,20510,0.91
3386,0.1959,20.98,2,7,0.286,1518.600111111111,42.81345,10000,7,20517,0.93
3387,0.1956,16.6,3,10,0.3,1384.926260869565,40.58355,10000,10,20527,1.33
3388,0.1954,63.68,5,11,0.455,1888.347588235294,47.9059,10000,11,20538,1.43
3389,0.1951,98.37,7,10,0.7,1279.6900689655174,36.91338,10000,10,20548,1.3
3390,0.1949,22.58,1,8,0.125,1137.0490370370371,41.67031,10000,8,20556,1.07
3391,0.1947,117.96,8,9,0.889,1483.5073333333335,42.62288,10000,9,20565,1.14
3392,0.1944,90.67,7,11,0.636,1877.2814857142857,41.49844,10000,11,20576,1.44
3393,0.1942,65.64,4,10,0.4,1409.7556129032257,42.47655,10000,10,20586,1.35
3394,0.194,23.29,4,8,0.5,1241.2186666666666,42.56146,10000,8,20594,1.07
3395,0.1937,41.75,4,6,0.667,1522.8791428571428,38.52176,10000,6,20600,0.81
3396,0.1935,82.59,5,7,0.714,1629.2996249999999,41.11692,10000,7,20607,0.94
3397,0.1932,48.98,3,8,0.375,1501.7374166666668,39.31802,10000,8,20615,1.04
3398,0.193,60.04,5,11,0.455,1510.954357142857,39.11809,10000,11,20626,1.47
3399,0.1928,41.77,3,7,0.429,1163.0385185185185,49.66998,10000,7,20633,0.94
3400,0.1925,20.48,2,7,0.286,1669.246923076923,45.01549,10000,7,20640,0.93
3401,0.1923,34.24,3,7,0.429,1416.7720740740742,45.22958,10000,7,20647,1.03
3402,0.1921,10.61,2,5,0.4,1112.541,46.83491,10000,5,20652,0.67
3403,0.1918,63.99,3,6,0.5,1088.0940799999998,43.98833,10000,6,20658,0.9
3404,0.1916,3.5,0,10,0.0,1450.0,43.33862,10000,10,20668,1.43
3405,0.1913,58.33,4,11,0.364,1386.0711599999997,44.69476,10000,11,20679,1.67
3406,0.1911,50.82,3,5,0.6,1437.6334166666668,42.44468,10000,5,20684,0.79
3407,0.1909,52.73,3,7,0.429,1607.2444,44.01302,10000,7,20691,0.99
3408,0.1906,84.66,6,7,0.857,1878.5273666666667,55.05924,10000,7,20698,0.94
3409,0.1904,39.86,3,7,0.429,1421.816,40.83066,10000,7,20705,0.91
3410,0.1902,74.74,5,7,0.714,1170.8824,38.97994,10000,7,20712,0.92
3411,0.1899,42.62,3,9,0.333,1040.426741935484,42.55674,10000,9,20721,1.12
3412,0.1897,50.19,3,6,0.5,1430.530608695652,41.71982,10000,6,20727,0.76
3413,0.1894,63.21,6,6,1.0,1679.5381724137933,38.74925,10000,6,20733,0.79
3414,0.1892,52.8,3,7,0.429,1553.6778214285714,40.21308,10000,7,20740,0.92
3415,0.189,42.79,3,10,0.3,1650.0353157894738,37.79995,10000,10,20750,1.33
3416,0.1887,69.34,5,7,0.714,1321.670076923077,40.68549,10000,7,20757,0.93
3417,0.1885,56.12,5,9,0.556,1530.8438148148146,41.96478,10000,9,20766,1.16
3418,0.1883,62.37,4,7,0.571,1579.2861666666668,45.63637,10000,7,20773,0.93
3419,0.188,51.11,4,7,0.571,1307.21825,41.3733,10000,7,20780,0.94
3420,0.1878,84.77,5,7,0.714,1331.8168,39.95418,10000,7,20787,0.93
3421,0.1875,40.28,2,9,0.222,1159.6106666666667,45.14149,10000,9,20796,1.15
3422,0.1873,61.71,5,11,0.455,1144.1552727272726,43.07944,10000,11,20807,1.45
3423,0.1871,15.92,1,3,0.333,1088.6412727272727,48.61016,10000,3,20810,0.4
3424,0.1868,3.34,1,2,0.5,1226.09555,64.50971,10000,2,20812,0.26
3425,0.1866,84.14,6,10,0.6,1816.8079444444445,44.7036,10000,10,20822,1.34
3426,0.1864,34.86,4,7,0.571,1395.9045833333332,42.90653,10000,7,20829,0.93
3427,0.1861,49.3,2,3,0.667,1671.4492380952381,47.11128,10000,3,20832,0.42
3428,0.1859,59.81,3,8,0.375,1319.3115384615385,42.45271,10000,8,20840,1.07
3429,0.1856,23.81,1,7,0.143,1466.0036,41.17578,10000,7,20847,0.93
3430,0.1854,47.24,4,8,0.5,1709.7295483870967,42.1031,10000,8,20855,0.94
3431,0.1852,41.01,3,8,0.375,1616.1841612903227,45.32887,10000,8,20863,0.96
3432,0.1849,64.91,5,9,0.556,1602.58,44.60359,10000,9,20872,0.95
3433,0.1847,73.77,4,5,0.8,1396.11184,42.25019,10000,5,20877,0.52
3434,0.1845,74.06,5,6,0.833,1550.1159999999998,39.29937,10000,6,20883,0.62
3435,0.1842,52.73,5,7,0.714,1266.8063703703704,42.86428,10000,7,20890,0.72
3436,0.184,38.1,3,6,0.5,1564.07076,43.47203,10000,6,20896,0.62
3437,0.1837,92.27,6,9,0.667,1365.5590769230769,38.78946,10000,9,20905,0.92
3438,0.1835,84.59,5,7,0.714,1766.7743703703704,40.29063,10000,7,20912,0.72
3439,0.1833,39.76,3,7,0.429,1044.11524,39.82082,10000,7,20919,0.71
3440,0.183,60.9,5,11,0.455,1436.8554333333334,37.13862,10000,11,20930,1.13
3441,0.1828,49.98,3,6,0.5,1373.1356153846152,41.33378,10000,6,20936,0.62
3442,0.1826,73.58,5,11,0.455,1380.889923076923,41.7049,10000,11,20947,1.12
3443,0.1823,77.98,5,11,0.455,1274.1700666666666,42.03405,10000,11,20958,1.11
3444,0.1821,54.95,3,6,0.5,1687.5875833333332,43.71559,10000,6,20964,0.61
3445,0.1818,55.88,6,9,0.667,1396.8209333333332,45.56663,10000,9,20973,0.92
3446,0.1816,67.73,6,8,0.75,1471.6315714285715,44.00267,10000,8,20981,0.81
3447,0.1814,19.03,2,8,0.25,1512.5070833333332,42.86385,10000,8,20989,0.82
3448,0.1811,27.73,2,10,0.2,1326.7197999999999,42.46497,10000,10,20999,1.04
3449,0.1809,74.78,6,11,0.545,1488.8555625,44.46783,10000,11,21010,1.14
3450,0.1807,59.38,4,6,0.667,1095.3632,47.1571,10000,6,21016,0.61
3451,0.1804,18.48,3,9,0.333,1205.259142857143,37.42237,10000,9,21025,0.93
3452,0.1802,38.67,5,6,0.833,1272.21096,38.01483,10000,6,21031,0.61
3453,0.1799,63.9,5,9,0.556,1360.943,38.08071,10000,9,21040,0.92
3454,0.1797,23.43,1,4,0.25,1097.9230833333334,47.22175,10000,4,21044,0.41
3455,0.1795,38.06,1,6,0.167,1404.76415,40.3377,10000,6,21050,0.61
3456,0.1792,43.89,3,4,0.75,1059.8226153846153,45.67509,10000,4,21054,0.41
3457,0.179,52.09,3,6,0.5,1225.090576923077,42.27032,10000,6,21060,0.61
3458,0.1788,72.54,6,11,0.545,1554.9470967741936,45.20481,10000,11,21071,1.14
3459,0.1785,26.9,3,8,0.375,1018.5618,50.10213,10000,8,21079,0.82
3460,0.1783,82.3,6,6,1.0,1255.4374482758622,40.61944,10000,6,21085,0.62
3461,0.178,45.41,4,8,0.5,1131.5699259259259,40.41151,10000,8,21093,0.82
3462,0.1778,38.18,3,8,0.375,1830.8280384615387,38.07865,10000,8,21101,0.83
3463,0.1776,55.8,6,11,0.545,1647.1828235294117,40.81545,10000,11,21112,1.15
3464,0.1773,28.65,2,5,0.4,1588.0247200000001,42.10006,10000,5,21117,0.51
3465,0.1771,40.38,3,6,0.5,1211.1545925925925,44.80309,10000,6,21123,0.61
3466,0.1769,73.8,5,9,0.556,1406.162448275862,41.76181,10000,9,21132,0.92
3467,0.1766,57.13,3,5,0.6,1396.9343333333334,44.94606,10000,5,21137,0.51
3468,0.1764,89.34,6,9,0.667,1421.738962962963,41.35632,10000,9,21146,0.91
3469,0.1761,56.65,3,5,0.6,1674.1923333333336,44.90762,10000,5,21151,0.52
3470,0.1759,63.77,4,7,0.571,1210.0630833333332,41.77518,10000,7,21158,0.8
3471,0.1757,43.21,3,7,0.429,1365.4594615384617,39.86934,10000,7,21165,0.9
3472,0.1754,37.86,3,5,0.6,1583.4062916666664,44.25429,10000,5,21170,0.63
3473,0.1752,54.25,4,5,0.8,1459.2739130434784,42.27251,10000,5,21175,0.64
3474,0.175,74.56,4,4,1.0,1404.1216,42.60553,10000,4,21179,0.5
3475,0.1747,53.51,5,12,0.417,1822.28275,41.54251,10000,12,21191,1.62
3476,0.1745,27.65,3,10,0.3,1186.6424615384615,42.01304,10000,10,21201,1.4
3477,0.1742,91.14,7,7,1.0,1309.1049642857142,36.99874,10000,7,21208,0.96
3478,0.174,82.96,5,7,0.714,1528.8219259259258,44.51664,10000,7,21215,1.0
3479,0.1738,54.69,7,11,0.636,1407.5365277777778,35.29059,10000,11,21226,1.64
3480,0.1735,50.44,4,6,0.667,1548.5928461538463,39.99097,10000,6,21232,0.85
3481,0.1733,45.85,3,4,0.75,1035.28336,40.13868,10000,4,21236,0.59
3482,0.1731,44.53,6,6,1.0,1132.4394814814816,46.67618,10000,6,21242,0.89
3483,0.1728,60.29,4,7,0.571,1368.8240869565216,40.93897,10000,7,21249,1.06
3484,0.1726,45.91,4,11,0.364,1396.4017777777776,43.96719,10000,11,21260,1.51
3485,0.1723,45.14,5,9,0.556,1605.2191379310343,45.78829,10000,9,21269,1.24
3486,0.1721,63.03,4,6,0.667,1488.8052692307692,41.1673,10000,6,21275,0.76
3487,0.1719,79.27,6,12,0.5,1528.876785714286,41.42291,10000,12,21287,1.43
3488,0.1716,39.47,3,10,0.3,1588.9205185185185,40.58453,10000,10,21297,1.25
3489,0.1714,51.24,3,5,0.6,1373.1613461538461,46.23356,10000,5,21302,0.79
3490,0.1712,17.69,3,10,0.3,1356.77325,42.05589,10000,10,21312,1.44
3491,0.1709,14.58,2,7,0.286,1692.3634615384615,43.29741,10000,7,21319,0.88
3492,0.1707,63.94,4,9,0.444,1640.131,42.30269,10000,9,21328,1.15
3493,0.1704,67.29,5,11,0.455,1302.915387096774,40.30814,10000,11,21339,1.42
3494,0.1702,34.68,2,7,0.286,1487.5385833333332,42.39781,10000,7,21346,0.98
3495,0.17,37.32,4,12,0.333,1889.2587027027027,37.9605,10000,12,21358,1.63
3496,0.1697,72.07,3,4,0.75,1466.784875,47.1349,10000,4,21362,0.51
3497,0.1695,101.63,7,8,0.875,1777.4488285714285,43.53178,10000,8,21370,0.97
3498,0.1693,88.87,7,11,0.636,1221.966,44.60615,10000,11,21381,1.4
3499,0.169,126.47,8,9,0.889,1239.0595555555556,43.00627,10000,9,21390,1.34
3500,0.1688,51.43,2,6,0.333,1507.7485384615384,39.29352,10000,6,21396,0.85
3501,0.1685,51.23,3,8,0.375,1457.671818181818,38.26833,10000,8,21404,1.18
3502,0.1683,64.09,5,10,0.5,1418.2119200000002,50.22633,10000,10,21414,1.36
3503,0.1681,36.51,2,5,0.4,1014.86552,40.53214,10000,5,21419,0.73
3504,0.1678,49.28,3,6,0.5,1393.6000384615384,40.26401,10000,6,21425,0.85
3505,0.1676,30.0,3,13,0.231,1176.3010000000002,41.37444,10000,13,21438,1.86
3506,0.1674,91.93,7,9,0.778,1750.22,42.14214,10000,9,21447,1.38
3507,0.1671,53.84,4,8,0.5,1129.4147857142857,40.31578,10000,8,21455,1.15
3508,0.1669,28.98,2,6,0.333,1350.064375,40.34796,10000,6,21461,0.93
3509,0.1666,68.25,3,5,0.6,1530.5102608695654,43.02183,10000,5,21466,0.7
3510,0.1664,50.02,3,6,0.5,1625.1084799999999,40.84455,10000,6,21472,0.9
3511,0.1662,59.05,3,5,0.6,1688.967259259259,41.25022,10000,5,21477,0.77
3512,0.1659,78.36,4,6,0.667,1450.0792916666667,39.17469,10000,6,21483,0.93
3513,0.1657,64.25,4,6,0.667,1467.4806086956523,38.35527,10000,6,21489,0.85
3514,0.1655,56.42,3,7,0.429,1456.04312,43.59302,10000,7,21496,0.91
3515,0.1652,51.9,4,10,0.4,1049.5973333333334,46.52347,10000,10,21506,1.26
3516,0.165,52.4,4,11,0.364,1219.5928999999999,40.96923,10000,11,21517,1.57
3517,0.1647,60.75,3,10,0.3,1640.0908666666667,44.36075,10000,10,21527,1.29
3518,0.1645,5.0,0,6,0.0,1455.0,43.03512,10000,6,21533,0.76
3519,0.1643,66.72,4,10,0.4,1293.988448275862,40.61648,10000,10,21543,1.47
3520,0.164,42.34,3,7,0.429,1248.989074074074,37.34483,10000,7,21550,1.0
3521,0.1638,52.66,3,5,0.6,1080.09352,39.68195,10000,5,21555,0.72
3522,0.1636,17.49,1,6,0.167,1214.0216,38.96685,10000,6,21561,0.72
3523,0.1633,60.09,5,11,0.455,1500.1857333333332,37.01214,10000,11,21572,1.31
3524,0.1631,21.42,2,8,0.25,1048.4219166666667,39.76277,10000,8,21580,1.05
3525,0.1628,23.51,2,8,0.25,1381.4937142857143,38.37814,10000,8,21588,1.04
3526,0.1626,85.28,7,10,0.7,1508.7395862068968,38.87194,10000,10,21598,1.28
3527,0.1624,69.57,4,5,0.8,1556.6211739130433,40.72905,10000,5,21603,0.73
3528,0.1621,64.49,4,7,0.571,1323.5173703703704,37.22333,10000,7,21610,1.03
3529,0.1619,51.9,4,10,0.4,1492.2791818181818,40.13492,10000,10,21620,1.26
3530,0.1617,88.54,5,5,1.0,1577.0486923076924,40.21552,10000,5,21625,0.67
3531,0.1614,33.33,1,8,0.125,1413.0630434782609,35.79228,10000,8,21633,0.97
3532,0.1612,30.17,1,4,0.25,960.9811363636363,40.25504,10000,4,21637,0.5
3533,0.1609,24.6,5,10,0.5,1861.8497941176472,38.98304,10000,10,21647,1.28
3534,0.1607,73.01,4,6,0.667,1472.0804230769231,38.49738,10000,6,21653,0.91
3535,0.1605,57.34,6,9,0.667,1603.537551724138,46.6174,10000,9,21662,1.26
3536,0.1602,9.8,1,2,0.5,1580.15985,34.59036,10000,2,21664,0.24
3537,0.16,60.56,4,7,0.571,1477.8437037037036,38.69499,10000,7,21671,0.88
3538,0.1598,60.43,3,7,0.429,1435.9647857142857,37.77265,10000,7,21678,1.08
3539,0.1595,96.62,7,12,0.583,1394.9980322580645,37.51056,10000,12,21690,1.53
3540,0.1593,29.8,2,4,0.5,1164.0352,50.4073,10000,4,21694,0.57
3541,0.159,82.66,5,6,0.833,1442.4095384615384,39.15556,10000,6,21700,0.8
3542,0.1588,68.74,6,10,0.6,1811.8469117647057,40.11525,10000,10,21710,1.25
3543,0.1586,67.69,5,7,0.714,1071.6387142857143,37.06255,10000,7,21717,0.9
3544,0.1583,42.25,3,7,0.429,1326.7455416666667,38.57027,10000,7,21724,0.96
3545,0.1581,48.44,3,7,0.429,1186.6353846153845,39.60809,10000,7,21731,1.1
3546,0.1579,59.98,4,10,0.4,1386.8133666666665,40.13365,10000,10,21741,1.34
3547,0.1576,17.73,1,5,0.2,1390.7484444444444,35.89705,10000,5,21746,0.71
3548,0.1574,80.65,5,10,0.5,1580.1684666666665,40.56395,10000,10,21756,1.37
3549,0.1571,76.01,4,6,0.667,1725.0974166666667,43.67024,10000,6,21762,0.91
3550,0.1569,-1.25,0,4,0.0,1397.85,44.59122,10000,4,21766,0.58
3551,0.1567,16.5,2,8,0.25,1070.7859310344827,39.7724,10000,8,21774,1.03
3552,0.1564,74.06,6,10,0.6,1601.1801249999999,37.559,10000,10,21784,1.24
3553,0.1562,66.76,5,5,1.0,1160.556,46.1518,10000,5,21789,0.64
3554,0.156,78.71,4,5,0.8,1543.84225,44.61846,10000,5,21794,0.6
3555,0.1557,70.49,5,10,0.5,1196.957,42.8353,10000,10,21804,1.05
3556,0.1555,74.98,6,11,0.545,1215.2068387096774,42.3524,10000,11,21815,1.46
3557,0.1552,58.41,3,7,0.429,1386.857107142857,40.54877,10000,7,21822,0.88
3558,0.155,54.21,4,5,0.8,1065.5514230769231,39.66706,10000,5,21827,0.75
3559,0.1548,39.89,5,6,0.833,1313.318962962963,40.37327,10000,6,21833,0.87
3560,0.1545,61.3,4,10,0.4,1263.0466571428572,39.98227,10000,10,21843,1.52
3561,0.1543,91.67,6,6,1.0,1057.2358620689656,39.51002,10000,6,21849,0.86
3562,0.1541,70.95,4,8,0.5,1410.071357142857,40.22234,10000,8,21857,1.19
3563,0.1538,71.23,5,11,0.455,1596.8367333333333,41.41985,10000,11,21868,1.82
3564,0.1536,51.29,4,6,0.667,1122.3633333333335,44.4435,10000,6,21874,0.77
3565,0.1533,77.92,5,11,0.455,1576.7194666666667,42.13678,10000,11,21885,1.69
3566,0.1531,-11.62,1,5,0.2,1470.8416666666665,42.6823,10000,5,21890,0.83
3567,0.1529,33.27,2,5,0.4,1395.8660833333333,42.7238,10000,5,21895,0.82
3568,0.1526,58.99,4,8,0.5,1179.400827586207,41.22476,10000,8,21903,1.19
3569,0.1524,54.77,4,5,0.8,1684.8760869565217,45.66072,10000,5,21908,0.71
3570,0.1522,53.3,3,8,0.375,1113.9391923076923,40.897,10000,8,21916,1.2
3571,0.1519,40.24,2,4,0.5,1204.8116666666665,40.54381,10000,4,21920,0.64
3572,0.1517,52.96,4,7,0.571,1500.0935555555554,43.83774,10000,7,21927,1.1
3573,0.1514,31.95,1,4,0.25,1280.0130000000001,40.43237,10000,4,21931,0.56
3574,0.1512,60.04,4,12,0.333,1581.5906296296296,42.21251,10000,12,21943,1.78
3575,0.151,61.1,5,11,0.455,1213.407896551724,43.90315,10000,11,21954,1.69
3576,0.1507,49.63,6,11,0.545,1100.2484857142856,42.3402,10000,11,21965,1.71
3577,0.1505,44.54,3,7,0.429,1520.7372068965517,45.29408,10000,7,21972,1.11
3578,0.1503,93.85,6,10,0.6,1451.2920357142855,45.19978,10000,10,21982,1.39
3579,0.15,41.8,4,11,0.364,1463.9501785714285,40.4985,10000,11,21993,1.61
3580,0.1498,49.76,3,7,0.429,1416.7327083333332,48.54842,10000,7,22000,1.03
3581,0.1495,75.2,4,7,0.571,1722.0594,41.23874,10000,7,22007,1.01
3582,0.1493,71.64,4,6,0.667,1082.622875,46.49113,10000,6,22013,0.8
3583,0.1491,27.69,2,7,0.286,1277.8790714285715,48.67213,10000,7,22020,1.08
3584,0.1488,29.93,2,6,0.333,1376.172230769231,41.37281,10000,6,22026,0.94
3585,0.1486,53.48,6,11,0.545,1347.0738064516129,42.56061,10000,11,22037,1.64
3586,0.1483,70.23,4,5,0.8,1245.7758260869566,42.9264,10000,5,22042,0.77
3587,0.1481,50.8,4,5,0.8,1202.08576,43.65351,10000,5,22047,0.78
3588,0.1479,86.39,6,9,0.667,1610.1468333333335,45.98258,10000,9,22056,1.38
3589,0.1476,63.6,3,6,0.5,1127.0158461538463,53.69371,10000,6,22062,0.92
3590,0.1474,68.49,6,8,0.75,1750.1881470588235,47.76801,10000,8,22070,1.15
3591,0.1472,35.29,2,9,0.222,1280.808074074074,39.54341,10000,9,22079,1.3
3592,0.1469,85.35,5,7,0.714,1211.632,37.94945,10000,7,22086,1.05
3593,0.1467,38.93,4,13,0.308,1493.014642857143,41.74134,10000,13,22099,1.84
3594,0.1464,12.37,1,6,0.167,1169.5565714285715,44.45073,10000,6,22105,0.87
3595,0.1462,67.17,4,7,0.571,1283.70656,39.76737,10000,7,22112,1.08
3596,0.146,65.33,6,9,0.667,1385.4491538461539,42.45324,10000,9,22121,1.39
3597,0.1457,42.25,5,8,0.625,1450.4885925925923,38.1278,10000,8,22129,1.14
3598,0.1455,79.61,5,8,0.625,1482.2807500000001,42.11607,10000,8,22137,1.22
3599,0.1453,36.11,3,8,0.375,1082.2902142857142,44.75941,10000,8,22145,1.13
3600,0.145,35.57,3,7,0.429,1725.9699629629629,39.62345,10000,7,22152,1.04
3601,0.1448,77.77,6,11,0.545,1182.9440303030303,41.80395,10000,11,22163,1.75
3602,0.1445,37.15,4,10,0.4,1248.4708965517243,44.72169,10000,10,22173,1.42
3603,0.1443,62.64,5,9,0.556,1183.6367407407406,42.9927,10000,9,22182,1.23
3604,0.1441,12.68,1,9,0.111,1089.62856,41.99341,10000,9,22191,1.44
3605,0.1438,84.8,8,9,0.889,1746.8459666666668,41.92735,10000,9,22200,1.22
3606,0.1436,50.4,5,13,0.385,1758.4745833333336,41.93568,10000,13,22213,1.93
3607,0.1434,61.31,5,11,0.455,1569.7614666666668,40.42864,10000,11,22224,1.71
3608,0.1431,95.65,6,7,0.857,1768.9340625,40.31511,10000,7,22231,1.07
3609,0.1429,95.04,5,11,0.455,1460.13816,39.84425,10000,11,22242,1.65
3610,0.1426,37.11,2,12,0.167,1135.6963548387096,41.62623,10000,12,22254,1.58
3611,0.1424,54.59,4,12,0.333,1357.269857142857,46.64299,10000,12,22266,1.6
3612,0.1422,41.56,2,5,0.4,1237.4232857142856,42.39942,10000,5,22271,0.67
3613,0.1419,78.05,6,6,1.0,1596.419,39.57614,10000,6,22277,0.82
3614,0.1417,54.42,4,6,0.667,1292.7927916666665,33.66809,10000,6,22283,0.81
3615,0.1415,87.85,6,11,0.545,1276.6167741935483,38.64922,10000,11,22294,1.46
3616,0.1412,65.03,5,9,0.556,1119.088275862069,39.10014,10000,9,22303,1.23
3617,0.141,79.62,5,11,0.455,1632.505258064516,40.28951,10000,11,22314,1.45
3618,0.1407,40.66,5,10,0.5,1685.5624117647062,39.67586,10000,10,22324,1.33
3619,0.1405,46.38,2,7,0.286,1876.9507692307693,43.13653,10000,7,22331,0.93
3620,0.1403,30.38,2,10,0.2,1660.5606052631579,44.91335,10000,10,22341,1.31
3621,0.14,74.6,5,6,0.833,1394.3434230769233,37.81613,10000,6,22347,0.81
3622,0.1398,95.36,6,10,0.6,1665.73521875,39.7943,10000,10,22357,1.27
3623,0.1396,19.38,4,11,0.364,1868.3242352941177,43.24433,10000,11,22368,1.43
3624,0.1393,82.84,6,9,0.667,1480.1801666666665,43.69096,10000,9,22377,1.18
3625,0.1391,55.49,3,4,0.75,1397.8231363636364,39.46649,10000,4,22381,0.51
3626,0.1388,60.78,4,12,0.333,1248.5733,44.15405,10000,12,22393,1.54
3627,0.1386,46.13,3,5,0.6,1086.4033333333334,39.62806,10000,5,22398,0.66
3628,0.1384,63.75,3,5,0.6,1080.0370869565218,42.6883,10000,5,22403,0.66
3629,0.1381,15.42,2,2,1.0,1282.5077,42.7863,10000,2,22405,0.27
3630,0.1379,79.93,5,7,0.714,1272.5165517241378,37.25816,10000,7,22412,0.94
3631,0.1377,66.68,4,10,0.4,1380.948076923077,41.05299,10000,10,22422,1.3
3632,0.1374,52.08,4,7,0.571,1135.8798214285714,42.55638,10000,7,22429,0.93
3633,0.1372,91.67,5,7,0.714,1403.8238518518517,47.8931,10000,7,22436,0.94
3634,0.1369,76.98,5,6,0.833,1517.412,45.57301,10000,6,22442,0.79
3635,0.1367,32.6,4,7,0.571,1407.2049642857144,46.31192,10000,7,22449,0.93
3636,0.1365,41.11,3,7,0.429,1618.599888888889,39.14935,10000,7,22456,0.92
3637,0.1362,62.8,3,7,0.429,1798.3609655172413,50.16157,10000,7,22463,0.91
3638,0.136,43.77,4,7,0.571,1438.9306923076922,39.65424,10000,7,22470,0.9
3639,0.1358,58.36,3,7,0.429,1302.6145833333333,38.09572,10000,7,22477,0.91
3640,0.1355,68.61,5,11,0.455,1374.2262222222223,41.67117,10000,11,22488,1.46
3641,0.1353,29.45,3,10,0.3,1205.2957586206896,45.34241,10000,10,22498,1.32
3642,0.135,54.18,3,7,0.429,1370.912833333333,48.21631,10000,7,22505,0.91
3643,0.1348,25.22,3,6,0.5,1194.7378214285714,37.98845,10000,6,22511,0.8
3644,0.1346,83.26,4,6,0.667,1196.07612,40.59679,10000,6,22517,0.8
3645,0.1343,21.06,1,1,1.0,1180.1432,51.05882,10000,1,22518,0.14
3646,0.1341,52.92,4,9,0.444,1207.0336206896552,41.86843,10000,9,22527,1.2
3647,0.1339,47.67,3,7,0.429,1483.510923076923,49.08133,10000,7,22534,0.94
3648,0.1336,79.02,6,12,0.5,1166.2483548387097,40.16693,10000,12,22546,1.57
3649,0.1334,74.93,5,8,0.625,1600.1643571428572,47.35771,10000,8,22554,1.06
3650,0.1331,65.98,5,10,0.5,1693.0121714285717,43.21222,10000,10,22564,1.34
3651,0.1329,39.44,3,11,0.273,1481.5347407407407,42.21027,10000,11,22575,1.47
3652,0.1327,44.76,2,8,0.25,1895.3041904761903,44.14073,10000,8,22583,1.07
3653,0.1324,65.62,6,10,0.6,1741.7254722222222,41.10345,10000,10,22593,1.34
3654,0.1322,32.53,3,7,0.429,1373.1425769230768,37.25824,10000,7,22600,0.95
3655,0.132,53.74,4,10,0.4,1448.5395384615383,41.75757,10000,10,22610,1.36
3656,0.1317,53.01,4,6,0.667,1580.0820333333331,40.74146,10000,6,22616,0.8
3657,0.1315,99.79,7,9,0.778,1332.260857142857,46.5147,10000,9,22625,1.17
3658,0.1312,57.8,4,11,0.364,1289.4248518518518,41.30585,10000,11,22636,1.43
3659,0.131,99.21,7,10,0.7,1714.4180857142858,43.2956,10000,10,22646,1.34
3660,0.1308,81.13,5,10,0.5,1457.0526666666667,42.16918,10000,10,22656,1.31
3661,0.1305,43.87,2,5,0.4,1317.4684347826087,45.43885,10000,5,22661,0.67
3662,0.1303,61.76,5,10,0.5,1284.0464193548387,38.17899,10000,10,22671,1.32
3663,0.1301,67.57,5,7,0.714,1377.29312,41.69898,10000,7,22678,0.94
3664,0.1298,58.29,4,6,0.667,1300.11416,37.72827,10000,6,22684,0.8
3665,0.1296,59.17,3,5,0.6,1661.6219999999998,38.92192,10000,5,22689,0.66
3666,0.1293,89.95,8,10,0.8,1600.1090344827585,43.22838,10000,10,22699,1.31
3667,0.1291,86.87,5,9,0.556,1165.7735862068967,44.40238,10000,9,22708,1.19
3668,0.1289,32.32,4,7,0.571,1459.3537407407407,43.86997,10000,7,22715,0.93
3669,0.1286,35.54,2,7,0.286,1279.5816363636366,41.97101,10000,7,22722,0.81
3670,0.1284,76.96,7,12,0.583,1265.7744666666665,46.11031,10000,12,22734,1.73
3671,0.1282,80.26,4,6,0.667,1231.0394615384616,39.58051,10000,6,22740,0.75
3672,0.1279,41.35,3,7,0.429,951.9344,37.77224,10000,7,22747,0.98
3673,0.1277,23.22,3,10,0.3,1362.9857142857145,38.07401,10000,10,22757,1.37
3674,0.1274,29.23,1,4,0.25,1500.0051666666666,40.29056,10000,4,22761,0.62
3675,0.1272,23.38,2,7,0.286,1236.86456,43.31303,10000,7,22768,0.93
3676,0.127,42.96,3,7,0.429,1232.2118214285713,41.40945,10000,7,22775,1.11
3677,0.1267,57.7,4,8,0.5,1756.19424,45.70261,10000,8,22783,1.13
3678,0.1265,88.82,7,10,0.7,1306.868,40.74297,10000,10,22793,1.51
3679,0.1263,11.8,3,13,0.231,1348.3653333333334,43.99692,10000,13,22806,1.91
3680,0.126,49.95,5,9,0.556,1393.2073103448276,42.72018,10000,9,22815,1.41
3681,0.1258,11.66,1,4,0.25,1128.00996,39.27199,10000,4,22819,0.62
3682,0.1255,56.31,5,9,0.556,1395.5094285714288,39.67146,10000,9,22828,1.31
3683,0.1253,65.51,5,10,0.5,1524.2249655172413,37.77326,10000,10,22838,1.49
3684,0.1251,50.19,4,9,0.444,1144.0355,40.11363,10000,9,22847,1.31
3685,0.1248,49.35,4,7,0.571,1557.2698214285715,37.85073,10000,7,22854,1.07
3686,0.1246,86.93,6,11,0.545,1480.881457142857,41.09511,10000,11,22865,1.64
3687,0.1244,27.91,2,4,0.5,1383.698090909091,45.80488,10000,4,22869,0.57
3688,0.1241,26.92,2,5,0.4,1138.6613333333332,42.76785,10000,5,22874,0.72
3689,0.1239,48.31,6,13,0.462,1371.6838181818184,38.9307,10000,13,22887,1.93
3690,0.1236,16.02,2,10,0.2,1188.5191538461538,39.22113,10000,10,22897,1.56
3691,0.1234,42.91,3,7,0.429,1470.0718000000002,36.97852,10000,7,22904,0.93
3692,0.1232,79.42,5,7,0.714,1308.11192,36.88302,10000,7,22911,0.92
3693,0.1229,12.3,0,4,0.0,1292.5,35.60112,10000,4,22915,0.53
3694,0.1227,43.16,3,7,0.429,1159.724076923077,39.69145,10000,7,22922,0.93
3695,0.1225,30.83,4,7,0.571,1409.037,39.39111,10000,7,22929,0.95
3696,0.1222,46.78,5,11,0.455,1818.8896874999998,41.31367,10000,11,22940,1.48
3697,0.122,22.57,2,4,0.5,1036.563739130435,41.45184,10000,4,22944,0.53
3698,0.1217,35.73,5,11,0.455,1662.2987297297298,37.30136,10000,11,22955,1.47
3699,0.1215,36.32,4,10,0.4,1378.7614838709678,39.65794,10000,10,22965,1.35
3700,0.1213,73.46,5,11,0.455,1307.0231724137934,38.33732,10000,11,22976,1.48
3701,0.121,70.57,5,7,0.714,1537.1354444444444,38.98769,10000,7,22983,0.78
3702,0.1208,73.53,4,7,0.571,1542.3434615384615,41.73397,10000,7,22990,0.9
3703,0.1206,25.22,2,8,0.25,1095.8825,36.66432,10000,8,22998,1.08
3704,0.1203,33.76,3,11,0.273,1724.3095151515151,38.88733,10000,11,23009,1.45
3705,0.1201,47.4,4,9,0.444,1881.1776216216217,38.4216,10000,9,23018,1.18
3706,0.1198,16.32,1,4,0.25,1100.0164615384615,45.66992,10000,4,23022,0.55
3707,0.1196,63.54,4,7,0.571,1300.1252307692305,46.04033,10000,7,23029,0.91
3708,0.1194,27.71,2,9,0.222,1253.7099666666666,42.12064,10000,9,23038,1.22
3709,0.1191,74.19,6,11,0.545,1813.0031612903226,41.34779,10000,11,23049,1.46
3710,0.1189,41.24,2,7,0.286,1415.9476363636363,42.55391,10000,7,23056,0.92
3711,0.1187,14.29,1,5,0.2,1786.9604347826084,37.54372,10000,5,23061,0.65
3712,0.1184,64.63,4,7,0.571,1383.6502916666668,38.53067,10000,7,23068,0.93
3713,0.1182,39.66,3,11,0.273,1468.2345925925927,40.58383,10000,11,23079,1.47
3714,0.1179,37.03,2,3,0.667,1345.4776363636365,41.72183,10000,3,23082,0.4
3715,0.1177,45.69,3,7,0.429,1450.1493666666668,41.93021,10000,7,23089,0.94
3716,0.1175,110.8,8,10,0.8,1324.381275862069,40.46097,10000,10,23099,1.34
3717,0.1172,94.91,5,7,0.714,1630.136866666667,43.31524,10000,7,23106,0.92
3718,0.117,51.47,3,7,0.429,1458.381375,44.58678,10000,7,23113,0.94
3719,0.1168,59.07,3,6,0.5,1295.87175,46.30885,10000,6,23119,0.81
3720,0.1165,39.34,4,11,0.364,1175.917515151515,43.65401,10000,11,23130,1.48
3721,0.1163,59.76,4,6,0.667,1546.51092,37.80005,10000,6,23136,0.81
3722,0.116,67.2,7,11,0.636,1322.414111111111,37.28453,10000,11,23147,1.48
3723,0.1158,79.57,7,12,0.583,1312.6628965517243,39.05925,10000,12,23159,1.62
3724,0.1156,86.59,7,10,0.7,1326.0717241379311,42.32709,10000,10,23169,1.35
3725,0.1153,29.16,2,8,0.25,1675.913448275862,40.19766,10000,8,23177,1.08
3726,0.1151,50.84,3,8,0.375,1792.9724642857143,40.37629,10000,8,23185,1.05
3727,0.1149,38.59,3,8,0.375,1447.6457272727273,41.07449,10000,8,23193,1.05
3728,0.1146,82.65,6,8,0.75,1436.191,41.7646,10000,8,23201,1.05
3729,0.1144,111.81,7,11,0.636,1534.7847419354837,36.8089,10000,11,23212,1.47
3730,0.1141,64.93,4,9,0.444,1258.680769230769,40.68315,10000,9,23221,1.2
3731,0.1139,69.03,5,10,0.5,1523.569875,37.76873,10000,10,23231,1.33
3732,0.1137,23.27,1,1,1.0,1080.2671,55.28823,10000,1,23232,0.13
3733,0.1134,71.54,5,11,0.455,1796.652448275862,39.27941,10000,11,23243,1.45
3734,0.1132,-2.67,1,8,0.125,1175.0,41.47144,10000,8,23251,1.13
3735,0.113,54.45,6,10,0.6,1841.4402413793102,39.81287,10000,10,23261,1.28
3736,0.1127,76.9,5,7,0.714,1183.4815,39.34102,10000,7,23268,0.88
3737,0.1125,25.21,4,8,0.5,1599.6011428571426,38.11786,10000,8,23276,1.04
3738,0.1122,89.85,6,12,0.5,1625.2404062499998,40.70928,10000,12,23288,1.59
3739,0.112,59.52,5,12,0.417,1280.9929677419354,38.78779,10000,12,23300,1.58
3740,0.1118,29.57,3,6,0.5,1172.3191851851852,40.40007,10000,6,23306,0.81
3741,0.1115,27.93,3,7,0.429,1243.9859999999999,38.66768,10000,7,23313,0.93
3742,0.1113,58.52,7,14,0.5,1243.2868,40.50016,10000,14,23327,1.83
3743,0.1111,46.34,3,11,0.273,1365.6553448275863,42.01715,10000,11,23338,1.45
3744,0.1108,69.77,5,8,0.625,1341.5108620689657,44.16618,10000,8,23346,1.02
3745,0.1106,96.24,5,7,0.714,1247.8184999999999,37.22266,10000,7,23353,0.94
3746,0.1103,47.57,3,9,0.333,1296.5161785714286,38.62509,10000,9,23362,1.21
3747,0.1101,65.99,4,6,0.667,1256.9056,42.50378,10000,6,23368,0.77
3748,0.1099,38.63,3,9,0.333,1303.9183793103448,40.79728,10000,9,23377,1.16
3749,0.1096,79.97,6,11,0.545,1782.9890285714284,41.90771,10000,11,23388,1.43
3750,0.1094,73.43,5,6,0.833,1451.9252962962962,37.34364,10000,6,23394,0.8
3751,0.1092,75.74,6,11,0.545,1238.2441379310346,38.84105,10000,11,23405,1.47
3752,0.1089,71.52,7,10,0.7,1368.2474285714286,39.16898,10000,10,23415,1.3
3753,0.1087,58.0,3,6,0.5,1782.8619310344827,38.98449,10000,6,23421,0.81
3754,0.1084,75.23,5,12,0.417,1433.4747333333332,40.18648,10000,12,23433,1.5
3755,0.1082,96.2,8,12,0.667,1409.3173333333332,33.10423,10000,12,23445,1.49
3756,0.108,114.89,8,10,0.8,1478.0820625000001,41.98869,10000,10,23455,1.25
3757,0.1077,80.68,6,6,1.0,1500.142,36.73121,10000,6,23461,0.74
3758,0.1075,92.71,6,9,0.667,1196.5839285714285,41.15369,10000,9,23470,1.11
3759,0.1073,74.8,6,13,0.462,1458.3399999999997,40.23332,10000,13,23483,1.65
3760,0.107,25.84,3,6,0.5,1339.2131739130434,37.50035,10000,6,23489,0.74
3761,0.1068,43.51,3,7,0.429,1065.7019655172414,43.15461,10000,7,23496,0.91
3762,0.1065,23.96,2,7,0.286,1884.3992812499998,39.11203,10000,7,23503,0.9
3763,0.1063,88.94,5,7,0.714,1618.663925925926,43.44514,10000,7,23510,0.88
3764,0.1061,46.78,4,6,0.667,1500.1056250000001,35.16697,10000,6,23516,0.8
3765,0.1058,51.46,4,6,0.667,1137.5908571428572,43.62926,10000,6,23522,0.78
3766,0.1056,25.76,2,7,0.286,1649.423392857143,39.74283,10000,7,23529,0.87
3767,0.1054,64.4,4,6,0.667,1438.5588461538462,38.03941,10000,6,23535,0.77
3768,0.1051,20.73,2,9,0.222,1440.9382727272728,40.90012,10000,9,23544,1.18
3769,0.1049,98.69,6,9,0.667,1463.5597692307695,43.70643,10000,9,23553,1.17
3770,0.1046,57.83,4,6,0.667,1496.760962962963,40.85026,10000,6,23559,0.77
3771,0.1044,46.12,3,11,0.273,1187.55725,42.8295,10000,11,23570,1.39
3772,0.1042,86.51,6,11,0.545,1518.9744687500001,39.77143,10000,11,23581,1.44
3773,0.1039,38.95,2,6,0.333,1562.036,39.98284,10000,6,23587,0.76
3774,0.1037,89.28,6,9,0.667,1401.8862413793104,46.31075,10000,9,23596,1.19
3775,0.1035,69.23,4,6,0.667,1550.1356666666666,40.82214,10000,6,23602,0.75
3776,0.1032,50.33,4,5,0.8,1303.959076923077,51.40404,10000,5,23607,0.66
3777,0.103,72.04,4,10,0.4,1379.5814482758622,39.74139,10000,10,23617,1.26
3778,0.1027,26.61,5,12,0.417,1683.1855625,40.78411,10000,12,23629,1.54
3779,0.1025,25.88,1,4,0.25,1028.0183000000002,47.08954,10000,4,23633,0.52
3780,0.1023,36.79,3,7,0.429,1366.6948571428572,40.65308,10000,7,23640,0.89
3781,0.102,30.19,4,13,0.308,1542.1788484848485,39.7453,10000,13,23653,1.61
3782,0.1018,40.78,3,8,0.375,1508.4186923076923,41.30497,10000,8,23661,0.95
3783,0.1016,40.61,3,7,0.429,1729.7427407407408,43.60496,10000,7,23668,0.86
3784,0.1013,8.87,3,10,0.3,1600.958892857143,36.84457,10000,10,23678,1.22
3785,0.1011,32.99,2,7,0.286,1182.1566153846154,42.57612,10000,7,23685,0.86
3786,0.1008,58.72,5,6,0.833,1272.26136,41.51785,10000,6,23691,0.67
3787,0.1006,74.32,5,6,0.833,1842.483653846154,38.35272,10000,6,23697,0.72
3788,0.1004,36.44,5,11,0.455,1340.2537142857143,40.67072,10000,11,23708,1.32
3789,0.1001,12.23,1,3,0.333,1454.5664545454545,41.42485,10000,3,23711,0.38
3790,0.0999,45.38,4,12,0.333,1257.15859375,39.92658,10000,12,23723,1.52
3791,0.0996,44.38,4,7,0.571,959.4876666666668,40.68849,10000,7,23730,0.85
3792,0.0994,91.56,7,12,0.583,1515.78396875,36.88496,10000,12,23742,1.54
3793,0.0992,11.08,1,7,0.143,1443.4894285714286,43.14805,10000,7,23749,0.9
3794,0.0989,68.16,5,11,0.455,1493.4528,42.05597,10000,11,23760,1.41
3795,0.0987,43.91,2,6,0.333,1014.70825,36.5327,10000,6,23766,0.77
3796,0.0985,88.76,5,6,0.833,1404.53332,42.36434,10000,6,23772,0.78
3797,0.0982,36.21,2,9,0.222,1220.0318636363636,39.3019,10000,9,23781,1.16
3798,0.098,101.94,7,9,0.778,1465.6774137931036,41.25124,10000,9,23790,1.14
3799,0.0977,64.88,4,7,0.571,1665.6602413793103,40.13189,10000,7,23797,0.9
3800,0.0975,48.42,3,7,0.429,1052.4530476190475,45.06118,10000,7,23804,0.9
3801,0.0973,53.56,4,7,0.571,1571.5199285714286,38.86813,10000,7,23811,0.88
3802,0.097,54.24,4,8,0.5,1494.0924,39.43224,10000,8,23819,1.03
3803,0.0968,37.47,2,7,0.286,1657.2154444444445,33.55101,10000,7,23826,0.9
3804,0.0966,82.42,5,10,0.5,1584.0542258064515,38.49585,10000,10,23836,1.28
3805,0.0963,61.88,5,6,0.833,1251.7685416666666,41.90492,10000,6,23842,0.79
3806,0.0961,45.5,3,8,0.375,1300.427037037037,36.93158,10000,8,23850,1.05
3807,0.0958,84.61,6,10,0.6,1454.1067500000001,41.46287,10000,10,23860,1.36
3808,0.0956,54.66,4,6,0.667,1320.1284399999997,36.5043,10000,6,23866,0.76
3809,0.0954,63.0,4,9,0.444,1646.714896551724,40.46582,10000,9,23875,1.27
3810,0.0951,61.28,4,6,0.667,1310.17544,33.04504,10000,6,23881,0.91
3811,0.0949,80.7,6,6,1.0,1144.78944,44.1965,10000,6,23887,0.85
3812,0.0947,42.44,4,7,0.571,1276.1667200000002,37.24676,10000,7,23894,1.02
3813,0.0944,47.42,3,8,0.375,1329.6599259259258,37.76149,10000,8,23902,1.2
3814,0.0942,55.05,3,8,0.375,1502.9330344827588,39.68349,10000,8,23910,1.09
3815,0.0939,108.57,7,9,0.778,1697.128787878788,38.09144,10000,9,23919,1.18
3816,0.0937,39.08,2,8,0.25,1700.058818181818,38.26895,10000,8,23927,1.05
3817,0.0935,75.11,4,7,0.571,1400.0834166666664,40.75497,10000,7,23934,0.89
3818,0.0932,74.08,4,5,0.8,1250.1004,34.67688,10000,5,23939,0.6
3819,0.093,36.44,2,8,0.25,1082.7526923076923,37.62309,10000,8,23947,1.01
3820,0.0928,45.9,3,7,0.429,1415.4812307692305,38.38821,10000,7,23954,0.94
3821,0.0925,75.65,6,12,0.5,1360.0919090909092,34.48203,10000,12,23966,1.54
3822,0.0923,61.57,5,13,0.385,1407.5626470588234,42.71212,10000,13,23979,1.4
3823,0.092,15.5,3,12,0.25,1254.8992258064518,45.47602,10000,12,23991,1.45
3824,0.0918,40.73,5,11,0.455,1412.5362692307692,40.30317,10000,11,24002,1.52
3825,0.0916,82.27,6,12,0.5,1463.8049696969697,38.46908,10000,12,24014,1.71
3826,0.0913,85.62,6,10,0.6,1306.768,43.93435,10000,10,24024,1.23
3827,0.0911,58.43,3,7,0.429,1435.5045833333334,38.98297,10000,7,24031,1.01
3828,0.0909,71.42,5,9,0.556,1389.0008518518518,40.03025,10000,9,24040,1.34
3829,0.0906,55.83,5,6,0.833,1528.0978000000002,38.8979,10000,6,24046,0.78
3830,0.0904,91.09,5,7,0.714,1420.1534333333332,36.98234,10000,7,24053,1.05
3831,0.0901,33.7,2,8,0.25,1406.5361379310343,39.63928,10000,8,24061,1.22
3832,0.0899,57.88,5,5,1.0,1411.2844074074076,42.71006,10000,5,24066,0.67
3833,0.0897,51.14,4,7,0.571,1710.4197931034482,44.62388,10000,7,24073,0.93
3834,0.0894,32.09,4,11,0.364,1889.8217435897438,44.20499,10000,11,24084,1.46
3835,0.0892,-5.77,3,8,0.375,1240.8576153846154,39.12141,10000,8,24092,1.02
3836,0.089,17.82,3,11,0.273,1581.0919655172415,41.38609,10000,11,24103,1.5
3837,0.0887,87.43,5,6,0.833,1620.1036800000002,38.96995,10000,6,24109,0.8
3838,0.0885,49.51,3,6,0.5,1863.404266666667,38.8212,10000,6,24115,0.85
3839,0.0882,75.81,5,10,0.5,1400.4859285714285,41.0139,10000,10,24125,1.51
3840,0.088,36.8,3,6,0.5,1072.1763333333333,37.5527,10000,6,24131,0.96
3841,0.0878,64.43,6,11,0.545,1371.2215483870968,42.95239,10000,11,24142,1.64
3842,0.0875,59.83,5,11,0.455,1765.499153846154,43.56972,10000,11,24153,1.61
3843,0.0873,46.23,4,7,0.571,1648.5011071428573,39.84921,10000,7,24160,1.16
3844,0.0871,77.72,6,11,0.545,1254.0118518518518,46.38637,10000,11,24171,1.53
3845,0.0868,22.9,1,8,0.125,1233.149238095238,42.25149,10000,8,24179,1.06
3846,0.0866,75.24,5,9,0.556,1341.5219655172414,38.85911,10000,9,24188,1.35
3847,0.0863,40.62,5,11,0.455,1241.118,38.93299,10000,11,24199,1.56
3848,0.0861,61.8,5,6,0.833,1427.0358846153847,40.25338,10000,6,24205,0.91
3849,0.0859,58.42,3,7,0.429,1312.0738000000001,41.71295,10000,7,24212,0.96
3850,0.0856,60.22,3,5,0.6,1282.7118260869565,44.39303,10000,5,24217,0.74
3851,0.0854,31.96,2,10,0.2,1309.179409090909,37.8306,10000,10,24227,1.27
3852,0.0852,41.63,5,10,0.5,1347.5794838709678,40.16509,10000,10,24237,1.26
3853,0.0849,80.28,6,8,0.75,1251.9974444444442,39.03246,10000,8,24245,1.08
3854,0.0847,59.02,5,12,0.417,1276.9217333333333,37.91204,10000,12,24257,1.52
3855,0.0844,82.61,7,12,0.583,1887.1990967741935,39.22435,10000,12,24269,1.53
3856,0.0842,44.13,3,7,0.429,1392.6976296296298,42.46477,10000,7,24276,0.91
3857,0.084,58.93,3,5,0.6,1345.9235416666666,43.9398,10000,5,24281,0.64
3858,0.0837,43.08,2,6,0.333,1342.8958095238095,36.88451,10000,6,24287,0.75
3859,0.0835,54.65,5,7,0.714,1046.7672413793102,39.38424,10000,7,24294,0.89
3860,0.0833,22.28,3,7,0.429,1287.5651666666665,42.724,10000,7,24301,0.91
3861,0.083,70.76,4,8,0.5,1327.8932592592594,40.63154,10000,8,24309,1.03
3862,0.0828,85.78,5,8,0.625,1466.7850370370372,39.70127,10000,8,24317,1.03
3863,0.0825,47.11,4,12,0.333,1243.6648333333333,41.00251,10000,12,24329,1.55
3864,0.0823,105.94,7,11,0.636,1364.50125,36.23088,10000,11,24340,1.41
3865,0.0821,28.23,2,11,0.182,1274.5730666666666,33.93154,10000,11,24351,1.43
3866,0.0818,60.73,4,8,0.5,1392.0796799999998,41.14296,10000,8,24359,1.02
3867,0.0816,39.49,4,7,0.571,1289.4992142857143,44.15008,10000,7,24366,0.9
3868,0.0814,78.9,4,7,0.571,1175.0341666666666,43.05132,10000,7,24373,0.9
3869,0.0811,31.02,3,10,0.3,1629.1096129032258,37.5078,10000,10,24383,1.31
3870,0.0809,80.31,7,10,0.7,1104.2961428571427,44.19387,10000,10,24393,1.25
3871,0.0806,58.0,5,9,0.556,1281.7799655172414,42.39958,10000,9,24402,1.14
3872,0.0804,60.71,4,11,0.364,1526.0423703703705,42.18522,10000,11,24413,1.42
3873,0.0802,77.28,5,11,0.455,1536.375172413793,43.06976,10000,11,24424,1.33
3874,0.0799,89.48,6,10,0.6,1678.4515999999999,42.41194,10000,10,24434,1.23
3875,0.0797,61.05,4,5,0.8,1596.3408846153845,43.64042,10000,5,24439,0.6
3876,0.0795,46.23,4,12,0.333,1156.3365000000001,38.98393,10000,12,24451,1.4
3877,0.0792,65.42,5,11,0.455,1590.7931562500003,40.45986,10000,11,24462,1.3
3878,0.079,57.94,4,7,0.571,1350.0697142857146,45.3747,10000,7,24469,0.8
3879,0.0787,64.3,3,5,0.6,1054.04656,41.82737,10000,5,24474,0.56
3880,0.0785,30.6,5,10,0.5,1338.4096666666667,41.99165,10000,10,24484,1.16
3881,0.0783,30.74,5,12,0.417,1891.1949411764708,43.50058,10000,12,24496,1.39
3882,0.078,95.51,6,11,0.545,1297.5511333333334,40.32883,10000,11,24507,1.31
3883,0.0778,46.76,4,10,0.4,1255.5375862068963,41.73344,10000,10,24517,1.31
3884,0.0776,49.11,6,11,0.545,1339.851142857143,41.79913,10000,11,24528,1.46
3885,0.0773,65.73,4,7,0.571,1146.4625925925927,42.08048,10000,7,24535,0.81
3886,0.0771,67.45,4,8,0.5,1492.6869259259258,37.19422,10000,8,24543,0.89
3887,0.0768,26.66,3,11,0.273,1411.020625,38.51818,10000,11,24554,1.4
3888,0.0766,49.08,4,11,0.364,1889.2794054054054,44.13298,10000,11,24565,1.3
3889,0.0764,50.31,4,10,0.4,1268.5145,37.51126,10000,10,24575,1.16
3890,0.0761,91.6,6,9,0.667,1246.8545862068963,39.42002,10000,9,24584,1.07
3891,0.0759,53.45,5,12,0.417,1528.22975,39.0013,10000,12,24596,1.38
3892,0.0757,68.55,6,11,0.545,1880.6298611111113,47.17112,10000,11,24607,1.22
3893,0.0754,92.42,5,9,0.556,1443.2823103448275,42.43705,10000,9,24616,1.14
3894,0.0752,38.08,5,10,0.5,1246.8436428571429,39.68306,10000,10,24626,1.44
3895,0.0749,40.03,3,9,0.333,1482.1705384615382,38.75228,10000,9,24635,1.15
3896,0.0747,11.09,3,5,0.6,1616.7440416666668,39.64176,10000,5,24640,0.67
3897,0.0745,66.62,4,8,0.5,1520.1928214285715,33.68952,10000,8,24648,1.04
3898,0.0742,63.95,4,11,0.364,1532.4108571428571,40.52997,10000,11,24659,1.39
3899,0.074,56.23,3,6,0.5,1169.3046153846153,45.34508,10000,6,24665,0.89
3900,0.0738,6.1,1,5,0.2,1662.500625,44.26244,10000,5,24670,0.63
3901,0.0735,16.25,3,7,0.429,1407.8051538461539,41.6003,10000,7,24677,0.9
3902,0.0733,50.35,4,5,0.8,1102.209625,38.03959,10000,5,24682,0.78
3903,0.073,51.49,4,9,0.444,1106.8517,44.24988,10000,9,24691,1.15
3904,0.0728,76.53,7,9,0.778,1526.7115625000001,38.52226,10000,9,24700,1.27
3905,0.0726,54.65,4,12,0.333,1464.0009999999997,42.73955,10000,12,24712,1.7
3906,0.0723,72.7,4,5,0.8,1420.9040416666667,38.72459,10000,5,24717,0.6
3907,0.0721,98.16,5,7,0.714,1566.641931034483,44.74346,10000,7,24724,0.97
3908,0.0719,56.83,6,10,0.6,1878.3990666666666,41.18553,10000,10,24734,1.25
3909,0.0716,53.97,3,4,0.75,1390.9837272727273,36.60213,10000,4,24738,0.51
3910,0.0714,75.79,6,11,0.545,1274.9794516129032,39.58285,10000,11,24749,1.48
3911,0.0711,51.8,4,12,0.333,1037.6852857142856,40.49682,10000,12,24761,1.67
3912,0.0709,7.13,0,6,0.0,1360.0,38.74747,10000,6,24767,0.78
3913,0.0707,64.03,5,6,0.833,1654.0913846153849,38.00588,10000,6,24773,0.78
3914,0.0704,72.88,5,8,0.625,1564.4392142857141,41.17074,10000,8,24781,1.15
3915,0.0702,81.53,4,10,0.4,1641.4502068965517,36.58917,10000,10,24791,1.32
3916,0.07,43.93,3,7,0.429,1318.334892857143,40.92217,10000,7,24798,0.89
3917,0.0697,115.24,8,9,0.889,1557.6815000000001,38.83873,10000,9,24807,1.28
3918,0.0695,42.49,2,4,0.5,1536.3998181818183,37.65921,10000,4,24811,0.49
3919,0.0692,46.63,3,7,0.429,1231.8665454545453,36.32584,10000,7,24818,0.89
3920,0.069,37.35,3,7,0.429,1383.4198518518517,37.53818,10000,7,24825,0.88
3921,0.0688,91.91,8,10,0.8,1236.6104827586207,43.54612,10000,10,24835,1.07
3922,0.0685,27.63,2,9,0.222,1157.6970000000001,42.01066,10000,9,24844,0.93
3923,0.0683,44.48,4,8,0.5,1136.10492,45.45844,10000,8,24852,0.82
3924,0.0681,25.02,1,5,0.2,1226.0144,40.19941,10000,5,24857,0.51
3925,0.0678,60.46,4,10,0.4,1825.7778974358976,43.18028,10000,10,24867,1.03
3926,0.0676,71.24,4,6,0.667,1380.917346153846,43.45809,10000,6,24873,0.64
3927,0.0673,78.77,4,7,0.571,1684.6861538461537,38.9835,10000,7,24880,0.72
3928,0.0671,58.62,4,7,0.571,1333.4318148148147,31.20264,10000,7,24887,0.71
3929,0.0669,75.42,7,10,0.7,1576.13425,40.19865,10000,10,24897,1.01
3930,0.0666,30.01,5,11,0.455,1787.9526969696972,41.16336,10000,11,24908,1.11
3931,0.0664,42.66,4,7,0.571,1670.0340666666666,42.11559,10000,7,24915,0.71
3932,0.0662,77.98,8,9,0.889,1623.4803529411763,39.50103,10000,9,24924,0.91
3933,0.0659,72.97,4,9,0.444,1489.8347931034482,43.4801,10000,9,24933,0.91
3934,0.0657,59.21,4,6,0.667,1527.1694166666666,44.75963,10000,6,24939,0.62
3935,0.0654,50.87,3,7,0.429,1236.4269545454545,41.22626,10000,7,24946,0.71
3936,0.0652,52.6,3,6,0.5,1560.05748,41.14233,10000,6,24952,0.63
3937,0.065,64.69,6,11,0.545,1387.2485161290322,38.63208,10000,11,24963,1.12
3938,0.0647,84.25,4,9,0.444,1756.0708,36.21179,10000,9,24972,0.91
3939,0.0645,37.29,4,8,0.5,1050.1328571428571,44.03539,10000,8,24980,0.82
3940,0.0643,60.83,4,11,0.364,1445.584090909091,42.19775,10000,11,24991,1.12
3941,0.064,81.3,5,6,0.833,1359.3593333333336,40.28538,10000,6,24997,0.64
3942,0.0638,109.91,8,11,0.727,1397.02109375,41.89375,10000,11,25008,1.13
3943,0.0635,54.23,4,11,0.364,1285.4680769230768,41.11038,10000,11,25019,1.13
3944,0.0633,43.54,3,7,0.429,1708.0683199999999,46.43682,10000,7,25026,0.73
3945,0.0631,55.96,4,8,0.5,1395.6254375,41.93297,10000,8,25034,0.83
3946,0.0628,49.83,4,8,0.5,1460.1547999999998,43.11671,10000,8,25042,0.81
3947,0.0626,53.77,3,7,0.429,1512.0282400000003,37.4511,10000,7,25049,0.7
3948,0.0624,66.97,5,12,0.417,1420.2015999999999,35.34655,10000,12,25061,1.23
3949,0.0621,61.06,4,8,0.5,1429.6716000000001,42.74745,10000,8,25069,0.82
3950,0.0619,62.68,4,7,0.571,1111.34528,43.73862,10000,7,25076,0.72
3951,0.0616,83.18,7,11,0.636,1224.127393939394,40.03193,10000,11,25087,1.12
3952,0.0614,87.54,5,6,0.833,1246.028375,40.68082,10000,6,25093,0.61
3953,0.0612,57.15,4,8,0.5,1325.0957857142857,36.66646,10000,8,25101,0.82
3954,0.0609,31.69,2,8,0.25,1218.02408,37.36228,10000,8,25109,0.81
3955,0.0607,68.25,7,12,0.583,1458.7267027027026,39.77122,10000,12,25121,1.22
3956,0.0605,20.54,1,6,0.167,1062.5337,31.61892,10000,6,25127,0.61
3957,0.0602,87.61,6,10,0.6,1237.1692222222223,37.55446,10000,10,25137,1.03
3958,0.06,59.18,6,12,0.5,1529.6896296296295,37.92544,10000,12,25149,1.22
3959,0.0597,49.4,5,7,0.714,1026.8014615384614,39.5641,10000,7,25156,0.71
3960,0.0595,53.31,9,11,0.818,1306.2856470588235,40.71479,10000,11,25167,1.13
3961,0.0593,37.59,3,6,0.5,1100.1367727272727,38.52694,10000,6,25173,0.62
3962,0.059,60.68,4,7,0.571,1840.3925806451612,37.77676,10000,7,25180,0.72
3963,0.0588,62.42,6,10,0.6,1709.1952727272728,38.73051,10000,10,25190,1.02
3964,0.0586,56.19,5,7,0.714,1632.3105357142856,39.55426,10000,7,25197,0.72
3965,0.0583,83.52,7,12,0.583,1253.31640625,37.31144,10000,12,25209,1.23
3966,0.0581,45.14,4,10,0.4,1421.493677419355,46.15882,10000,10,25219,1.01
3967,0.0578,41.43,4,7,0.571,1484.4343846153845,38.68887,10000,7,25226,0.71
3968,0.0576,85.32,6,9,0.667,1375.30592,37.40803,10000,9,25235,0.92
3969,0.0574,93.35,6,10,0.6,1747.1871176470588,38.43324,10000,10,25245,1.01
3970,0.0571,64.02,5,7,0.714,1263.178269230769,37.38326,10000,7,25252,0.74
3971,0.0569,71.14,4,6,0.667,1374.0149130434784,38.35614,10000,6,25258,0.61
3972,0.0567,67.48,4,7,0.571,1663.4243666666666,40.47586,10000,7,25265,0.75
3973,0.0564,75.3,5,9,0.556,1464.733925925926,42.94711,10000,9,25274,0.94
3974,0.0562,25.28,3,7,0.429,1461.613230769231,35.78368,10000,7,25281,0.76
3975,0.0559,39.75,3,9,0.333,1814.3729642857143,40.13065,10000,9,25290,0.94
3976,0.0557,63.07,6,12,0.5,1150.16184,40.32666,10000,12,25302,1.25
3977,0.0555,42.23,2,8,0.25,1251.916074074074,36.63806,10000,8,25310,0.84
3978,0.0552,64.31,5,8,0.625,1500.913068965517,40.66195,10000,8,25318,0.83
3979,0.055,76.39,6,10,0.6,1446.702620689655,40.91059,10000,10,25328,1.04
3980,0.0548,74.36,8,12,0.667,1567.33546875,42.5967,10000,12,25340,1.26
3981,0.0545,35.02,2,6,0.333,1039.300888888889,37.35307,10000,6,25346,0.64
3982,0.0543,12.23,2,7,0.286,1130.86652,40.27782,10000,7,25353,0.75
3983,0.054,58.94,4,6,0.667,1375.348,40.26039,10000,6,25359,0.62
3984,0.0538,76.0,5,7,0.714,1423.2149230769232,36.5413,10000,7,25366,0.73
3985,0.0536,77.17,7,9,0.778,1715.4633888888889,37.73872,10000,9,25375,0.94
3986,0.0533,62.14,4,7,0.571,1520.2669333333333,37.95508,10000,7,25382,0.74
3987,0.0531,84.93,7,11,0.636,1516.419677419355,39.18627,10000,11,25393,1.18
3988,0.0529,113.29,6,9,0.667,1593.2525172413793,38.00578,10000,9,25402,1.0
3989,0.0526,97.27,6,9,0.667,1414.440642857143,40.16403,10000,9,25411,0.97
3990,0.0524,91.6,7,10,0.7,1506.719827586207,40.1631,10000,10,25421,1.08
3991,0.0521,53.62,3,6,0.5,1714.9154074074074,35.55071,10000,6,25427,0.63
3992,0.0519,72.15,5,8,0.625,1640.8029999999999,36.01896,10000,8,25435,0.84
3993,0.0517,42.26,5,11,0.455,1334.085,38.69752,10000,11,25446,1.21
3994,0.0514,66.18,4,5,0.8,1500.0568799999999,39.45121,10000,5,25451,0.53
3995,0.0512,87.23,6,9,0.667,1886.670297297297,41.72382,10000,9,25460,0.94
3996,0.051,35.3,3,9,0.333,1517.277103448276,41.35765,10000,9,25469,0.92
3997,0.0507,69.72,7,10,0.7,1746.525607142857,40.84935,10000,10,25479,1.04
3998,0.0505,26.27,2,8,0.25,1233.4152666666666,41.05784,10000,8,25487,0.83
3999,0.0502,87.89,5,9,0.556,1198.3218518518518,40.16208,10000,9,25496,0.95
4000,0.05,101.4,6,8,0.75,1590.88375,39.47706,10000,8,25504,0.92
4001,0.05,43.98,3,7,0.429,1359.394814814815,43.74829,10000,7,25511,0.72
4002,0.05,97.01,7,10,0.7,1470.3786666666667,44.14411,10000,10,25521,1.02
4003,0.05,23.07,1,8,0.125,1020.0225652173913,41.55426,10000,8,25529,0.82
4004,0.05,49.6,3,5,0.6,1395.2808000000002,32.28407,10000,5,25534,0.51
4005,0.05,40.11,4,10,0.4,1214.210074074074,37.35411,10000,10,25544,1.01
4006,0.05,59.01,5,11,0.455,1758.9143823529412,42.33873,10000,11,25555,1.14
4007,0.05,38.54,3,7,0.429,1067.4536296296296,35.34014,10000,7,25562,0.72
4008,0.05,31.16,5,12,0.417,1439.5711842105263,43.79422,10000,12,25574,1.23
4009,0.05,67.23,4,6,0.667,1529.7068148148148,43.16183,10000,6,25580,0.62
4010,0.05,49.78,3,7,0.429,1647.2454074074074,44.80184,10000,7,25587,0.72
4011,0.05,106.19,6,8,0.75,1748.5838709677419,41.13698,10000,8,25595,1.03
4012,0.05,73.96,4,6,0.667,1450.0870000000002,38.66887,10000,6,25601,0.79
4013,0.05,43.38,3,7,0.429,1454.3950869565217,40.02534,10000,7,25608,0.88
4014,0.05,75.54,6,12,0.5,1609.5460312500002,40.22308,10000,12,25620,1.5
4015,0.05,68.91,4,10,0.4,1066.2971666666665,40.97848,10000,10,25630,1.22
4016,0.05,91.08,7,12,0.583,1273.40528125,42.05932,10000,12,25642,1.49
4017,0.05,82.85,6,9,0.667,1663.4611333333335,41.1731,10000,9,25651,1.26
4018,0.05,46.89,4,6,0.667,1520.8776666666665,44.47323,10000,6,25657,0.83
4019,0.05,48.51,4,9,0.444,1310.4599354838708,35.51955,10000,9,25666,1.27
4020,0.05,39.94,2,7,0.286,1240.8803333333333,36.69174,10000,7,25673,0.9
4021,0.05,24.21,2,8,0.25,1061.427590909091,38.198,10000,8,25681,1.15
4022,0.05,91.84,8,10,0.8,1317.6492068965517,40.9619,10000,10,25691,1.32
4023,0.05,82.14,5,11,0.455,1487.6921875000003,40.72922,10000,11,25702,1.49
4024,0.05,32.46,3,8,0.375,1063.3944838709676,39.36081,10000,8,25710,1.01
4025,0.05,104.24,7,12,0.583,1419.1138571428571,37.60563,10000,12,25722,1.56
4026,0.05,95.06,7,10,0.7,1530.8566129032258,38.99151,10000,10,25732,1.24
4027,0.05,67.69,4,6,0.667,1566.7664166666666,43.09645,10000,6,25738,0.78
4028,0.05,18.65,3,7,0.429,1320.4471153846155,35.44774,10000,7,25745,0.9
4029,0.05,77.34,5,10,0.5,1445.6818928571429,39.80572,10000,10,25755,1.34
4030,0.05,38.01,3,6,0.5,1580.06936,41.86659,10000,6,25761,0.8
4031,0.05,57.14,3,8,0.375,1468.2185454545454,40.30202,10000,8,25769,1.05
4032,0.05,23.03,2,4,0.5,950.9088888888889,34.02721,10000,4,25773,0.52
4033,0.05,31.71,3,12,0.25,1862.9380285714285,40.17634,10000,12,25785,1.69
4034,0.05,82.52,5,6,0.833,1485.523076923077,36.13578,10000,6,25791,0.74
4035,0.05,77.58,6,11,0.545,1577.0103076923076,39.72504,10000,11,25802,1.46
4036,0.05,77.83,4,7,0.571,1604.11908,43.58885,10000,7,25809,0.96
4037,0.05,51.93,5,7,0.714,1519.2891538461538,45.7731,10000,7,25816,0.99
4038,0.05,69.94,5,10,0.5,1521.4081212121212,39.39609,10000,10,25826,1.34
4039,0.05,60.23,6,13,0.462,1395.694114285714,42.53643,10000,13,25839,1.61
4040,0.05,61.18,5,5,1.0,1200.15876,35.45316,10000,5,25844,0.68
4041,0.05,65.18,5,6,0.833,1448.2402592592593,37.49522,10000,6,25850,0.77
4042,0.05,54.62,6,11,0.545,1766.711303030303,37.18782,10000,11,25861,1.41
4043,0.05,19.04,1,8,0.125,1060.03225,37.51044,10000,8,25869,1.04
4044,0.05,37.48,4,11,0.364,1377.2984285714285,37.66286,10000,11,25880,1.45
4045,0.05,89.8,5,5,1.0,1102.0927199999999,46.1899,10000,5,25885,0.65
4046,0.05,72.19,4,12,0.333,1384.9536666666668,38.77919,10000,12,25897,1.56
4047,0.05,77.32,6,9,0.667,1498.5869375,38.76758,10000,9,25906,1.24
4048,0.05,77.49,6,10,0.6,1597.4315,42.66398,10000,10,25916,1.38
4049,0.05,70.23,4,7,0.571,1753.6185,38.16665,10000,7,25923,0.9
4050,0.05,42.72,4,7,0.571,1440.6851785714284,40.89874,10000,7,25930,0.9
4051,0.05,46.65,4,7,0.571,1064.7396666666666,46.36218,10000,7,25937,0.91
4052,0.05,54.74,4,11,0.364,1593.7649655172413,38.04955,10000,11,25948,1.45
4053,0.05,36.74,4,6,0.667,1155.897,41.57622,10000,6,25954,0.74
4054,0.05,69.64,5,6,0.833,1520.4478148148146,39.17384,10000,6,25960,0.75
4055,0.05,54.67,6,12,0.5,1248.8246666666666,40.92637,10000,12,25972,1.61
4056,0.05,88.62,6,11,0.545,1195.307379310345,38.46782,10000,11,25983,1.48
4057,0.05,51.72,4,8,0.5,1408.0233103448277,35.911,10000,8,25991,1.07
4058,0.05,40.18,3,8,0.375,1067.8982580645163,44.34184,10000,8,25999,1.05
4059,0.05,45.8,4,7,0.571,1309.859923076923,40.56649,10000,7,26006,0.99
4060,0.05,73.69,6,9,0.667,1255.7083,42.56188,10000,9,26015,1.3
4061,0.05,50.99,4,10,0.4,1043.1041142857143,37.62914,10000,10,26025,1.27
4062,0.05,78.18,6,13,0.462,1443.703,42.43309,10000,13,26038,1.73
4063,0.05,29.17,4,13,0.308,1621.2468787878788,41.55686,10000,13,26051,1.73
4064,0.05,16.98,2,8,0.25,1120.9132083333334,43.54673,10000,8,26059,1.1
4065,0.05,53.18,5,14,0.357,1599.477457142857,37.90629,10000,14,26073,1.84
4066,0.05,46.08,3,8,0.375,1426.163739130435,40.12177,10000,8,26081,0.99
4067,0.05,73.29,5,10,0.5,1475.1424285714286,39.65238,10000,10,26091,1.07
4068,0.05,45.83,5,8,0.625,1210.8318214285714,41.92669,10000,8,26099,1.09
4069,0.05,89.52,6,6,1.0,1731.7364074074076,39.02478,10000,6,26105,0.85
4070,0.05,33.14,3,9,0.333,1155.823,40.97381,10000,9,26114,1.16
4071,0.05,43.77,3,6,0.5,1226.1739565217392,36.38738,10000,6,26120,0.74
4072,0.05,57.06,4,8,0.5,1496.7522333333332,39.19136,10000,8,26128,1.1
4073,0.05,41.77,3,6,0.5,1403.8748846153846,40.1676,10000,6,26134,0.77
4074,0.05,92.45,6,10,0.6,1641.3380294117649,39.79616,10000,10,26144,1.21
4075,0.05,89.27,6,9,0.667,1199.6515714285713,39.7035,10000,9,26153,1.12
4076,0.05,13.22,4,14,0.286,1125.1672857142858,39.97407,10000,14,26167,1.67
4077,0.05,44.2,3,6,0.5,1483.4371851851854,37.18118,10000,6,26173,0.78
4078,0.05,95.09,6,11,0.545,1447.2230645161294,37.62154,10000,11,26184,1.49
4079,0.05,85.82,6,9,0.667,1486.352892857143,42.77818,10000,9,26193,1.35
4080,0.05,68.8,4,5,0.8,1430.4990869565218,37.30165,10000,5,26198,0.67
4081,0.05,69.3,5,7,0.714,1760.8047499999998,40.02321,10000,7,26205,0.94
4082,0.05,49.27,4,6,0.667,1081.6114074074076,35.27056,10000,6,26211,0.83
4083,0.05,54.58,4,9,0.444,1270.4707692307695,38.44146,10000,9,26220,1.13
4084,0.05,50.9,4,8,0.5,1440.8667407407409,36.10076,10000,8,26228,1.0
4085,0.05,28.73,5,9,0.556,1277.7266285714286,36.68229,10000,9,26237,1.19
4086,0.05,55.69,4,6,0.667,1298.22704,40.94265,10000,6,26243,0.72
4087,0.05,52.77,4,7,0.571,1167.936357142857,39.37639,10000,7,26250,0.89
4088,0.05,33.12,2,11,0.182,1528.6212857142857,40.28714,10000,11,26261,1.32
4089,0.05,22.89,5,7,0.714,1187.233888888889,35.31581,10000,7,26268,0.87
4090,0.05,86.19,7,10,0.7,1763.723303030303,38.18398,10000,10,26278,1.22
4091,0.05,41.34,3,8,0.375,1240.1108695652174,37.17985,10000,8,26286,1.12
4092,0.05,43.65,3,7,0.429,1264.9583846153846,41.7319,10000,7,26293,0.91
4093,0.05,107.56,7,10,0.7,1493.4786666666664,40.35522,10000,10,26303,1.29
4094,0.05,26.79,2,6,0.333,1186.8938636363637,46.36045,10000,6,26309,0.82
4095,0.05,46.02,7,11,0.636,1403.8743333333332,36.93558,10000,11,26320,1.34
4096,0.05,64.4,4,8,0.5,1355.4234642857143,36.95617,10000,8,26328,0.97
4097,0.05,7.45,0,5,0.0,1389.0,40.23385,10000,5,26333,0.61
4098,0.05,60.91,5,11,0.455,1548.587606060606,39.32006,10000,11,26344,1.36
4099,0.05,34.66,3,10,0.3,1075.1414285714286,37.86803,10000,10,26354,1.24
4100,0.05,59.36,4,7,0.571,1736.7764,40.58353,10000,7,26361,0.87
4101,0.05,66.58,6,10,0.6,1158.1860882352942,37.89164,10000,10,26371,1.26
4102,0.05,73.71,4,8,0.5,1180.1225000000002,33.95824,10000,8,26379,1.05
4103,0.05,69.38,7,10,0.7,1198.5631379310344,39.27125,10000,10,26389,1.37
4104,0.05,69.72,4,7,0.571,1068.4578666666666,35.63918,10000,7,26396,0.96
4105,0.05,93.33,6,9,0.667,1746.8447999999999,37.61833,10000,9,26405,1.23
4106,0.05,106.74,7,10,0.7,1728.2986875,37.54737,10000,10,26415,1.37
4107,0.05,65.76,5,11,0.455,1620.9291333333333,35.14931,10000,11,26426,1.51
4108,0.05,38.19,6,12,0.5,1696.8600645161291,39.83706,10000,12,26438,1.65
4109,0.05,86.58,5,11,0.455,1510.0795333333333,38.61838,10000,11,26449,1.56
4110,0.05,48.31,3,12,0.25,1144.0335833333334,37.86162,10000,12,26461,1.6
4111,0.05,79.69,6,9,0.667,1338.1435862068965,35.30335,10000,9,26470,1.11
4112,0.05,48.06,5,7,0.714,1231.0926923076922,40.32304,10000,7,26477,1.05
4113,0.05,42.9,3,8,0.375,1602.0844,39.64523,10000,8,26485,1.04
4114,0.05,78.85,4,7,0.571,1281.1144,41.65348,10000,7,26492,0.88
4115,0.05,52.79,4,13,0.308,1318.57775,38.06714,10000,13,26505,1.72
4116,0.05,76.79,7,9,0.778,1141.5906896551726,34.79058,10000,9,26514,1.16
4117,0.05,65.44,4,11,0.364,1568.0672,42.73446,10000,11,26525,1.56
4118,0.05,75.29,5,10,0.5,1660.7670789473684,37.10822,10000,10,26535,1.4
4119,0.05,46.7,4,6,0.667,1877.8730740740739,44.2515,10000,6,26541,0.89
4120,0.05,107.8,7,9,0.778,1703.2343939393938,43.4781,10000,9,26550,1.28
4121,0.05,48.8,4,7,0.571,1487.5877857142857,38.44212,10000,7,26557,1.01
4122,0.05,43.55,4,11,0.364,1685.925942857143,39.26464,10000,11,26568,1.61
4123,0.05,56.84,4,11,0.364,1882.8315277777776,38.41071,10000,11,26579,1.58
4124,0.05,42.64,2,6,0.333,1472.1645,36.27402,10000,6,26585,0.82
4125,0.05,27.24,3,8,0.375,1444.04896,41.89192,10000,8,26593,1.21
4126,0.05,67.63,5,11,0.455,1266.9378666666667,40.91942,10000,11,26604,1.59
4127,0.05,42.02,4,7,0.571,1115.0338620689654,35.95817,10000,7,26611,0.98
4128,0.05,65.26,4,7,0.571,1130.8980833333333,38.7317,10000,7,26618,1.03
4129,0.05,66.32,5,6,0.833,1330.17772,40.74762,10000,6,26624,0.89
4130,0.05,17.82,2,7,0.286,1350.0414615384614,35.45775,10000,7,26631,1.09
4131,0.05,107.25,6,9,0.667,1406.8344666666667,39.89531,10000,9,26640,1.2
4132,0.05,41.01,3,8,0.375,1142.6344444444444,36.98885,10000,8,26648,1.05
4133,0.05,94.13,5,5,1.0,1379.2377500000002,36.65385,10000,5,26653,0.75
4134,0.05,89.55,6,6,1.0,1502.10184,37.40985,10000,6,26659,0.88
4135,0.05,71.39,5,6,0.833,1383.44225,38.30895,10000,6,26665,0.84
4136,0.05,74.37,5,6,0.833,1592.6911481481482,41.35052,10000,6,26671,0.89
4137,0.05,74.85,4,6,0.667,1824.1537037037037,35.16207,10000,6,26677,0.79
4138,0.05,55.26,5,6,0.833,1429.7114583333332,46.06545,10000,6,26683,0.86
4139,0.05,34.81,2,8,0.25,1257.3127272727272,36.22931,10000,8,26691,1.18
4140,0.05,71.99,7,11,0.636,1416.7841999999998,41.65011,10000,11,26702,1.57
4141,0.05,52.19,3,9,0.333,1165.8361111111112,40.73395,10000,9,26711,1.3
4142,0.05,77.62,5,7,0.714,1400.1128518518517,39.71286,10000,7,26718,0.98
4143,0.05,74.28,4,6,0.667,1194.3792307692308,39.19697,10000,6,26724,0.87
4144,0.05,61.75,4,8,0.5,1282.821620689655,41.03844,10000,8,26732,1.18
4145,0.05,45.65,4,7,0.571,1178.7013214285714,40.31188,10000,7,26739,1.08
4146,0.05,17.07,2,7,0.286,1176.0003703703705,40.0734,10000,7,26746,0.85
4147,0.05,67.3,4,6,0.667,1488.7467083333333,37.94608,10000,6,26752,0.9
4148,0.05,12.48,1,9,0.111,1128.9204347826087,39.43116,10000,9,26761,1.23
4149,0.05,77.54,5,10,0.5,1615.3267575757577,38.45031,10000,10,26771,1.43
4150,0.05,43.87,4,10,0.4,1682.921625,38.32132,10000,10,26781,1.44
4151,0.05,89.43,6,10,0.6,1532.4547096774193,32.54624,10000,10,26791,1.4
4152,0.05,38.24,4,7,0.571,1890.9143636363638,36.1676,10000,7,26798,0.92
4153,0.05,100.83,7,9,0.778,1734.4034000000001,37.25445,10000,9,26807,1.27
4154,0.05,57.37,4,7,0.571,1361.0081304347827,40.74928,10000,7,26814,0.84
4155,0.05,41.14,4,10,0.4,1503.001785714286,38.79022,10000,10,26824,1.38
4156,0.05,85.15,5,5,1.0,1563.1459629629633,36.28159,10000,5,26829,0.64
4157,0.05,86.82,6,9,0.667,1360.1469333333334,41.01822,10000,9,26838,1.26
4158,0.05,67.53,6,11,0.545,1353.9350666666664,40.02117,10000,11,26849,1.51
4159,0.05,48.86,3,7,0.429,1648.0113199999998,42.31675,10000,7,26856,0.9
4160,0.05,69.74,6,10,0.6,1523.2198285714285,39.82505,10000,10,26866,1.5
4161,0.05,34.37,4,6,0.667,1396.3543333333332,36.60136,10000,6,26872,0.85
4162,0.05,62.08,6,12,0.5,1265.15327027027,37.34201,10000,12,26884,1.8
4163,0.05,25.73,3,7,0.429,1377.24364,37.78524,10000,7,26891,0.93
4164,0.05,30.85,2,8,0.25,1303.9004615384615,39.26773,10000,8,26899,1.15
4165,0.05,37.82,3,6,0.5,1659.1072727272729,37.60531,10000,6,26905,0.69
4166,0.05,105.92,7,10,0.7,1583.4333666666669,38.69857,10000,10,26915,1.39
4167,0.05,66.66,6,12,0.5,1209.922,39.07722,10000,12,26927,1.6
4168,0.05,31.79,4,8,0.5,1444.538962962963,42.36655,10000,8,26935,1.06
4169,0.05,64.1,5,6,0.833,1309.721076923077,34.3395,10000,6,26941,0.87
4170,0.05,38.14,4,13,0.308,1198.52616,37.85086,10000,13,26954,2.0
4171,0.05,48.52,3,10,0.3,1260.7910714285713,37.67603,10000,10,26964,1.3
4172,0.05,66.15,4,4,1.0,943.9155000000001,38.47803,10000,4,26968,0.58
4173,0.05,54.7,4,13,0.308,1311.4173,41.50766,10000,13,26981,1.85
4174,0.05,66.08,3,7,0.429,1533.4225,37.58941,10000,7,26988,0.98
4175,0.05,31.49,3,8,0.375,1260.87392,39.08223,10000,8,26996,1.18
4176,0.05,56.28,5,8,0.625,1246.2527692307692,37.59439,10000,8,27004,1.15
4177,0.05,66.04,4,6,0.667,1744.8701379310346,35.20802,10000,6,27010,0.88
4178,0.05,72.23,5,10,0.5,1318.88278125,39.04782,10000,10,27020,1.33
4179,0.05,66.49,4,8,0.5,1291.4714137931035,42.66499,10000,8,27028,1.1
4180,0.05,8.17,2,12,0.167,1522.0838125,39.93984,10000,12,27040,1.56
4181,0.05,23.18,2,12,0.167,1220.481037037037,42.24894,10000,12,27052,1.52
4182,0.05,31.98,3,9,0.333,1399.2880800000003,42.7377,10000,9,27061,1.16
4183,0.05,74.28,6,11,0.545,1523.4720333333337,36.33667,10000,11,27072,1.67
4184,0.05,56.51,3,7,0.429,1107.2187916666667,40.59026,10000,7,27079,0.91
4185,0.05,61.36,6,8,0.75,1576.9474,36.7697,10000,8,27087,1.14
4186,0.05,99.12,6,10,0.6,1439.94384375,38.34543,10000,10,27097,1.41
4187,0.05,29.74,2,8,0.25,1438.1200384615383,39.14654,10000,8,27105,1.06
4188,0.05,27.01,2,4,0.5,1138.6003913043478,39.16693,10000,4,27109,0.54
4189,0.05,54.07,4,8,0.5,1260.7987777777776,32.96625,10000,8,27117,1.13
4190,0.05,42.83,3,8,0.375,1167.9369285714286,44.2364,10000,8,27125,1.04
4191,0.05,51.92,4,7,0.571,1434.6331379310345,38.69715,10000,7,27132,0.96
4192,0.05,28.2,1,1,1.0,1205.13485,39.49703,10000,1,27133,0.14
4193,0.05,67.24,4,6,0.667,1316.7719583333335,32.50856,10000,6,27139,0.81
4194,0.05,46.44,2,4,0.5,1161.048695652174,29.38225,10000,4,27143,0.57
4195,0.05,45.7,4,7,0.571,1398.372724137931,38.37129,10000,7,27150,0.99
4196,0.05,101.79,6,8,0.75,1816.381870967742,37.0236,10000,8,27158,1.08
4197,0.05,66.49,4,6,0.667,1044.9812,37.01614,10000,6,27164,0.83
4198,0.05,67.37,6,10,0.6,1679.8361562500002,39.96067,10000,10,27174,1.38
4199,0.05,104.26,7,11,0.636,1389.5307333333335,37.73453,10000,11,27185,1.48
4200,0.05,91.94,6,13,0.462,1307.1159655172412,37.40353,10000,13,27198,1.78
4201,0.05,57.54,4,7,0.571,1527.054076923077,35.32524,10000,7,27205,0.85
4202,0.05,56.3,4,7,0.571,1521.811652173913,37.38865,10000,7,27212,0.91
4203,0.05,75.87,6,9,0.667,1112.2316551724139,34.82478,10000,9,27221,1.34
4204,0.05,94.93,6,9,0.667,1700.2082068965517,39.99746,10000,9,27230,1.24
4205,0.05,41.38,3,12,0.25,1878.23925,38.08422,10000,12,27242,1.66
4206,0.05,54.84,4,12,0.333,1114.9316470588235,38.26937,10000,12,27254,1.7
4207,0.05,77.31,4,7,0.571,1303.5244137931033,33.58691,10000,7,27261,0.93
4208,0.05,83.64,6,11,0.545,1247.99690625,40.5006,10000,11,27272,1.34
4209,0.05,47.57,3,12,0.25,1836.2082222222223,35.51964,10000,12,27284,1.72
4210,0.05,63.3,4,6,0.667,1479.2726250000003,39.962,10000,6,27290,0.88
4211,0.05,74.15,4,6,0.667,1800.0814074074076,37.2068,10000,6,27296,0.89
4212,0.05,42.92,2,8,0.25,1383.5767916666666,39.57103,10000,8,27304,1.15
4213,0.05,65.71,5,11,0.455,1478.326272727273,39.01002,10000,11,27315,1.32
4214,0.05,35.78,4,4,1.0,1376.11492,34.7082,10000,4,27319,0.53
4215,0.05,82.53,7,12,0.583,1517.3510857142858,40.7285,10000,12,27331,1.55
4216,0.05,70.84,7,13,0.538,1338.1263448275863,40.80879,10000,13,27344,1.64
4217,0.05,17.9,3,8,0.375,1645.1755161290323,38.35156,10000,8,27352,0.89
4218,0.05,72.45,5,6,0.833,1448.08472,45.51192,10000,6,27358,0.62
4219,0.05,56.7,4,6,0.667,1360.0611199999998,43.7927,10000,6,27364,0.61
4220,0.05,61.47,6,10,0.6,1173.0491818181818,38.50606,10000,10,27374,1.04
4221,0.05,52.29,3,6,0.5,1542.7565384615384,42.8822,10000,6,27380,0.63
4222,0.05,32.32,2,10,0.2,1313.4071333333334,39.18099,10000,10,27390,1.04
4223,0.05,27.71,5,13,0.385,1370.662212121212,39.5665,10000,13,27403,1.36
4224,0.05,36.43,4,10,0.4,1303.2849354838709,37.11718,10000,10,27413,1.04
4225,0.05,64.67,6,12,0.5,1744.4950833333335,41.55185,10000,12,27425,1.24
4226,0.05,56.29,7,12,0.583,1836.0398974358973,40.46755,10000,12,27437,1.25
4227,0.05,42.31,4,8,0.5,1527.6540689655171,37.86496,10000,8,27445,0.83
4228,0.05,34.82,2,6,0.333,1380.4456,40.70041,10000,6,27451,0.62
4229,0.05,84.13,7,12,0.583,1580.195870967742,36.43291,10000,12,27463,1.25
4230,0.05,31.63,5,11,0.455,1352.828625,37.70326,10000,11,27474,1.15
4231,0.05,72.66,6,10,0.6,1501.9154193548386,39.47401,10000,10,27484,1.05
4232,0.05,53.05,4,7,0.571,1087.1985925925926,37.69899,10000,7,27491,0.73
4233,0.05,57.99,5,12,0.417,1772.5983499999998,43.55161,10000,12,27503,1.23
4234,0.05,39.07,3,6,0.5,1156.08384,43.93835,10000,6,27509,0.61
4235,0.05,78.52,8,9,0.889,1865.8566285714287,45.59471,10000,9,27518,0.92
4236,0.05,18.41,2,8,0.25,1229.7097407407407,39.54544,10000,8,27526,0.83
4237,0.05,5.45,2,8,0.25,1558.0802692307693,36.38405,10000,8,27534,0.82
4238,0.05,55.98,6,12,0.5,1629.6674666666668,39.0762,10000,12,27546,1.24
4239,0.05,33.86,4,12,0.333,1275.24109375,35.76099,10000,12,27558,1.23
4240,0.05,18.56,4,5,0.8,1157.8915769230769,38.84939,10000,5,27563,0.52
4241,0.05,45.08,3,6,0.5,1202.7056086956522,37.15913,10000,6,27569,0.61
4242,0.05,26.05,2,11,0.182,1225.1506,41.90043,10000,11,27580,1.13
4243,0.05,104.46,6,12,0.5,1400.3176666666666,40.18982,10000,12,27592,1.23
4244,0.05,80.93,6,6,1.0,1340.8994814814814,33.53761,10000,6,27598,0.65
4245,0.05,96.3,7,11,0.636,1297.4544827586208,37.57279,10000,11,27609,1.14
4246,0.05,61.79,5,8,0.625,1309.7837096774192,34.01042,10000,8,27617,0.81
4247,0.05,74.14,4,7,0.571,1253.6873214285713,40.09523,10000,7,27624,0.72
4248,0.05,42.26,4,8,0.5,1304.2467407407405,37.64164,10000,8,27632,0.82
4249,0.05,92.51,7,12,0.583,1808.3059459459462,39.95396,10000,12,27644,1.23
4250,0.05,50.83,4,6,0.667,1503.5409310344826,40.58137,10000,6,27650,0.62
4251,0.05,34.69,4,12,0.333,1246.6911428571427,37.14135,10000,12,27662,1.24
4252,0.05,69.24,4,10,0.4,1352.025851851852,38.39396,10000,10,27672,1.04
4253,0.05,30.36,3,7,0.429,1800.0702999999999,35.82356,10000,7,27679,0.71
4254,0.05,65.05,4,12,0.333,1412.13712,39.58091,10000,12,27691,1.25
4255,0.05,88.67,6,12,0.5,1410.2182333333333,38.46172,10000,12,27703,1.24
4256,0.05,78.95,6,12,0.5,1463.7810322580644,37.51064,10000,12,27715,1.24
4257,0.05,65.49,5,6,0.833,1479.1994583333333,38.39776,10000,6,27721,0.62
4258,0.05,75.59,8,12,0.667,1297.0814838709678,39.72128,10000,12,27733,1.26
4259,0.05,89.1,6,11,0.545,1453.7152666666666,35.44875,10000,11,27744,1.15
4260,0.05,12.1,0,5,0.0,1255.0,41.02005,10000,5,27749,0.53
4261,0.05,11.11,2,7,0.286,1040.4965384615384,37.43113,10000,7,27756,0.73
4262,0.05,59.56,3,6,0.5,1892.7315185185187,37.86154,10000,6,27762,0.63
4263,0.05,89.01,6,10,0.6,1664.6588387096776,40.81512,10000,10,27772,1.03
4264,0.05,45.72,3,8,0.375,1446.4635714285712,36.84727,10000,8,27780,0.91
4265,0.05,15.56,4,11,0.364,1158.2130322580645,36.86102,10000,11,27791,1.16
4266,0.05,61.8,4,7,0.571,1667.2597096774193,42.0385,10000,7,27798,0.72
4267,0.05,50.64,3,7,0.429,1404.4005217391305,36.03132,10000,7,27805,0.79
4268,0.05,27.37,3,10,0.3,1473.1381538461537,35.83557,10000,10,27815,1.04
4269,0.05,20.67,2,6,0.333,1422.00744,35.89525,10000,6,27821,0.61
4270,0.05,62.13,4,7,0.571,1526.2275769230769,38.61858,10000,7,27828,0.72
4271,0.05,35.82,5,12,0.417,1185.3244074074073,39.33242,10000,12,27840,1.24
4272,0.05,96.66,8,10,0.8,1506.9585,36.8755,10000,10,27850,1.05
4273,0.05,22.33,1,3,0.333,1561.3817272727274,30.83757,10000,3,27853,0.31
4274,0.05,92.04,7,12,0.583,1440.5678387096775,33.82387,10000,12,27865,1.24
4275,0.05,84.71,5,7,0.714,1580.1463,39.46901,10000,7,27872,0.71
4276,0.05,55.11,4,6,0.667,1338.5706153846154,33.74505,10000,6,27878,0.62
4277,0.05,25.13,3,13,0.231,1376.9602692307694,37.41705,10000,13,27891,1.35
4278,0.05,101.46,7,11,0.636,1689.9149666666667,38.11599,10000,11,27902,1.12
4279,0.05,52.59,3,7,0.429,1065.8889230769232,38.15775,10000,7,27909,0.72
4280,0.05,86.29,5,7,0.714,1373.1527307692306,37.73404,10000,7,27916,0.72
4281,0.05,26.42,2,12,0.167,1473.5277391304348,40.14189,10000,12,27928,1.24
4282,0.05,74.33,5,9,0.556,1496.1692413793105,36.60078,10000,9,27937,0.93
4283,0.05,47.0,3,7,0.429,1708.3449166666667,36.64748,10000,7,27944,0.73
4284,0.05,54.26,6,10,0.6,1633.3544516129032,36.91955,10000,10,27954,1.05
4285,0.05,54.16,4,6,0.667,1183.55252,43.30577,10000,6,27960,0.64
4286,0.05,44.61,3,6,0.5,1235.8362142857143,40.13129,10000,6,27966,0.63
4287,0.05,43.06,2,7,0.286,1846.4839285714286,39.98677,10000,7,27973,0.72
4288,0.05,42.96,5,11,0.455,1347.7770967741935,33.97116,10000,11,27984,1.13
4289,0.05,48.81,4,7,0.571,1492.4214230769232,33.59233,10000,7,27991,0.76
4290,0.05,99.89,7,10,0.7,1212.2502962962963,38.98941,10000,10,28001,1.15
4291,0.05,26.61,3,7,0.429,959.4374074074074,41.79444,10000,7,28008,0.96
4292,0.05,78.38,6,14,0.429,1514.5148,38.13701,10000,14,28022,1.93
4293,0.05,42.82,3,7,0.429,1485.1355416666665,37.05823,10000,7,28029,0.97
4294,0.05,80.42,5,11,0.455,1487.297806451613,36.27668,10000,11,28040,1.59
4295,0.05,31.04,3,8,0.375,1048.3569285714286,37.62412,10000,8,28048,1.13
4296,0.05,70.43,4,6,0.667,1380.9660000000001,39.23638,10000,6,28054,0.85
4297,0.05,28.75,1,10,0.1,1199.5792727272726,37.35488,10000,10,28064,1.35
4298,0.05,56.29,4,11,0.364,1465.6392758620689,42.21896,10000,11,28075,1.44
4299,0.05,82.17,5,6,0.833,1648.2709259259261,40.07947,10000,6,28081,0.73
4300,0.05,66.46,6,11,0.545,1059.9952258064516,37.17736,10000,11,28092,1.49
4301,0.05,58.78,3,7,0.429,1558.6734137931032,42.90006,10000,7,28099,0.98
4302,0.05,79.25,7,11,0.636,1534.0686129032258,39.15257,10000,11,28110,1.45
4303,0.05,48.15,4,6,0.667,1669.0145357142853,38.30022,10000,6,28116,0.79
4304,0.05,78.04,5,9,0.556,1585.2062,42.20849,10000,9,28125,1.24
4305,0.05,70.01,4,6,0.667,1218.4316666666666,38.82165,10000,6,28131,0.89
4306,0.05,61.21,4,11,0.364,1294.3048333333334,44.83065,10000,11,28142,1.57
4307,0.05,92.52,6,10,0.6,1452.6755483870966,35.90518,10000,10,28152,1.45
4308,0.05,56.81,3,7,0.429,1234.838347826087,45.68363,10000,7,28159,1.07
4309,0.05,50.52,3,10,0.3,1607.4912222222222,42.26492,10000,10,28169,1.37
4310,0.05,53.66,4,8,0.5,1256.3603125,36.09437,10000,8,28177,1.19
4311,0.05,67.84,4,7,0.571,1142.4243333333334,40.63907,10000,7,28184,0.98
4312,0.05,50.67,6,11,0.545,1287.539464285714,37.29046,10000,11,28195,1.61
4313,0.05,73.2,5,12,0.417,1429.3032258064516,40.72416,10000,12,28207,1.75
4314,0.05,54.81,4,9,0.444,1512.0522812499999,39.47872,10000,9,28216,1.42
4315,0.05,72.72,4,9,0.444,1718.8506249999998,39.53788,10000,9,28225,1.33
4316,0.05,15.1,2,8,0.25,1748.1878518518517,39.69645,10000,8,28233,0.98
4317,0.05,69.59,5,7,0.714,1442.3934615384615,36.35126,10000,7,28240,0.91
4318,0.05,80.56,4,6,0.667,1258.8072173913042,40.23102,10000,6,28246,0.75
4319,0.05,36.85,2,9,0.222,1081.3365000000001,39.31208,10000,9,28255,1.24
4320,0.05,67.46,4,6,0.667,1355.712148148148,41.19402,10000,6,28261,0.84
4321,0.05,-2.27,0,15,0.0,1173.75,41.7031,10000,15,28276,2.02
4322,0.05,50.58,4,11,0.364,1398.63784375,35.33749,10000,11,28287,1.67
4323,0.05,62.77,4,11,0.364,1230.126066666667,38.64659,10000,11,28298,1.48
4324,0.05,42.05,4,13,0.308,1409.754964285714,38.20455,10000,13,28311,1.71
4325,0.05,93.75,6,9,0.667,1415.76365625,42.67186,10000,9,28320,1.4
4326,0.05,91.82,6,11,0.545,1354.8474687500002,40.03275,10000,11,28331,1.42
4327,0.05,53.26,3,8,0.375,1481.5564444444447,40.37879,10000,8,28339,1.09
4328,0.05,87.99,5,7,0.714,1440.9446666666668,41.04179,10000,7,28346,0.99
4329,0.05,52.54,3,7,0.429,1512.5704166666667,41.39233,10000,7,28353,0.92
4330,0.05,71.81,4,11,0.364,1487.6327812499999,37.97476,10000,11,28364,1.43
4331,0.05,100.89,7,9,0.778,1478.4425999999999,34.77688,10000,9,28373,1.17
4332,0.05,63.7,5,7,0.714,1472.3221481481482,35.13828,10000,7,28380,0.92
4333,0.05,75.63,4,6,0.667,1601.9414814814813,37.47551,10000,6,28386,0.83
4334,0.05,54.34,5,12,0.417,1886.2472068965515,37.67387,10000,12,28398,1.67
4335,0.05,57.01,4,7,0.571,1232.1906,43.01059,10000,7,28405,0.97
4336,0.05,96.47,7,10,0.7,1586.8047666666669,37.3975,10000,10,28415,1.25
4337,0.05,38.82,4,8,0.5,1684.50965625,36.89677,10000,8,28423,0.99
4338,0.05,61.7,4,7,0.571,1863.4144000000001,36.02698,10000,7,28430,0.91
4339,0.05,58.15,5,12,0.417,1450.2109677419355,33.01689,10000,12,28442,1.5
4340,0.05,27.6,3,11,0.273,1091.06675,35.35122,10000,11,28453,1.4
4341,0.05,79.52,7,10,0.7,1357.3206785714285,29.34585,10000,10,28463,1.32
4342,0.05,70.32,4,10,0.4,1701.7262666666668,41.03594,10000,10,28473,1.22
4343,0.05,58.45,2,2,1.0,1606.280181818182,41.41735,10000,2,28475,0.32
4344,0.05,49.6,5,11,0.455,1280.6282333333334,40.53283,10000,11,28486,1.38
4345,0.05,68.64,4,6,0.667,1312.9719130434783,39.01681,10000,6,28492,0.86
4346,0.05,73.37,6,9,0.667,1368.1022857142857,36.42913,10000,9,28501,1.29
4347,0.05,87.14,5,8,0.625,1130.336875,38.5597,10000,8,28509,1.22
4348,0.05,50.38,3,6,0.5,1368.2542272727273,38.53803,10000,6,28515,0.84
4349,0.05,79.88,5,6,0.833,1296.250076923077,44.52994,10000,6,28521,0.85
4350,0.05,38.65,3,5,0.6,1304.2956666666666,39.81119,10000,5,28526,0.71
4351,0.05,54.03,5,13,0.385,1310.5318717948717,37.14516,10000,13,28539,1.75
4352,0.05,67.55,5,10,0.5,1345.4100967741936,38.22596,10000,10,28549,1.34
4353,0.05,101.24,7,11,0.636,1290.2141666666669,37.21464,10000,11,28560,1.46
4354,0.05,68.64,5,11,0.455,1224.1400800000001,37.79271,10000,11,28571,1.51
4355,0.05,66.38,4,13,0.308,1889.8461794871791,38.6858,10000,13,28584,1.9
4356,0.05,52.82,3,7,0.429,1425.1542500000003,41.44728,10000,7,28591,0.92
4357,0.05,63.55,5,6,0.833,1357.7856538461538,36.07344,10000,6,28597,0.84
4358,0.05,67.6,5,7,0.714,1428.6714642857146,40.90037,10000,7,28604,0.96
4359,0.05,75.69,5,5,1.0,1043.84608,36.52284,10000,5,28609,0.72
4360,0.05,54.65,5,6,0.833,1322.3830370370372,37.10547,10000,6,28615,0.84
4361,0.05,101.42,6,7,0.857,1305.9036923076924,34.18439,10000,7,28622,0.94
4362,0.05,47.42,3,8,0.375,1484.6870384615384,37.33512,10000,8,28630,1.04
4363,0.05,83.75,6,11,0.545,1174.3512258064516,36.58021,10000,11,28641,1.6
4364,0.05,53.53,5,11,0.455,1376.76375,44.27651,10000,11,28652,1.57
4365,0.05,57.63,4,10,0.4,1215.7334782608696,38.05019,10000,10,28662,1.46
4366,0.05,59.41,4,10,0.4,1435.8215357142856,38.64658,10000,10,28672,1.34
4367,0.05,15.38,2,9,0.222,1238.8267741935483,34.52114,10000,9,28681,1.18
4368,0.05,82.8,5,6,0.833,1233.4364814814817,36.99894,10000,6,28687,0.75
4369,0.05,60.89,5,11,0.455,1586.2313333333334,41.16976,10000,11,28698,1.34
4370,0.05,31.41,3,9,0.333,1102.3225294117647,35.9942,10000,9,28707,1.19
4371,0.05,76.92,5,8,0.625,1243.2550714285715,34.39232,10000,8,28715,1.09
4372,0.05,49.46,5,12,0.417,1540.7840625,40.06904,10000,12,28727,1.8
4373,0.05,122.38,7,11,0.636,1569.395588235294,39.06092,10000,11,28738,1.45
4374,0.05,29.71,6,11,0.545,1685.725794117647,37.539,10000,11,28749,1.44
4375,0.05,79.45,4,5,0.8,1584.1392799999999,34.92583,10000,5,28754,0.65
4376,0.05,55.19,5,7,0.714,1191.3729565217393,39.91445,10000,7,28761,0.95
4377,0.05,78.07,5,11,0.455,1590.8252499999999,39.90379,10000,11,28772,1.55
4378,0.05,60.02,4,7,0.571,1324.0710000000001,40.09912,10000,7,28779,0.85
4379,0.05,8.05,3,13,0.231,1243.9270000000001,39.81389,10000,13,28792,1.87
4380,0.05,52.57,5,12,0.417,1339.779344827586,35.20052,10000,12,28804,1.81
4381,0.05,65.34,7,8,0.875,1889.723275862069,44.20823,10000,8,28812,1.12
4382,0.05,85.62,5,11,0.455,1297.5517333333332,37.39194,10000,11,28823,1.59
4383,0.05,55.82,4,10,0.4,1218.5848,39.70554,10000,10,28833,1.49
4384,0.05,53.32,5,10,0.5,1321.4344166666667,35.03862,10000,10,28843,1.49
4385,0.05,14.09,1,9,0.111,1187.5535,37.71484,10000,9,28852,1.3
4386,0.05,22.16,3,7,0.429,1460.0782,36.6339,10000,7,28859,0.93
4387,0.05,49.48,4,8,0.5,1349.135266666667,39.92664,10000,8,28867,0.92
4388,0.05,86.3,6,11,0.545,1887.58125,35.81191,10000,11,28878,1.59
4389,0.05,94.81,7,9,0.778,1252.2654615384615,33.88548,10000,9,28887,1.29
4390,0.05,33.85,5,9,0.556,1237.233037037037,38.69114,10000,9,28896,1.23
4391,0.05,94.97,8,11,0.727,1513.4943666666666,39.2037,10000,11,28907,1.47
4392,0.05,103.67,6,11,0.545,1878.5058378378374,34.15017,10000,11,28918,1.7
4393,0.05,89.95,6,9,0.667,1429.727111111111,37.20101,10000,9,28927,1.43
4394,0.05,20.39,2,5,0.4,1192.1456666666666,39.79598,10000,5,28932,0.71
4395,0.05,70.48,4,8,0.5,1514.340111111111,35.51459,10000,8,28940,1.13
4396,0.05,19.28,4,9,0.444,1680.0362333333333,38.56459,10000,9,28949,1.19
4397,0.05,48.64,4,10,0.4,1521.572193548387,38.63382,10000,10,28959,1.41
4398,0.05,52.77,4,9,0.444,1493.0362857142857,38.48864,10000,9,28968,1.21
4399,0.05,74.93,5,6,0.833,1163.1618148148148,42.06689,10000,6,28974,0.78
4400,0.05,41.58,2,6,0.333,1657.158238095238,39.90316,10000,6,28980,0.8
4401,0.05,49.32,2,5,0.4,1363.0879130434782,36.39299,10000,5,28985,0.75
4402,0.05,20.9,4,7,0.571,1100.12332,34.15044,10000,7,28992,0.95
4403,0.05,60.74,4,8,0.5,1084.8457692307693,36.88743,10000,8,29000,1.15
4404,0.05,41.09,2,7,0.286,1505.8136538461538,37.45889,10000,7,29007,0.88
4405,0.05,72.41,6,10,0.6,1441.2082142857143,35.11144,10000,10,29017,1.49
4406,0.05,47.77,4,6,0.667,1460.0824800000003,37.59121,10000,6,29023,0.91
4407,0.05,75.6,5,7,0.714,1631.520142857143,36.37973,10000,7,29030,0.91
4408,0.05,63.82,7,10,0.7,1882.4249411764704,39.9359,10000,10,29040,1.49
4409,0.05,48.81,4,6,0.667,1425.9108709677419,38.22566,10000,6,29046,0.75
4410,0.05,63.57,4,11,0.364,1140.4908333333333,35.01016,10000,11,29057,1.59
4411,0.05,79.46,5,7,0.714,1025.1913571428572,39.73129,10000,7,29064,1.02
4412,0.05,59.07,4,6,0.667,1452.1266,46.75067,10000,6,29070,0.9
4413,0.05,62.8,4,6,0.667,1644.12144,37.30267,10000,6,29076,0.9
4414,0.05,59.72,3,8,0.375,1478.2995652173913,39.21771,10000,8,29084,1.05
4415,0.05,35.92,3,11,0.273,1694.4018857142858,42.68445,10000,11,29095,1.4
4416,0.05,21.85,2,9,0.222,1312.013153846154,34.89944,10000,9,29104,1.12
4417,0.05,55.22,3,6,0.5,1567.6775200000002,37.10565,10000,6,29110,0.85
4418,0.05,31.15,3,7,0.429,1570.4314074074075,39.85279,10000,7,29117,1.0
4419,0.05,40.75,3,7,0.429,1255.255931034483,43.46877,10000,7,29124,1.01
4420,0.05,39.74,2,4,0.5,1286.00624,48.29764,10000,4,29128,0.52
4421,0.05,27.98,3,9,0.333,1211.028,38.23967,10000,9,29137,1.2
4422,0.05,43.84,4,12,0.333,1139.9177647058823,41.23586,10000,12,29149,1.77
4423,0.05,43.89,4,6,0.667,1111.245777777778,37.01662,10000,6,29155,0.86
4424,0.05,33.1,2,8,0.25,1276.3396666666667,40.46091,10000,8,29163,1.03
4425,0.05,98.38,6,10,0.6,1821.8096216216218,38.66732,10000,10,29173,1.36
4426,0.05,54.17,3,8,0.375,1375.09025,40.93109,10000,8,29181,1.03
4427,0.05,39.78,2,8,0.25,1686.9700869565218,39.66678,10000,8,29189,1.13
4428,0.05,34.35,3,9,0.333,1346.534357142857,37.0106,10000,9,29198,1.12
4429,0.05,56.46,6,9,0.667,1505.71796,45.78044,10000,9,29207,1.13
4430,0.05,57.19,3,8,0.375,1753.0016176470588,38.10573,10000,8,29215,1.1
4431,0.05,65.5,5,7,0.714,1626.9873076923077,40.1314,10000,7,29222,0.86
4432,0.05,123.79,7,7,1.0,1608.1893000000002,34.21729,10000,7,29229,0.99
4433,0.05,73.92,5,8,0.625,1496.7017142857144,34.94452,10000,8,29237,1.05
4434,0.05,46.63,4,6,0.667,1558.0762,41.68139,10000,6,29243,0.87
4435,0.05,23.59,1,6,0.167,1215.0309000000002,36.12688,10000,6,29249,0.79
4436,0.05,53.67,3,7,0.429,1567.9760714285715,38.33361,10000,7,29256,0.95
4437,0.05,79.67,6,11,0.545,1385.3517407407408,37.10654,10000,11,29267,1.46
4438,0.05,43.5,3,12,0.25,1797.2178571428572,38.90033,10000,12,29279,1.62
4439,0.05,67.98,6,9,0.667,1038.237448275862,39.38482,10000,9,29288,1.31
4440,0.05,37.15,3,12,0.25,1385.2930740740742,38.2195,10000,12,29300,1.58
4441,0.05,63.05,4,7,0.571,1330.8487692307692,34.42596,10000,7,29307,0.99
4442,0.05,53.96,5,12,0.417,1403.8120370370368,36.3313,10000,12,29319,1.69
4443,0.05,81.46,6,11,0.545,1276.4465925925927,35.75422,10000,11,29330,1.13
4444,0.05,34.67,2,7,0.286,1704.05052,32.21691,10000,7,29337,0.8
4445,0.05,53.61,6,8,0.75,1394.6853,35.88526,10000,8,29345,1.21
4446,0.05,56.61,6,10,0.6,1488.2520000000002,36.32209,10000,10,29355,1.59
4447,0.05,54.09,3,7,0.429,1473.9611739130437,35.3481,10000,7,29362,1.18
4448,0.05,49.39,4,13,0.308,1336.7690666666667,37.07587,10000,13,29375,2.27
4449,0.05,42.5,4,11,0.364,1409.0630344827587,37.73534,10000,11,29386,2.9
4450,0.05,69.89,5,6,0.833,1116.6729615384615,37.92671,10000,6,29392,1.98
4451,0.05,38.75,2,8,0.25,1116.2073333333333,36.8881,10000,8,29400,2.77
4452,0.05,24.77,2,5,0.4,1230.490347826087,36.83874,10000,5,29405,1.7
4453,0.05,62.7,6,10,0.6,1396.9926999999998,34.7637,10000,10,29415,3.36
4454,0.05,33.79,2,7,0.286,1147.7782727272727,39.23883,10000,7,29422,2.38
4455,0.05,58.55,5,7,0.714,1433.0339999999999,30.19694,10000,7,29429,2.35
4456,0.05,21.63,1,10,0.1,1081.304,41.10548,10000,10,29439,3.43
4457,0.05,65.81,5,12,0.417,1266.3457647058824,39.96723,10000,12,29451,4.13
4458,0.05,10.07,4,13,0.308,1506.5,39.07649,10000,13,29464,4.37
4459,0.05,47.76,5,7,0.714,1024.862730769231,40.05159,10000,7,29471,2.38
4460,0.05,75.4,7,11,0.636,1309.8580322580647,34.11436,10000,11,29482,3.73
4461,0.05,33.05,1,7,0.143,1095.6671304347826,35.784,10000,7,29489,2.39
4462,0.05,71.5,5,8,0.625,1829.0744193548385,39.40125,10000,8,29497,2.71
4463,0.05,104.83,6,9,0.667,1714.9184411764707,37.93913,10000,9,29506,3.02
4464,0.05,55.49,4,6,0.667,1588.988962962963,37.40352,10000,6,29512,2.02
4465,0.05,59.41,6,12,0.5,1263.4504333333332,38.64122,10000,12,29524,4.05
4466,0.05,58.85,4,9,0.444,1421.2348275862068,39.14338,10000,9,29533,3.08
4467,0.05,32.43,3,8,0.375,1492.6827407407409,35.47512,10000,8,29541,2.72
4468,0.05,54.03,6,11,0.545,1437.9137058823528,35.70806,10000,11,29552,3.73
4469,0.05,77.39,6,10,0.6,1758.4940833333335,38.83957,10000,10,29562,3.4
4470,0.05,43.29,4,6,0.667,1239.24225,42.78342,10000,6,29568,2.03
4471,0.05,60.87,4,7,0.571,1407.8211538461537,33.36811,10000,7,29575,2.34
4472,0.05,67.41,5,6,0.833,1655.3945862068965,38.75489,10000,6,29581,2.06
4473,0.05,37.15,4,9,0.444,1423.7950666666666,38.07919,10000,9,29590,2.51
4474,0.05,26.27,2,7,0.286,1426.1326086956524,33.67256,10000,7,29597,1.09
4475,0.05,78.19,4,10,0.4,1807.3151071428572,35.07916,10000,10,29607,1.55
4476,0.05,72.02,7,12,0.583,1210.8865454545453,37.20353,10000,12,29619,1.9
4477,0.05,61.15,3,8,0.375,1290.4965,39.80912,10000,8,29627,1.25
4478,0.05,70.02,6,8,0.75,1536.3195555555556,36.13204,10000,8,29635,1.3
4479,0.05,47.64,4,11,0.364,1451.0436060606062,37.59093,10000,11,29646,1.74
4480,0.05,24.62,3,14,0.214,1592.3845172413792,35.85765,10000,14,29660,2.15
4481,0.05,54.3,3,6,0.5,1052.469076923077,36.78598,10000,6,29666,0.92
4482,0.05,40.3,2,7,0.286,1089.0957142857144,38.47737,10000,7,29673,1.06
4483,0.05,17.14,3,8,0.375,1410.5237037037036,34.33242,10000,8,29681,1.25
4484,0.05,71.28,8,11,0.727,1406.181212121212,36.14501,10000,11,29692,1.81
4485,0.05,90.27,6,9,0.667,1685.62664516129,37.48813,10000,9,29701,1.5
4486,0.05,50.12,3,7,0.429,1485.4738518518516,37.92789,10000,7,29708,1.07
4487,0.05,107.95,6,8,0.75,1518.821888888889,34.80864,10000,8,29716,1.23
4488,0.05,60.77,4,12,0.333,1658.9110588235292,34.41368,10000,12,29728,1.93
4489,0.05,110.37,7,10,0.7,1420.9156206896553,36.63949,10000,10,29738,1.58
4490,0.05,71.82,6,10,0.6,1523.4389411764707,34.26788,10000,10,29748,1.54
4491,0.05,68.31,3,7,0.429,1710.7702142857142,39.3389,10000,7,29755,1.12
4492,0.05,50.25,4,10,0.4,1639.4811818181818,34.48173,10000,10,29765,1.53
4493,0.05,58.2,5,11,0.455,1316.2523,39.96273,10000,11,29776,1.7
4494,0.05,46.23,3,10,0.3,1529.7171851851851,38.67434,10000,10,29786,1.55
4495,0.05,72.02,4,11,0.364,1880.1173200000003,34.98434,10000,11,29797,1.72
4496,0.05,37.27,2,7,0.286,1507.27875,35.79533,10000,7,29804,1.09
4497,0.05,86.75,6,9,0.667,1775.1253055555555,36.03292,10000,9,29813,1.36
4498,0.05,69.61,6,13,0.462,1248.8042121212122,37.70778,10000,13,29826,2.07
4499,0.05,51.7,3,7,0.429,1154.0642,36.18457,10000,7,29833,1.09
4500,0.05,63.28,4,10,0.4,1559.5145625,39.23664,10000,10,29843,1.55
4501,0.05,75.01,4,6,0.667,1452.0668799999999,36.44653,10000,6,29849,1.0
4502,0.05,56.54,4,10,0.4,1406.14552,37.6848,10000,10,29859,1.55
4503,0.05,54.75,4,9,0.444,1011.4834193548386,35.90427,10000,9,29868,1.53
4504,0.05,66.38,5,11,0.455,1401.6784827586207,36.87213,10000,11,29879,1.72
4505,0.05,70.76,4,10,0.4,1155.5272499999999,38.31612,10000,10,29889,1.56
4506,0.05,77.21,5,11,0.455,1763.0641999999998,36.14472,10000,11,29900,1.69
4507,0.05,65.91,5,11,0.455,1162.8416206896552,38.15241,10000,11,29911,1.71
4508,0.05,56.31,5,11,0.455,1508.366972972973,40.85015,10000,11,29922,1.98
4509,0.05,64.51,4,7,0.571,1542.0109032258063,34.72026,10000,7,29929,1.16
4510,0.05,74.4,5,7,0.714,1656.3121428571428,43.94265,10000,7,29936,1.17
4511,0.05,48.93,3,9,0.333,1692.4088461538463,38.48729,10000,9,29945,1.38
4512,0.05,22.88,2,8,0.25,1480.04696,42.03012,10000,8,29953,1.24
4513,0.05,58.57,3,7,0.429,1443.2148181818181,38.47029,10000,7,29960,1.06
4514,0.05,95.78,6,11,0.545,1572.541551724138,39.77041,10000,11,29971,1.68
4515,0.05,89.77,6,11,0.545,1067.9560000000001,36.89357,10000,11,29982,1.67
4516,0.05,54.58,3,12,0.25,1196.5817727272727,38.15609,10000,12,29994,1.86
4517,0.05,51.11,4,11,0.364,1677.487193548387,39.40078,10000,11,30005,1.71
4518,0.05,54.03,4,7,0.571,1511.6288076923079,39.78444,10000,7,30012,1.09
4519,0.05,72.15,5,13,0.385,1346.6465142857141,43.32671,10000,13,30025,2.0
4520,0.05,69.46,4,6,0.667,1251.39424,37.94842,10000,6,30031,0.92
4521,0.05,54.92,4,7,0.571,1102.2185,38.9744,10000,7,30038,1.11
4522,0.05,72.14,5,8,0.625,1250.1937692307692,37.00685,10000,8,30046,1.25
4523,0.05,77.5,6,13,0.462,1497.2073939393938,38.9371,10000,13,30059,1.98
4524,0.05,40.26,3,7,0.429,1062.9867142857142,38.92925,10000,7,30066,1.06
4525,0.05,61.99,6,13,0.462,1412.3319677419354,36.31133,10000,13,30079,1.99
4526,0.05,47.52,3,8,0.375,1481.8596,36.98718,10000,8,30087,1.26
4527,0.05,82.23,5,5,1.0,1566.8048333333334,39.26399,10000,5,30092,0.76
4528,0.05,69.95,3,7,0.429,1280.0933461538464,38.99009,10000,7,30099,1.1
4529,0.05,51.59,4,11,0.364,1444.1381379310346,41.61539,10000,11,30110,1.7
4530,0.05,43.43,4,7,0.571,1618.6480740740744,38.72282,10000,7,30117,1.13
4531,0.05,61.98,4,7,0.571,1492.06912,37.08764,10000,7,30124,1.17
4532,0.05,23.36,2,4,0.5,955.8121739130435,35.28204,10000,4,30128,0.62
4533,0.05,99.72,6,8,0.75,1861.9630294117646,36.49382,10000,8,30136,1.22
4534,0.05,72.71,4,6,0.667,1478.7952222222225,41.97851,10000,6,30142,0.92
4535,0.05,103.06,7,11,0.636,1658.180806451613,38.54787,10000,11,30153,1.73
4536,0.05,62.34,4,7,0.571,1629.714037037037,36.12115,10000,7,30160,1.07
4537,0.05,48.62,2,5,0.4,1445.49,34.08608,10000,5,30165,0.76
4538,0.05,55.52,5,11,0.455,1448.5974545454546,37.45048,10000,11,30176,2.46
4539,0.05,39.89,5,11,0.455,1337.8855862068965,45.11908,10000,11,30187,1.61
4540,0.05,37.75,3,6,0.5,1118.2397727272728,35.70546,10000,6,30193,0.69
4541,0.05,30.76,4,6,0.667,1430.9055384615383,31.74005,10000,6,30199,0.67
4542,0.05,97.2,6,11,0.545,1797.35625,35.75484,10000,11,30210,1.22
4543,0.05,53.31,4,7,0.571,1066.9383666666665,34.58516,10000,7,30217,0.77
4544,0.05,18.75,2,5,0.4,1328.7955833333333,33.94345,10000,5,30222,0.55
4545,0.05,79.17,6,7,0.857,1161.2317037037037,39.37429,10000,7,30229,0.78
4546,0.05,58.75,5,12,0.417,1432.98390625,38.22667,10000,12,30241,1.33
4547,0.05,58.01,4,9,0.444,1421.2381923076923,41.44345,10000,9,30250,0.99
4548,0.05,71.25,5,11,0.455,1617.3592,38.87583,10000,11,30261,1.21
4549,0.05,70.33,5,7,0.714,1706.5223548387096,36.76691,10000,7,30268,0.77
4550,0.05,54.87,4,7,0.571,1458.2957777777779,37.51032,10000,7,30275,0.77
4551,0.05,26.88,2,7,0.286,1050.0437727272727,39.01286,10000,7,30282,0.78
4552,0.05,62.34,4,11,0.364,1606.1613333333332,39.92164,10000,11,30293,1.23
4553,0.05,30.51,2,5,0.4,1110.4549166666666,38.84267,10000,5,30298,0.55
4554,0.05,40.92,4,8,0.5,1566.7886666666668,45.30455,10000,8,30306,0.88
4555,0.05,77.77,6,12,0.5,1248.7887878787878,41.51135,10000,12,30318,1.33
4556,0.05,90.32,6,9,0.667,1177.449142857143,41.74252,10000,9,30327,0.99
4557,0.05,31.64,2,8,0.25,1421.0840666666668,37.95478,10000,8,30335,0.92
4558,0.05,2.65,0,9,0.0,1045.0,39.24665,10000,9,30344,0.99
4559,0.05,47.98,2,8,0.25,1281.2753333333333,44.26315,10000,8,30352,0.9
4560,0.05,33.29,3,7,0.429,1251.242642857143,41.7001,10000,7,30359,0.84
4561,0.05,42.54,3,12,0.25,1046.492962962963,37.54569,10000,12,30371,1.35
4562,0.05,56.14,3,11,0.273,1345.7599545454545,42.2012,10000,11,30382,1.3
4563,0.05,84.96,6,10,0.6,1607.3996785714285,35.65728,10000,10,30392,1.15
4564,0.05,75.45,5,6,0.833,1126.9380714285714,34.32196,10000,6,30398,0.66
4565,0.05,84.36,7,12,0.583,1565.4214,35.37166,10000,12,30410,1.31
4566,0.05,45.98,4,7,0.571,1476.0796799999998,33.68979,10000,7,30417,0.77
4567,0.05,89.41,6,10,0.6,1478.7135,40.00152,10000,10,30427,1.1
4568,0.05,59.36,5,8,0.625,1189.733,33.37792,10000,8,30435,0.88
4569,0.05,40.25,3,9,0.333,1735.0646666666667,35.60163,10000,9,30444,0.99
4570,0.05,53.95,5,9,0.556,1139.2016333333333,38.3901,10000,9,30453,0.99
4571,0.05,29.25,2,3,0.667,1219.117761904762,32.44225,10000,3,30456,0.34
4572,0.05,51.21,4,7,0.571,1508.4327916666668,37.71269,10000,7,30463,0.78
4573,0.05,18.07,1,7,0.143,1376.00432,39.5856,10000,7,30470,0.78
4574,0.05,15.58,1,13,0.077,1612.910193548387,37.13237,10000,13,30483,1.43
4575,0.05,45.84,4,11,0.364,1178.0367142857142,37.65443,10000,11,30494,1.22
4576,0.05,80.7,7,13,0.538,1084.5769428571427,37.07171,10000,13,30507,1.43
4577,0.05,57.29,4,6,0.667,1471.247076923077,34.9408,10000,6,30513,0.66
4578,0.05,45.57,3,7,0.429,1443.621730769231,37.86518,10000,7,30520,0.77
4579,0.05,55.86,5,9,0.556,1520.8905161290322,36.62374,10000,9,30529,0.99
4580,0.05,55.32,5,7,0.714,1400.11832,41.13758,10000,7,30536,0.77
4581,0.05,72.3,5,7,0.714,1734.102357142857,35.80802,10000,7,30543,0.78
4582,0.05,57.83,3,6,0.5,1074.9423333333334,34.44404,10000,6,30549,0.68
4583,0.05,46.04,4,11,0.364,1268.3652413793104,34.25785,10000,11,30560,1.21
4584,0.05,69.92,4,7,0.571,1353.6733571428572,39.00741,10000,7,30567,0.77
4585,0.05,41.43,4,11,0.364,1314.2186571428572,36.00334,10000,11,30578,1.21
4586,0.05,47.04,4,7,0.571,1294.386230769231,31.49845,10000,7,30585,0.77
4587,0.05,27.49,3,3,1.0,1154.6422272727273,42.06501,10000,3,30588,0.33
4588,0.05,60.42,4,9,0.444,1617.98,34.45973,10000,9,30597,0.99
4589,0.05,68.5,5,5,1.0,1154.15,33.98624,10000,5,30602,0.55
4590,0.05,56.47,4,11,0.364,1770.1744666666668,37.70003,10000,11,30613,1.2
4591,0.05,23.27,3,7,0.429,1240.93336,36.32537,10000,7,30620,0.83
4592,0.05,93.17,5,6,0.833,1178.8758076923075,40.34255,10000,6,30626,0.7
4593,0.05,59.07,4,11,0.364,1455.6314814814816,35.93475,10000,11,30637,1.22
4594,0.05,42.42,4,7,0.571,1196.465,33.09237,10000,7,30644,0.78
4595,0.05,73.13,6,10,0.6,1289.0916071428571,37.51405,10000,10,30654,1.1
4596,0.05,80.48,6,9,0.667,1378.4363333333333,38.14579,10000,9,30663,0.99
4597,0.05,36.78,4,10,0.4,1436.2493548387097,38.03426,10000,10,30673,1.1
4598,0.05,57.9,4,11,0.364,1545.8199714285715,34.35938,10000,11,30684,1.21
4599,0.05,37.19,4,9,0.444,1081.3318620689654,40.01414,10000,9,30693,0.98
4600,0.05,50.06,2,5,0.4,1714.8584444444443,32.51071,10000,5,30698,0.55
4601,0.05,50.51,3,12,0.25,1179.7275000000002,34.87267,10000,12,30710,1.35
4602,0.05,62.21,4,10,0.4,1216.1908799999999,36.71663,10000,10,30720,1.05
4603,0.05,72.94,6,8,0.75,1168.825,36.96172,10000,8,30728,0.84
4604,0.05,36.16,3,8,0.375,1083.76575,36.11931,10000,8,30736,0.83
4605,0.05,58.83,5,12,0.417,1766.8200512820513,34.97152,10000,12,30748,1.27
4606,0.05,79.78,6,11,0.545,1739.5399696969698,36.26954,10000,11,30759,1.23
4607,0.05,56.88,4,11,0.364,1642.08696875,35.35744,10000,11,30770,1.27
4608,0.05,79.44,6,11,0.545,1797.5083513513512,34.63362,10000,11,30781,1.33
4609,0.05,63.13,4,12,0.333,1520.0813666666666,32.75788,10000,12,30793,1.25
4610,0.05,90.26,6,8,0.75,1129.2832413793103,35.42351,10000,8,30801,0.84
4611,0.05,95.06,6,10,0.6,1270.5105925925925,37.20761,10000,10,30811,1.14
4612,0.05,51.32,3,7,0.429,1288.1196296296296,39.69434,10000,7,30818,0.78
4613,0.05,7.04,2,9,0.222,1563.6721363636361,37.94622,10000,9,30827,0.94
4614,0.05,73.22,4,7,0.571,1315.9133333333334,41.31359,10000,7,30834,0.73
4615,0.05,47.78,2,5,0.4,1233.5791428571429,36.31342,10000,5,30839,0.52
4616,0.05,65.87,6,9,0.667,1139.4338571428573,33.91118,10000,9,30848,0.97
4617,0.05,76.7,5,12,0.417,1603.7292142857145,36.49055,10000,12,30860,1.25
4618,0.05,55.05,3,10,0.3,1694.7781081081082,34.36227,10000,10,30870,1.05
4619,0.05,65.85,4,7,0.571,1880.78,37.35583,10000,7,30877,0.74
4620,0.05,70.93,4,8,0.5,1696.7974333333332,36.19002,10000,8,30885,0.87
4621,0.05,70.07,4,7,0.571,1483.423851851852,31.82625,10000,7,30892,0.74
4622,0.05,58.97,3,10,0.3,1619.3282307692307,35.73446,10000,10,30902,1.06
4623,0.05,68.24,5,10,0.5,1888.736918918919,38.76835,10000,10,30912,1.05
4624,0.05,67.78,6,12,0.5,1572.7823999999998,42.0615,10000,12,30924,1.25
4625,0.05,23.79,3,8,0.375,1455.68,40.01342,10000,8,30932,0.9
4626,0.05,56.19,3,13,0.231,1220.9528333333335,34.62426,10000,13,30945,1.39
4627,0.05,45.74,3,7,0.429,1100.5504166666667,35.74877,10000,7,30952,0.75
4628,0.05,66.46,4,6,0.667,1128.3999166666665,42.79922,10000,6,30958,0.63
4629,0.05,41.55,2,6,0.333,1292.8979523809523,34.28866,10000,6,30964,0.64
4630,0.05,39.44,4,8,0.5,1326.7926666666667,37.51219,10000,8,30972,0.86
4631,0.05,80.89,5,10,0.5,1445.3229032258064,38.00918,10000,10,30982,1.07
4632,0.05,62.38,4,7,0.571,1140.8224814814814,33.71286,10000,7,30989,0.75
4633,0.05,79.63,4,7,0.571,1366.718,36.87931,10000,7,30996,0.75
4634,0.05,67.96,6,8,0.75,1544.7323571428572,36.75688,10000,8,31004,0.85
4635,0.05,77.95,5,7,0.714,1337.179925925926,32.95144,10000,7,31011,0.74
4636,0.05,48.3,3,7,0.429,1566.758,34.23448,10000,7,31018,0.73
4637,0.05,58.02,3,7,0.429,1831.8028333333336,34.72725,10000,7,31025,0.76
4638,0.05,25.57,4,8,0.5,1442.1252307692307,34.81917,10000,8,31033,0.84
4639,0.05,76.1,4,7,0.571,1304.3295384615385,36.91254,10000,7,31040,0.74
4640,0.05,60.62,4,10,0.4,1387.6009583333334,37.70704,10000,10,31050,1.05
4641,0.05,62.02,5,12,0.417,1227.9320714285714,35.96811,10000,12,31062,1.28
4642,0.05,65.87,4,8,0.5,1407.8088846153846,31.22841,10000,8,31070,0.84
4643,0.05,16.26,3,7,0.429,1210.1224,36.68034,10000,7,31077,0.74
4644,0.05,41.61,3,10,0.3,1240.078,35.05083,10000,10,31087,1.1
4645,0.05,35.92,2,8,0.25,1204.04168,36.56307,10000,8,31095,0.84
4646,0.05,43.13,2,8,0.25,1161.1854814814815,32.37986,10000,8,31103,0.84
4647,0.05,80.55,5,7,0.714,1486.89984,35.38773,10000,7,31110,0.74
4648,0.05,82.0,6,11,0.545,1150.3683666666666,33.53683,10000,11,31121,1.15
4649,0.05,81.85,5,11,0.455,1645.6868181818181,39.99626,10000,11,31132,1.17
4650,0.05,88.93,6,11,0.545,1701.5988857142859,37.58168,10000,11,31143,1.15
4651,0.05,38.45,3,13,0.231,1557.7034545454546,35.19216,10000,13,31156,1.37
4652,0.05,73.77,4,6,0.667,1896.897516129032,37.56111,10000,6,31162,0.64
4653,0.05,60.39,5,10,0.5,1724.301696969697,40.09575,10000,10,31172,1.07
4654,0.05,52.53,4,7,0.571,1417.970392857143,38.78332,10000,7,31179,0.73
4655,0.05,38.09,2,6,0.333,1428.615142857143,33.42235,10000,6,31185,0.63
4656,0.05,51.29,5,6,0.833,1593.4186206896552,36.34886,10000,6,31191,0.63
4657,0.05,99.7,7,9,0.778,1353.7944642857142,36.48697,10000,9,31200,0.96
4658,0.05,57.95,7,11,0.636,1276.4816296296297,33.56466,10000,11,31211,1.16
4659,0.05,92.93,6,11,0.545,1709.2189999999998,39.11846,10000,11,31222,1.15
4660,0.05,59.25,3,6,0.5,1411.665576923077,34.57705,10000,6,31228,0.63
4661,0.05,58.47,4,7,0.571,1370.9307916666667,33.5926,10000,7,31235,0.75
4662,0.05,60.34,4,8,0.5,1257.2857142857142,38.8239,10000,8,31243,0.85
4663,0.05,65.66,5,7,0.714,1401.197111111111,42.9374,10000,7,31250,0.73
4664,0.05,23.08,1,8,0.125,1293.5148695652174,37.04154,10000,8,31258,0.84
4665,0.05,37.16,3,5,0.6,1703.8563703703705,37.09033,10000,5,31263,0.55
4666,0.05,21.82,4,14,0.286,1553.2275,33.25735,10000,14,31277,1.46
4667,0.05,53.48,3,10,0.3,1103.9424814814815,38.66253,10000,10,31287,1.05
4668,0.05,96.79,6,7,0.857,1510.8478214285715,38.18564,10000,7,31294,0.74
4669,0.05,56.12,3,4,0.75,1258.8413913043478,37.75321,10000,4,31298,0.42
4670,0.05,83.77,7,13,0.538,1266.8793225806453,38.10486,10000,13,31311,1.37
4671,0.05,70.84,5,10,0.5,1280.2945,34.60397,10000,10,31321,1.06
4672,0.05,31.53,2,6,0.333,927.6288095238097,37.46526,10000,6,31327,0.64
4673,0.05,45.23,3,10,0.3,1337.5193548387097,40.09129,10000,10,31337,1.07
4674,0.05,50.55,3,6,0.5,1593.2542068965518,34.20415,10000,6,31343,0.63
4675,0.05,28.53,2,8,0.25,1230.4292962962963,36.57228,10000,8,31351,0.84
4676,0.05,51.2,4,9,0.444,1271.49725,32.77646,10000,9,31360,0.94
4677,0.05,71.49,7,9,0.778,1778.7396428571428,36.61726,10000,9,31369,0.94
4678,0.05,71.11,6,10,0.6,1280.799612903226,36.4269,10000,10,31379,1.04
4679,0.05,97.1,6,11,0.545,1305.7243703703703,33.64655,10000,11,31390,1.15
4680,0.05,88.52,7,11,0.636,1462.3735862068966,34.68376,10000,11,31401,1.15
4681,0.05,28.25,3,11,0.273,1217.8953870967741,35.59674,10000,11,31412,1.16
4682,0.05,54.01,4,9,0.444,1396.1675357142856,38.05094,10000,9,31421,0.96
4683,0.05,38.96,3,13,0.231,1447.8856956521738,33.76672,10000,13,31434,1.36
4684,0.05,12.93,1,7,0.143,1155.64524,31.14963,10000,7,31441,0.74
4685,0.05,48.86,5,9,0.556,1543.4920333333332,34.94374,10000,9,31450,0.96
4686,0.05,82.77,5,8,0.625,1455.2794444444444,34.72514,10000,8,31458,0.84
4687,0.05,33.06,2,6,0.333,1397.0140999999999,33.61622,10000,6,31464,0.64
4688,0.05,43.41,2,8,0.25,1108.4998636363637,33.7222,10000,8,31472,0.87
4689,0.05,42.88,5,13,0.385,1350.8434666666667,34.72503,10000,13,31485,1.36
4690,0.05,96.61,6,10,0.6,1168.095,31.74673,10000,10,31495,1.05
4691,0.05,44.54,3,7,0.429,1473.4591666666665,32.06347,10000,7,31502,0.74
4692,0.05,67.32,4,7,0.571,1319.3520384615383,34.58975,10000,7,31509,0.74
4693,0.05,54.82,3,5,0.6,1300.1409230769232,33.13024,10000,5,31514,0.53
4694,0.05,38.55,2,7,0.286,1154.815238095238,35.0405,10000,7,31521,0.74
4695,0.05,31.32,3,7,0.429,1420.8691666666666,34.42796,10000,7,31528,0.73
4696,0.05,67.74,6,10,0.6,1805.907542857143,37.0723,10000,10,31538,1.04
4697,0.05,55.05,3,7,0.429,1040.9949130434784,35.28128,10000,7,31545,0.73
4698,0.05,67.46,6,10,0.6,1663.5297692307695,35.92673,10000,10,31555,1.04
4699,0.05,102.03,8,11,0.727,1388.8527000000001,35.43914,10000,11,31566,1.16
4700,0.05,94.42,7,12,0.583,1367.9800000000002,33.67981,10000,12,31578,1.26
4701,0.05,31.65,4,8,0.5,1535.8096428571428,32.26791,10000,8,31586,0.85
4702,0.05,26.6,4,9,0.444,1479.118258064516,34.22632,10000,9,31595,0.95
4703,0.05,46.18,3,7,0.429,1080.0767777777778,34.08104,10000,7,31602,0.75
4704,0.05,24.11,4,11,0.364,1660.0563333333334,32.31465,10000,11,31613,1.15
4705,0.05,62.57,4,10,0.4,1871.5357857142856,35.35793,10000,10,31623,1.04
4706,0.05,61.63,5,13,0.385,1127.778448275862,31.0652,10000,13,31636,1.35
4707,0.05,61.85,7,10,0.7,1386.3265862068965,36.77561,10000,10,31646,1.06
4708,0.05,102.61,7,8,0.875,1256.8062592592594,36.00346,10000,8,31654,0.83
4709,0.05,81.64,6,11,0.545,1823.4537333333333,33.92435,10000,11,31665,1.15
4710,0.05,25.36,2,8,0.25,1538.736193548387,37.78102,10000,8,31673,0.84
4711,0.05,43.53,3,5,0.6,1784.7083846153846,30.23303,10000,5,31678,0.53
4712,0.05,82.75,6,6,1.0,1384.9471923076924,36.4724,10000,6,31684,0.64
4713,0.05,39.44,2,7,0.286,1457.1969642857143,34.19918,10000,7,31691,0.74
4714,0.05,27.91,3,8,0.375,1463.0154074074073,36.00744,10000,8,31699,0.84
4715,0.05,105.45,8,10,0.8,1478.37678125,33.28419,10000,10,31709,1.04
4716,0.05,112.03,7,9,0.778,1282.373607142857,33.95997,10000,9,31718,0.99
4717,0.05,60.53,3,7,0.429,1625.1240357142858,32.59719,10000,7,31725,0.74
4718,0.05,56.19,3,6,0.5,1439.1980434782608,37.83754,10000,6,31731,0.63
4719,0.05,4.85,1,3,0.333,1219.048619047619,34.03224,10000,3,31734,0.32
4720,0.05,91.4,6,8,0.75,1167.439620689655,35.63653,10000,8,31742,0.84
4721,0.05,40.77,3,7,0.429,1553.6272222222221,34.15955,10000,7,31749,0.75
4722,0.05,100.23,6,10,0.6,1335.9612499999998,36.5359,10000,10,31759,1.06
4723,0.05,62.86,4,11,0.364,1295.1411071428572,33.4244,10000,11,31770,1.17
4724,0.05,76.43,7,9,0.778,1305.58,40.48343,10000,9,31779,0.96
4725,0.05,87.89,5,11,0.455,1748.7107428571428,38.58679,10000,11,31790,1.18
4726,0.05,66.73,4,12,0.333,1800.0826206896552,34.77,10000,12,31802,1.29
4727,0.05,57.69,4,10,0.4,1481.5561153846154,33.01158,10000,10,31812,1.07
4728,0.05,52.64,3,8,0.375,1418.9497777777779,31.36935,10000,8,31820,0.86
4729,0.05,91.06,6,11,0.545,1562.0514375,33.58825,10000,11,31831,1.18
4730,0.05,32.23,3,8,0.375,1280.161076923077,35.17446,10000,8,31839,0.84
4731,0.05,71.87,5,12,0.417,1468.6810740740739,39.07415,10000,12,31851,1.28
4732,0.05,49.08,3,7,0.429,1089.027111111111,38.53817,10000,7,31858,0.73
4733,0.05,88.32,6,11,0.545,1788.0157272727272,38.5799,10000,11,31869,1.15
4734,0.05,53.01,3,5,0.6,1156.114,35.80881,10000,5,31874,0.53
4735,0.05,83.88,7,9,0.778,1876.0894400000002,35.69117,10000,9,31883,0.94
4736,0.05,30.7,2,8,0.25,1183.4196666666667,36.42646,10000,8,31891,0.85
4737,0.05,51.76,4,8,0.5,1592.5903703703705,34.6607,10000,8,31899,0.84
4738,0.05,50.68,3,11,0.273,1613.18509375,40.32036,10000,11,31910,1.16
4739,0.05,54.6,4,12,0.333,1269.03190625,37.6177,10000,12,31922,1.26
4740,0.05,66.67,4,7,0.571,1159.8767096774193,35.24372,10000,7,31929,0.74
4741,0.05,69.89,5,7,0.714,1224.9468000000002,32.83401,10000,7,31936,0.74
4742,0.05,16.84,1,15,0.067,1122.7600909090909,35.71722,10000,15,31951,1.59
4743,0.05,89.38,7,10,0.7,1293.5394666666666,37.28032,10000,10,31961,1.07
4744,0.05,70.18,4,6,0.667,1300.1603076923077,34.00532,10000,6,31967,0.63
4745,0.05,73.58,6,10,0.6,1274.0993846153847,40.28875,10000,10,31977,1.05
4746,0.05,47.7,4,9,0.444,1283.483375,37.20869,10000,9,31986,0.95
4747,0.05,56.13,3,6,0.5,1258.3572173913044,33.26837,10000,6,31992,0.63
4748,0.05,60.74,3,4,0.75,1233.9056666666668,37.68724,10000,4,31996,0.45
4749,0.05,74.27,6,12,0.5,1815.1884000000002,39.94128,10000,12,32008,1.28
4750,0.05,51.96,4,6,0.667,1492.0969599999999,40.67732,10000,6,32014,0.63
4751,0.05,82.57,6,10,0.6,1204.2656,36.31141,10000,10,32024,1.05
4752,0.05,50.46,4,10,0.4,1364.981037037037,37.73144,10000,10,32034,1.07
4753,0.05,79.4,5,6,0.833,1789.898068965517,35.98016,10000,6,32040,0.65
4754,0.05,48.78,4,9,0.444,1443.0186785714286,37.15536,10000,9,32049,0.94
4755,0.05,40.14,2,8,0.25,1357.756307692308,39.81813,10000,8,32057,0.84
4756,0.05,79.11,5,13,0.385,1433.8284545454546,39.69473,10000,13,32070,1.35
4757,0.05,85.6,5,5,1.0,1496.11644,41.25493,10000,5,32075,0.52
4758,0.05,74.27,6,13,0.462,1297.216393939394,36.1652,10000,13,32088,1.36
4759,0.05,75.85,6,11,0.545,1446.9237666666666,34.56107,10000,11,32099,1.17
4760,0.05,24.98,3,6,0.5,1368.0812400000002,37.51323,10000,6,32105,0.65
4761,0.05,41.48,3,6,0.5,1035.2564444444445,33.64009,10000,6,32111,0.63
4762,0.05,67.75,4,6,0.667,1892.9713214285714,40.91253,10000,6,32117,0.63
4763,0.05,54.01,4,11,0.364,1660.1399333333331,38.16264,10000,11,32128,1.15
4764,0.05,83.3,4,7,0.571,1444.5615555555555,38.1553,10000,7,32135,0.73
4765,0.05,56.24,4,10,0.4,1154.7218787878787,36.95674,10000,10,32145,1.05
4766,0.05,64.81,5,7,0.714,1666.1740666666667,37.97732,10000,7,32152,0.73
4767,0.05,48.18,5,8,0.625,1455.6567407407408,34.64697,10000,8,32160,0.84
4768,0.05,70.36,3,7,0.429,1480.08772,39.16262,10000,7,32167,0.73
4769,0.05,77.19,6,10,0.6,1533.0899310344828,36.3869,10000,10,32177,1.04
4770,0.05,26.13,1,8,0.125,1482.3228,37.28513,10000,8,32185,0.83
4771,0.05,15.85,2,7,0.286,1206.9224545454547,38.37099,10000,7,32192,0.73
4772,0.05,49.35,4,10,0.4,1480.158,36.98592,10000,10,32202,1.05
4773,0.05,61.9,5,6,0.833,1580.894346153846,35.49785,10000,6,32208,0.65
4774,0.05,96.61,6,10,0.6,1422.7019310344826,37.03118,10000,10,32218,1.05
4775,0.05,45.03,4,6,0.667,1610.5987931034485,38.73789,10000,6,32224,0.63
4776,0.05,36.48,3,6,0.5,1304.4052173913044,37.29788,10000,6,32230,0.63
4777,0.05,118.97,8,9,0.889,1365.0779062499998,38.82477,10000,9,32239,0.96
4778,0.05,60.43,5,9,0.556,1666.8717666666669,37.17406,10000,9,32248,0.94
4779,0.05,43.34,5,8,0.625,1083.3770689655173,35.0791,10000,8,32256,0.84
4780,0.05,38.63,2,7,0.286,1358.394,34.94476,10000,7,32263,0.73
4781,0.05,96.89,7,11,0.636,1531.053205882353,36.75454,10000,11,32274,1.15
4782,0.05,42.49,2,6,0.333,1428.5990476190477,36.4844,10000,6,32280,0.64
4783,0.05,66.63,3,4,0.75,1656.5831304347828,39.07031,10000,4,32284,0.45
4784,0.05,68.03,4,8,0.5,1633.74134375,40.43941,10000,8,32292,0.84
4785,0.05,75.91,5,6,0.833,1191.2263333333333,35.53693,10000,6,32298,0.63
4786,0.05,36.46,2,6,0.333,1238.5272307692308,35.59528,10000,6,32304,0.63
4787,0.05,35.92,2,7,0.286,1842.3728076923076,38.08685,10000,7,32311,0.73
4788,0.05,52.41,4,10,0.4,1300.97525,40.32028,10000,10,32321,1.06
4789,0.05,38.71,4,7,0.571,1492.11076,39.64591,10000,7,32328,0.74
4790,0.05,56.58,5,11,0.455,1250.9270666666666,38.74542,10000,11,32339,1.15
4791,0.05,18.66,2,9,0.222,942.4609230769231,38.5085,10000,9,32348,0.94
4792,0.05,101.85,6,10,0.6,1493.7489677419355,39.57025,10000,10,32358,1.04
4793,0.05,45.88,3,8,0.375,1464.9325555555556,40.63787,10000,8,32366,0.84
4794,0.05,54.22,4,8,0.5,1428.0955999999999,33.22469,10000,8,32374,0.84
4795,0.05,40.13,3,8,0.375,1044.9739655172414,34.57434,10000,8,32382,0.83
4796,0.05,50.96,4,6,0.667,1388.4908799999998,37.77128,10000,6,32388,0.63
4797,0.05,52.19,4,8,0.5,1247.8736296296297,40.88249,10000,8,32396,0.85
4798,0.05,70.86,6,10,0.6,1451.9022068965517,36.90363,10000,10,32406,1.05
4799,0.05,37.34,2,7,0.286,1604.3897391304347,36.82623,10000,7,32413,0.73
4800,0.05,50.45,3,10,0.3,1044.9260689655173,34.53124,10000,10,32423,1.07
4801,0.05,48.97,4,7,0.571,1571.5532142857141,37.05748,10000,7,32430,0.74
4802,0.05,58.0,5,10,0.5,1501.6880625,39.40222,10000,10,32440,1.06
4803,0.05,51.22,3,6,0.5,1654.0,41.93056,10000,6,32446,0.65
4804,0.05,63.27,5,9,0.556,1543.3179655172412,40.37801,10000,9,32455,0.94
4805,0.05,52.4,4,7,0.571,1301.6687692307692,35.75852,10000,7,32462,0.73
4806,0.05,76.88,6,11,0.545,1336.9045172413794,38.01403,10000,11,32473,1.15
4807,0.05,90.83,6,9,0.667,1415.4253571428574,37.56634,10000,9,32482,0.94
4808,0.05,31.79,2,5,0.4,1200.0428260869564,43.56272,10000,5,32487,0.52
4809,0.05,36.59,3,12,0.25,1680.9549411764706,38.8284,10000,12,32499,1.26
4810,0.05,57.3,4,7,0.571,1279.7285555555557,35.38139,10000,7,32506,0.73
4811,0.05,72.12,4,7,0.571,1136.95408,36.22737,10000,7,32513,0.74
4812,0.05,28.18,4,12,0.333,1298.3329655172415,39.69111,10000,12,32525,1.25
4813,0.05,85.65,6,10,0.6,1434.7986896551722,37.56596,10000,10,32535,1.06
4814,0.05,35.63,4,11,0.364,1555.8697499999998,35.74278,10000,11,32546,1.16
4815,0.05,50.52,3,6,0.5,1658.7185517241378,37.27044,10000,6,32552,0.65
4816,0.05,54.28,4,6,0.667,1762.34,45.73952,10000,6,32558,0.63
4817,0.05,55.36,4,8,0.5,1464.3576071428572,42.1288,10000,8,32566,0.83
4818,0.05,61.99,4,7,0.571,1258.8137826086956,36.66322,10000,7,32573,0.75
4819,0.05,86.48,6,7,0.857,1092.4979615384616,35.84131,10000,7,32580,0.73
4820,0.05,76.73,6,6,1.0,1381.6207037037038,40.47529,10000,6,32586,0.63
4821,0.05,83.43,6,13,0.462,1321.0334666666668,37.70914,10000,13,32599,1.36
4822,0.05,87.4,7,12,0.583,1386.135125,36.92937,10000,12,32611,1.26
4823,0.05,-0.12,0,15,0.0,1140.0,35.5677,10000,15,32626,1.58
4824,0.05,52.06,3,6,0.5,1356.9552,33.28147,10000,6,32632,0.63
4825,0.05,106.58,7,12,0.583,1421.6309642857143,40.74036,10000,12,32644,1.25
4826,0.05,87.02,6,11,0.545,1307.5221851851852,37.72495,10000,11,32655,1.18
4827,0.05,43.93,3,7,0.429,1492.7602592592593,36.50257,10000,7,32662,0.73
4828,0.05,85.5,5,7,0.714,1448.3737037037035,30.87422,10000,7,32669,0.73
4829,0.05,99.3,5,6,0.833,1544.5062222222225,39.71649,10000,6,32675,0.63
4830,0.05,104.86,6,10,0.6,1484.110870967742,41.95065,10000,10,32685,1.05
4831,0.05,79.1,4,5,0.8,1401.2385384615386,36.30563,10000,5,32690,0.53
4832,0.05,62.86,3,5,0.6,1433.4186666666667,38.47217,10000,5,32695,0.52
4833,0.05,51.97,4,5,0.8,1677.9624444444446,38.95801,10000,5,32700,0.52
4834,0.05,66.31,6,11,0.545,1885.3454705882355,34.93555,10000,11,32711,1.14
4835,0.05,56.45,3,6,0.5,1184.03936,38.19752,10000,6,32717,0.63
4836,0.05,63.46,4,10,0.4,1542.057806451613,35.86694,10000,10,32727,1.05
4837,0.05,68.73,5,7,0.714,1684.1025483870967,35.45776,10000,7,32734,0.73
4838,0.05,50.35,3,8,0.375,1863.7417575757574,36.02018,10000,8,32742,0.85
4839,0.05,48.32,5,13,0.385,1442.63128125,33.83182,10000,13,32755,1.37
4840,0.05,41.01,3,8,0.375,1097.7877692307693,38.25997,10000,8,32763,0.84
4841,0.05,89.02,6,10,0.6,1334.5963103448278,37.0307,10000,10,32773,1.05
4842,0.05,54.41,3,9,0.333,1701.7332,36.98843,10000,9,32782,0.96
4843,0.05,63.65,3,7,0.429,1632.7658571428572,34.65282,10000,7,32789,0.73
4844,0.05,75.42,4,6,0.667,1168.2402962962963,34.67279,10000,6,32795,0.62
4845,0.05,35.85,4,8,0.5,1372.4044285714285,36.23845,10000,8,32803,0.83
4846,0.05,17.36,2,12,0.167,1356.7124333333334,33.38702,10000,12,32815,1.25
4847,0.05,43.65,4,12,0.333,1182.5715555555555,37.55805,10000,12,32827,1.26
4848,0.05,55.4,3,8,0.375,1344.0572399999999,41.49459,10000,8,32835,0.86
4849,0.05,68.47,5,6,0.833,1330.906307692308,31.77528,10000,6,32841,0.64
4850,0.05,70.76,6,7,0.857,1284.16032,39.5614,10000,7,32848,0.73
4851,0.05,25.07,2,13,0.154,1298.6082857142858,36.57371,10000,13,32861,1.36
4852,0.05,83.52,6,10,0.6,1362.4597096774191,37.98766,10000,10,32871,1.04
4853,0.05,51.04,3,9,0.333,1229.724,33.4843,10000,9,32880,0.96
4854,0.05,94.1,6,9,0.667,1214.5011428571431,35.05054,10000,9,32889,0.94
4855,0.05,74.36,6,12,0.5,1894.925052631579,35.34231,10000,12,32901,1.26
4856,0.05,66.93,4,6,0.667,1458.8240689655172,33.22351,10000,6,32907,0.63
4857,0.05,41.08,3,7,0.429,1337.5362499999999,32.44873,10000,7,32914,0.74
4858,0.05,61.42,5,7,0.714,1455.661148148148,40.54817,10000,7,32921,0.74
4859,0.05,23.95,2,10,0.2,1045.4995454545453,33.26233,10000,10,32931,1.06
4860,0.05,49.44,3,4,0.75,1258.441125,30.89357,10000,4,32935,0.44
4861,0.05,68.93,4,6,0.667,1292.429153846154,33.1426,10000,6,32941,0.62
4862,0.05,51.61,3,7,0.429,1473.2398461538464,38.31273,10000,7,32948,0.74
4863,0.05,70.25,4,12,0.333,1216.9067666666667,37.24609,10000,12,32960,1.25
4864,0.05,67.69,4,8,0.5,1202.0258148148148,38.36384,10000,8,32968,0.83
4865,0.05,60.31,3,10,0.3,1246.103962962963,31.35389,10000,10,32978,1.06
4866,0.05,45.83,3,12,0.25,1435.5925806451614,37.47499,10000,12,32990,1.25
4867,0.05,23.48,2,5,0.4,1250.0813846153846,34.60094,10000,5,32995,0.52
4868,0.05,66.31,4,7,0.571,1263.021814814815,37.92858,10000,7,33002,0.73
4869,0.05,47.44,3,13,0.231,1611.8601470588235,36.61069,10000,13,33015,1.38
4870,0.05,42.98,3,11,0.273,1103.6478518518518,33.96487,10000,11,33026,1.16
4871,0.05,44.54,3,9,0.333,1233.8757407407409,36.04077,10000,9,33035,0.96
4872,0.05,64.43,5,11,0.455,1440.7703703703705,33.15452,10000,11,33046,1.17
4873,0.05,87.64,7,12,0.583,1582.1982777777778,31.44473,10000,12,33058,1.25
4874,0.05,85.35,7,10,0.7,1720.7779999999998,34.78605,10000,10,33068,1.06
4875,0.05,43.88,3,5,0.6,1618.0296785714286,29.72319,10000,5,33073,0.52
4876,0.05,91.59,7,9,0.778,1187.637,34.2015,10000,9,33082,0.95
4877,0.05,67.74,6,11,0.545,1538.0813793103448,34.8562,10000,11,33093,1.15
4878,0.05,34.4,2,7,0.286,1219.0710952380953,31.15633,10000,7,33100,0.73
4879,0.05,69.51,7,10,0.7,1193.125214285714,36.45409,10000,10,33110,1.04
4880,0.05,79.74,7,8,0.875,1318.0964000000001,36.68248,10000,8,33118,0.85
4881,0.05,85.15,5,10,0.5,1897.3118857142856,37.74069,10000,10,33128,1.06
4882,0.05,84.89,5,11,0.455,1280.2105806451614,34.76106,10000,11,33139,1.15
4883,0.05,15.17,5,10,0.5,1222.8067419354838,35.95598,10000,10,33149,1.07
4884,0.05,54.85,5,11,0.455,1304.08,32.82699,10000,11,33160,1.15
4885,0.05,56.13,3,7,0.429,1137.5842083333334,38.41809,10000,7,33167,0.73
4886,0.05,58.91,5,6,0.833,1518.724777777778,37.64701,10000,6,33173,0.64
4887,0.05,58.59,4,13,0.308,1414.8907187500001,33.97946,10000,13,33186,1.35
4888,0.05,60.18,4,10,0.4,1888.060787878788,37.51999,10000,10,33196,1.05
4889,0.05,84.21,5,11,0.455,1209.7451923076924,36.8665,10000,11,33207,1.15
4890,0.05,55.5,5,10,0.5,1258.4850000000001,34.57363,10000,10,33217,1.06
4891,0.05,20.1,2,11,0.182,1447.8541304347827,36.06513,10000,11,33228,1.15
4892,0.05,70.61,4,9,0.444,1883.5202499999998,31.42656,10000,9,33237,0.94
4893,0.05,54.7,4,12,0.333,1442.5666060606059,37.63566,10000,12,33249,1.26
4894,0.05,49.75,6,8,0.75,1244.8481111111114,38.57097,10000,8,33257,0.84
4895,0.05,48.79,4,8,0.5,1534.5770714285716,36.43088,10000,8,33265,0.83
4896,0.05,35.18,2,4,0.5,1612.5110000000002,34.51587,10000,4,33269,0.42
4897,0.05,88.98,6,8,0.75,1492.5203333333334,35.96385,10000,8,33277,0.85
4898,0.05,54.67,4,10,0.4,1503.2040000000002,34.13809,10000,10,33287,1.05
4899,0.05,62.75,4,7,0.571,1163.0952222222222,35.46976,10000,7,33294,0.75
4900,0.05,82.18,4,5,0.8,1687.5741249999999,31.45558,10000,5,33299,0.52
4901,0.05,67.25,4,7,0.571,1331.3065833333333,37.08641,10000,7,33306,0.74
4902,0.05,41.62,2,4,0.5,1085.7671904761903,38.79388,10000,4,33310,0.42
4903,0.05,60.1,4,8,0.5,1103.5394666666666,36.20924,10000,8,33318,0.84
4904,0.05,44.57,3,9,0.333,1513.7166060606062,34.70868,10000,9,33327,0.95
4905,0.05,46.7,4,11,0.364,1444.360269230769,34.79857,10000,11,33338,1.16
4906,0.05,68.82,4,6,0.667,1440.06428,40.99612,10000,6,33344,0.63
4907,0.05,55.23,5,8,0.625,1652.6587741935487,37.06059,10000,8,33352,0.84
4908,0.05,84.76,4,10,0.4,1884.0007741935485,34.35193,10000,10,33362,1.04
4909,0.05,61.88,4,6,0.667,1430.0986000000003,37.57755,10000,6,33368,0.62
4910,0.05,48.02,3,8,0.375,1103.2346818181818,33.16344,10000,8,33376,0.84
4911,0.05,28.99,3,8,0.375,1036.7596666666666,38.8509,10000,8,33384,0.85
4912,0.05,56.23,3,6,0.5,1382.6814782608694,37.65532,10000,6,33390,0.68
4913,0.05,55.01,3,6,0.5,1654.0081153846154,34.68278,10000,6,33396,0.63
4914,0.05,74.11,4,7,0.571,1553.7393214285714,35.64396,10000,7,33403,0.73
4915,0.05,70.36,5,11,0.455,1673.4705,36.66996,10000,11,33414,1.15
4916,0.05,2.11,1,10,0.1,1288.40864,37.85476,10000,10,33424,1.05
4917,0.05,35.66,4,13,0.308,1591.2227857142857,35.9319,10000,13,33437,1.36
4918,0.05,23.29,3,8,0.375,1611.1153703703706,37.43521,10000,8,33445,0.84
4919,0.05,25.27,2,7,0.286,1291.3622608695653,34.14606,10000,7,33452,0.73
4920,0.05,55.61,4,5,0.8,1343.8169583333333,41.6074,10000,5,33457,0.52
4921,0.05,83.67,5,12,0.417,1178.18572,38.28165,10000,12,33469,1.25
4922,0.05,34.92,4,12,0.333,1144.782392857143,39.91123,10000,12,33481,1.25
4923,0.05,83.11,5,6,0.833,1103.8856296296296,39.77942,10000,6,33487,0.63
4924,0.05,84.79,5,7,0.714,1275.1596923076925,34.02842,10000,7,33494,0.73
4925,0.05,85.9,5,10,0.5,1817.7880294117647,36.36056,10000,10,33504,1.04
4926,0.05,53.12,4,7,0.571,1425.1035714285713,35.19113,10000,7,33511,0.73
4927,0.05,71.99,5,7,0.714,1721.5615,34.84589,10000,7,33518,0.74
4928,0.05,32.27,2,9,0.222,1335.751785714286,36.84823,10000,9,33527,0.95
4929,0.05,68.04,5,11,0.455,1555.9058571428573,38.63851,10000,11,33538,1.14
4930,0.05,82.54,4,10,0.4,1791.0085151515152,35.38526,10000,10,33548,1.04
4931,0.05,47.71,4,8,0.5,1672.4863793103448,35.19382,10000,8,33556,0.83
4932,0.05,52.75,5,12,0.417,1618.1944857142857,40.12053,10000,12,33568,1.27
4933,0.05,75.97,4,8,0.5,1454.0046538461538,37.39716,10000,8,33576,0.83
4934,0.05,61.72,4,7,0.571,1518.832375,38.12932,10000,7,33583,0.74
4935,0.05,74.51,4,7,0.571,1233.4508333333333,36.71764,10000,7,33590,0.75
4936,0.05,51.04,3,7,0.429,1550.111272727273,40.71687,10000,7,33597,0.73
4937,0.05,85.54,5,9,0.556,1341.5158620689656,36.8129,10000,9,33606,0.97
4938,0.05,86.63,5,11,0.455,1767.6591891891892,33.85484,10000,11,33617,1.15
4939,0.05,16.93,1,5,0.2,1021.7438260869566,36.03195,10000,5,33622,0.52
4940,0.05,95.93,6,10,0.6,1409.853193548387,35.6741,10000,10,33632,1.04
4941,0.05,93.7,5,6,0.833,1369.3303846153844,37.95889,10000,6,33638,0.64
4942,0.05,80.33,6,9,0.667,1418.653185185185,34.99992,10000,9,33647,0.94
4943,0.05,85.92,7,12,0.583,1305.6548620689655,37.0464,10000,12,33659,1.27
4944,0.05,52.98,4,6,0.667,1696.04852,34.19278,10000,6,33665,0.63
4945,0.05,42.99,4,9,0.444,1400.9435333333333,35.10807,10000,9,33674,0.99
4946,0.05,63.19,6,11,0.545,1461.6788846153845,33.11331,10000,11,33685,1.16
4947,0.05,62.77,4,7,0.571,1566.7791333333332,36.16205,10000,7,33692,0.73
4948,0.05,63.63,5,12,0.417,1355.2838620689656,37.3868,10000,12,33704,1.25
4949,0.05,42.81,2,5,0.4,1430.1364166666665,37.25018,10000,5,33709,0.53
4950,0.05,38.25,2,8,0.25,1079.29996,34.72609,10000,8,33717,0.84
4951,0.05,80.09,5,11,0.455,1144.9643571428571,37.0716,10000,11,33728,1.17
4952,0.05,43.52,3,7,0.429,1241.7513333333334,34.86151,10000,7,33735,0.74
4953,0.05,54.82,4,6,0.667,1350.1068461538462,36.01559,10000,6,33741,0.65
4954,0.05,77.56,5,5,1.0,1214.6979166666667,41.00088,10000,5,33746,0.53
4955,0.05,94.55,7,12,0.583,1439.0270606060608,42.66757,10000,12,33758,1.26
4956,0.05,77.23,6,8,0.75,1102.062962962963,38.88341,10000,8,33766,0.85
4957,0.05,89.12,7,10,0.7,1230.7861290322578,37.80575,10000,10,33776,1.05
4958,0.05,68.12,5,12,0.417,1567.9389677419356,41.66004,10000,12,33788,1.26
4959,0.05,40.35,3,5,0.6,980.58688,34.89337,10000,5,33793,0.53
4960,0.05,54.86,6,12,0.5,1300.2173870967742,37.86929,10000,12,33805,1.26
4961,0.05,77.74,5,7,0.714,1121.259076923077,31.44161,10000,7,33812,0.73
4962,0.05,77.0,6,6,1.0,1839.4637857142857,38.2841,10000,6,33818,0.63
4963,0.05,98.27,7,10,0.7,1697.0429677419354,35.55931,10000,10,33828,1.05
4964,0.05,55.28,3,7,0.429,1612.08184,37.41842,10000,7,33835,0.74
4965,0.05,69.64,4,4,1.0,1165.3694347826088,35.12217,10000,4,33839,0.42
4966,0.05,67.08,4,7,0.571,1404.5809615384615,35.65182,10000,7,33846,0.73
4967,0.05,38.68,2,7,0.286,1456.7969545454546,37.86213,10000,7,33853,0.73
4968,0.05,29.84,3,10,0.3,1388.2492592592591,39.93409,10000,10,33863,1.04
4969,0.05,118.32,7,11,0.636,1759.7172162162162,37.59497,10000,11,33874,1.16
4970,0.05,43.15,3,7,0.429,1263.184230769231,38.41554,10000,7,33881,0.75
4971,0.05,54.07,5,6,0.833,1446.4026923076924,38.53677,10000,6,33887,0.63
4972,0.05,73.72,4,8,0.5,1612.9915806451613,32.43056,10000,8,33895,0.84
4973,0.05,50.51,4,10,0.4,1484.3681724137932,36.77975,10000,10,33905,1.07
4974,0.05,63.56,4,6,0.667,1448.0708000000002,42.73675,10000,6,33911,0.62
4975,0.05,91.09,5,9,0.556,1806.7578709677416,34.54907,10000,9,33920,0.95
4976,0.05,40.97,4,13,0.308,1253.3913870967742,40.17575,10000,13,33933,1.37
4977,0.05,89.68,6,7,0.857,1298.16632,40.36003,10000,7,33940,0.74
4978,0.05,50.19,4,8,0.5,1515.11952,36.42303,10000,8,33948,0.84
4979,0.05,41.96,5,10,0.5,1463.2996666666666,37.75838,10000,10,33958,1.08
4980,0.05,18.98,4,13,0.308,1579.3165294117648,40.01979,10000,13,33971,1.38
4981,0.05,51.41,3,6,0.5,1037.7301379310345,34.6955,10000,6,33977,0.65
4982,0.05,17.79,2,5,0.4,1098.7681666666667,35.32349,10000,5,33982,0.53
4983,0.05,47.97,4,6,0.667,1393.3182000000002,40.90067,10000,6,33988,0.64
4984,0.05,56.62,3,6,0.5,1340.9762727272728,40.00671,10000,6,33994,0.63
4985,0.05,96.71,7,10,0.7,1701.6142424242423,38.31417,10000,10,34004,1.05
4986,0.05,14.09,2,6,0.333,1513.7173076923077,32.5235,10000,6,34010,0.62
4987,0.05,44.81,2,10,0.2,1447.8898095238096,37.19576,10000,10,34020,1.05
4988,0.05,36.58,2,7,0.286,1592.8999285714287,38.07671,10000,7,34027,0.75
4989,0.05,96.34,6,9,0.667,1407.3590714285715,43.66681,10000,9,34036,0.94
4990,0.05,40.35,5,12,0.417,1384.4825588235294,40.39805,10000,12,34048,1.25
4991,0.05,102.61,6,7,0.857,1710.4668275862068,39.08084,10000,7,34055,0.73
4992,0.05,77.0,6,10,0.6,1596.7852666666665,36.01405,10000,10,34065,1.08
4993,0.05,68.35,7,11,0.636,1325.5243225806453,33.50276,10000,11,34076,1.15
4994,0.05,96.44,6,9,0.667,1562.2656206896552,36.14149,10000,9,34085,0.94
4995,0.05,58.69,4,11,0.364,1878.865696969697,39.17399,10000,11,34096,1.14
4996,0.05,43.54,3,4,0.75,1450.1362500000002,36.17214,10000,4,34100,0.42
4997,0.05,49.8,4,11,0.364,1773.5962647058823,36.55744,10000,11,34111,1.14
4998,0.05,20.87,1,9,0.111,1106.5284347826089,40.33955,10000,9,34120,0.96
4999,0.05,56.81,4,12,0.333,1235.2903703703703,36.94738,10000,12,34132,1.26
5000,0.05,77.79,6,11,0.545,1621.5454545454545,34.56647,10000,11,34143,1.16
